industry,stage,goal,revenue,fixed_cost,variable_cost,total_cost,profit,cash_reserve,debt,growth_rate,customer_count,CAC,LTV,profit_margin,burn_rate,runway_months,debt_ratio,risk_level,health_score,recommendation
Fintech,Startup,Profit Maximization,1792743,894545.290086172,1684840.13615519,2579385.42624136,-786642.426241363,570795.618119519,83303.1913034035,0.333088072887468,44231,114.290068064873,431.800409663191,-0.438792635777333,786642.426241363,0.725610009171287,0.0464668897345596,High,100,Improve margins
Healthcare,Growth,Survival,23544107,9592177.65269937,22356867.0316453,31949044.6843447,-8404937.68434468,35059439.866025,11630440.5865572,0.20582658024414,72032,244.375258388952,615.655074935439,-0.356986896311025,8404937.68434468,4.17129087480659,0.493985207702173,High,100,Reduce costs and extend runway
Manufacturing,Mature,Cost Optimization,250427519,69319797.397041,99790597.81604,169110395.213081,81317123.786919,184940216.392978,157303734.392074,-0.000163108920820138,56986,492.453898613055,1543.18807069715,0.324713210878869,0,32.6385697616717,0.628140769114411,Low,100,Cut operational inefficiencies
Healthcare,Startup,Profit Maximization,3516664,3375131.68696406,2846088.98020004,6221220.6671641,-2704556.6671641,1851380.38633882,274784.005704117,0.242116513256078,23583,104.917205680151,339.209830561945,-0.769068829767103,2704556.6671641,0.684541170394523,0.0781376912051071,High,0,Improve margins
Manufacturing,Growth,Growth,42709731,18613021.9518921,16732067.7496523,35345089.7015444,7364641.29845563,29692583.3456272,7104905.98783443,0.183850163909996,9792,486.313082494051,2048.81993808979,0.172434738548356,0,34.5479745975405,0.166353330294551,Low,100,Invest in expansion
Fintech,Growth,Profit Maximization,49528071,24841341.3867793,29605401.0793316,54446742.466111,-4918671.46611096,71599801.8712636,33462505.9353878,0.27366005506869,82898,422.931879118368,1162.48606061842,-0.0993107820837795,4918671.46611096,14.5567359732353,0.675627078942521,High,100,Improve margins
Fintech,Startup,Growth,1525472,595434.066579221,798958.344018652,1394392.41059787,131079.589402128,995880.179012052,358166.39429078,-0.0929600886424578,87638,368.085804731428,1491.30887245885,0.0859272339329254,0,30.5104883204627,0.234790539774431,Low,100,Invest in expansion
Healthcare,Growth,Profit Maximization,49891129,21781752.8896531,17188624.1474607,38970377.0371139,10920751.9628862,48524979.0514169,13207100.835015,-0.0682208248569882,35322,350.978563698623,1344.50349845938,0.218891658332409,0,26.1911469049855,0.264718419882119,Low,100,Improve margins
Manufacturing,Mature,Growth,84045666,24698304.6631132,23355355.1666783,48053659.8297914,35992006.1702086,97921527.1313893,37738332.7042735,0.285483589977281,91082,68.1951152922941,271.915754874711,0.428243452437019,0,14.661379699484,0.449021758055597,Low,100,Invest in expansion
Fintech,Startup,Profit Maximization,869598,656700.71581177,826996.292331681,1483697.00814345,-614099.008143451,772712.435175327,483855.51817919,-0.0303342727970622,72010,234.672315366033,972.58274575674,-0.706187236106168,614099.008143451,1.25828640810119,0.556412869140902,High,0,Improve margins
Fintech,Startup,Survival,3059034,2632258.71843512,2033705.54113544,4665964.25957056,-1606930.25957056,2979791.76579047,723482.797218308,-0.0472528700848647,95103,411.652434604602,886.285718283564,-0.525306439735734,1606930.25957056,1.85433795153425,0.236506948670171,High,100,Reduce costs and extend runway
Manufacturing,Growth,Profit Maximization,28477595,15466402.0189961,11570468.353496,27036870.3724922,1440724.62750783,13697300.2781805,14755725.5506225,-0.0997398115023421,55116,187.151566171113,388.581952038968,0.0505915133461176,0,24.8181460650106,0.51815209643309,Low,100,Improve margins
Healthcare,Startup,Profit Maximization,1484250,805369.508508932,962198.048157694,1767567.55666663,-283317.556666625,1609263.24563624,431773.789865174,0.38589104136048,62103,161.094228277371,634.23844059382,-0.19088263881868,283317.556666625,5.68006891125997,0.290903681903435,High,100,Improve margins
Manufacturing,Startup,Growth,913168,687661.850211587,936821.523177426,1624483.37338901,-711315.373389013,133570.020325859,252086.417134424,0.217175672350682,46817,115.20269244105,370.156003984953,-0.778953460249388,711315.373389013,0.187778902752339,0.276056998421346,High,0,Stabilize finances
Fintech,Mature,Profit Maximization,493310846,213652599.829725,270721354.775875,484373954.6056,8936891.39439982,728517706.855137,157395538.486241,0.308215936609692,22771,425.886123015157,1116.98440826251,0.0181161461720625,0,16.4764442495965,0.319059553955642,Low,100,Improve margins
Healthcare,Mature,Survival,376241019,104020422.061944,237056591.000631,341077013.062575,35164005.937425,307362681.608287,68173601.0077337,0.222586395204725,83863,473.235469020322,1368.36134007097,0.0934613828946305,0,24.4260324126595,0.18119662015835,Low,100,Reduce costs and extend runway
SaaS,Mature,Survival,411084849,244214973.714662,189403972.650122,433618946.364784,-22534097.364784,189558738.012139,217047553.525096,0.308611100100608,16471,288.342760260203,676.591390357519,-0.0548161709671377,22534097.364784,8.41208480391047,0.527987236827343,High,100,Reduce costs and extend runway
Fintech,Startup,Growth,1341082,550453.726775428,884284.608866378,1434738.33564181,-93656.3356418063,1449040.39106976,908353.614364186,0.328162145939046,59140,338.91424076943,608.178174395466,-0.0698363975072414,93656.3356418063,15.4718885929052,0.677328913790645,High,100,Stabilize finances
Fintech,Growth,Survival,16002109,3735474.47789611,7569022.37781745,11304496.8557136,4697612.14428645,16464609.5833439,64796.8131358645,-0.0195959742912507,77605,361.352838961712,1366.58744049268,0.293562063868359,0,17.3824634270534,0.00404926707697495,Low,100,Reduce costs and extend runway
SaaS,Startup,Cost Optimization,4774351,3713914.23482397,3790612.45304101,7504526.68786498,-2730175.68786498,6153721.9947628,2511739.81597363,0.184154301667736,70191,278.966334577442,1039.75332510202,-0.571842264606222,2730175.68786498,2.25396556789906,0.526090313840275,High,0,Cut operational inefficiencies
Healthcare,Mature,Cost Optimization,183568263,86850027.4625353,74448316.8093792,161298344.271915,22269918.7280855,147532331.640965,84720995.2150505,0.146258846909432,94760,153.5833707087,498.712362776641,0.121316824401642,0,25.7281007810204,0.461523107701087,Low,100,Cut operational inefficiencies
SaaS,Startup,Survival,4418427,2243846.59014858,3601511.68605893,5845358.27620751,-1426931.27620751,5906958.07924778,2642992.65519618,0.376535923511977,3520,242.682866742791,1185.09126934107,-0.322950062591849,1426931.27620751,4.13962338462945,0.598175019117931,High,100,Reduce costs and extend runway
Manufacturing,Startup,Survival,4435868,3070868.92586055,2458830.69619962,5529699.62206017,-1093831.62206017,2411740.65363599,601477.961005555,0.178400631229175,23193,363.213408503738,1269.50862500886,-0.246587955741733,1093831.62206017,2.2048554868926,0.135594197348874,High,100,Reduce costs and extend runway
E-commerce,Mature,Cost Optimization,114785345,29104103.0525089,45793126.7344484,74897229.7869573,39888115.2130427,63312275.554398,77931884.1612064,-0.0316893342789856,78169,211.77101804889,535.266380200935,0.347501810558157,0,31.4246677314843,0.67893583593974,Low,100,Cut operational inefficiencies
Manufacturing,Growth,Growth,14185687,8613945.33735612,10384496.8066351,18998442.1439912,-4812755.14399121,11378663.1545653,9059492.43394533,0.224981965388883,6755,228.55272224625,383.440584276616,-0.33926838678953,4812755.14399121,2.36427219215001,0.63863614317342,High,22.5520473403711,Stabilize finances
Manufacturing,Mature,Profit Maximization,52503771,19198209.1336712,25289230.3145295,44487439.4482007,8016331.55179932,54647845.9389758,13783402.004906,-0.0224791916361279,50400,427.520075931214,1928.72098102943,0.152681062695465,0,18.0060326523807,0.262522133979786,Low,100,Improve margins
E-commerce,Growth,Profit Maximization,8503157,3641274.4848151,5507762.75546086,9149037.24027596,-645880.24027596,10705615.8604953,1847177.63636244,0.382625915195385,87242,88.4063592471956,148.601013699302,-0.0759576990376586,645880.24027596,16.57523360046,0.217234332655794,Medium,100,Improve margins
Fintech,Growth,Profit Maximization,36530803,17114922.7739863,11851147.1343906,28966069.9083768,7564733.09162318,40199706.4657872,1200183.49179717,0.0994104507223973,79734,247.537139317536,439.27874767165,0.207078204429921,0,12.608417841971,0.0328540134143006,Low,100,Improve margins
Healthcare,Growth,Profit Maximization,32657342,16387619.0952874,22382587.6748189,38770206.7701063,-6112864.77010626,11188798.8280955,4087054.4031826,0.0251214490822977,7905,92.2429805365813,197.402836946774,-0.187181944265589,6112864.77010626,1.83036910661137,0.125149634136869,High,100,Improve margins
Healthcare,Startup,Growth,4701020,3428702.66931193,3924196.6776807,7352899.34699263,-2651879.34699263,4496098.04744766,1578038.62837943,0.0238654947505787,67315,121.390901439121,233.140484372526,-0.564107225026192,2651879.34699263,1.69543838883412,0.335680049942232,High,0,Stabilize finances
Healthcare,Growth,Survival,6748014,2736431.47123352,2179565.29854263,4915996.76977615,1832017.23022385,7322411.720829,2559785.3096919,-0.0510829196744993,35347,413.110839672851,1120.3835005458,0.271489838376721,0,23.1521715105507,0.37933906326986,Low,100,Reduce costs and extend runway
Healthcare,Mature,Cost Optimization,368453493,101800557.441829,222827673.484755,324628230.926584,43825262.0734165,230083606.233381,184480217.658877,0.151568129290044,60260,292.719851780028,1139.81398387401,0.118943809479414,0,26.7804279453579,0.500687932571389,Low,100,Cut operational inefficiencies
E-commerce,Startup,Survival,3437690,2803552.006256,2768442.83649706,5571994.84275307,-2134304.84275307,3103250.40367926,353395.503446945,0.305602088368002,93710,473.659163949436,1350.57243009201,-0.62085436521416,2134304.84275307,1.45398648848884,0.102800282587128,High,100,Reduce costs and extend runway
SaaS,Growth,Profit Maximization,40610155,13195914.8563975,23019116.3347427,36215031.1911402,4395123.80885982,25509785.2830644,1265839.07392328,0.209126942168946,27450,82.034891807103,214.637297331534,0.108227210875206,0,32.2770074632669,0.0311705058481869,Low,100,Improve margins
E-commerce,Growth,Cost Optimization,7597480,4040733.0362432,3915547.21052834,7956280.24677155,-358800.246771546,4464820.53984151,5692932.48060856,-0.0804068366621769,33596,411.566418673182,1023.61548442295,-0.0472262180053842,358800.246771546,12.4437499138186,0.749318521484566,High,100,Cut operational inefficiencies
E-commerce,Startup,Growth,791095,768199.711230081,518240.424024492,1286440.13525457,-495345.135254573,536097.193562743,235441.318064193,0.288206480370998,59131,440.202473244375,1525.9765861702,-0.626151265340538,495345.135254573,1.08227002832525,0.297614468634227,High,0,Stabilize finances
Fintech,Startup,Profit Maximization,3841196,2234396.21349778,3780601.30039809,6014997.51389587,-2173801.51389587,2415422.56133077,1641965.24321257,0.148280595341539,828,194.022320463775,899.163712572819,-0.565917884402637,2173801.51389587,1.11115138428709,0.427461978824451,High,0,Improve margins
SaaS,Startup,Growth,4198502,3719445.80510961,3674623.38171507,7394069.18682468,-3195567.18682468,3256061.44096315,1655975.36816499,-0.0583577944023702,89212,299.16637355561,671.493175513225,-0.761120796613811,3195567.18682468,1.01893067821822,0.394420526217444,High,0,Stabilize finances
Healthcare,Mature,Survival,220158648,72448914.9871208,52618537.0384909,125067452.025612,95091195.9743883,322300700.570301,175410300.597086,-0.072064422661325,23814,449.466882241235,1226.23669154385,0.431921238789531,0,14.8096083942625,0.796744993624263,Low,100,Reduce costs and extend runway
Fintech,Startup,Cost Optimization,4508249,2168924.37886637,4396872.59028836,6565796.96915473,-2057547.96915473,981669.094385583,2528114.70874516,-0.0636184968179032,93205,451.35360894955,908.627567184677,-0.456396256984635,2057547.96915473,0.477106297934269,0.560775305167296,High,0,Cut operational inefficiencies
Healthcare,Startup,Cost Optimization,1437682,1143635.172399,902437.728965494,2046072.90136449,-608390.901364492,1915716.95260482,272222.434098591,0.353846853174273,1424,389.020183366524,1095.83428039806,-0.423174875504104,608390.901364492,3.14882577682914,0.189348154945663,High,100,Cut operational inefficiencies
Manufacturing,Startup,Survival,126790,92945.8699388933,69573.5277582884,162519.397697182,-35729.3976971817,32417.2202942357,49967.9495784304,-0.0943231776162905,9535,307.162861342255,1257.34307155337,-0.281799808322279,35729.3976971817,0.907298258117368,0.394100083432687,High,100,Reduce costs and extend runway
Healthcare,Mature,Growth,290687490,145450286.047264,101640260.195032,247090546.242296,43596943.7577042,181627011.971227,66442343.37915,0.33429956409473,67741,55.4695136104174,271.499744140429,0.149978740941704,0,13.0358378868138,0.228569669025489,Low,100,Invest in expansion
Healthcare,Growth,Growth,41892874,21154768.4073997,35123322.5887124,56278090.9961121,-14385216.9961121,44975166.1819074,2528135.98118302,-0.0168922840453736,52628,363.086910043078,1122.26305249439,-0.343381000695062,14385216.9961121,3.12648507103249,0.0603476376718154,High,100,Stabilize finances
Healthcare,Growth,Cost Optimization,44521538,18582726.3056285,40667008.7200267,59249735.0256553,-14728197.0256553,21964632.4508444,33851024.8031607,0.345131891945458,24059,329.059669010692,813.051864431517,-0.330810607343692,14728197.0256553,1.49133206274901,0.760329187261247,High,0,Cut operational inefficiencies
Fintech,Growth,Survival,46241273,15113075.0683875,24681069.5742482,39794144.6426357,6447128.3573643,27952069.5902369,9616330.05964522,0.126620423414416,38188,189.287427328848,823.075220780021,0.139423678006535,0,28.4335481412931,0.20795989028341,Low,100,Reduce costs and extend runway
Healthcare,Startup,Cost Optimization,222402,213387.468410166,151414.866700373,364802.335110539,-142400.335110539,248202.258146423,109139.813125209,0.109121518145309,84891,444.497668666607,1524.87483493705,-0.640283518630852,142400.335110539,1.74298928407546,0.490732156748632,High,0,Cut operational inefficiencies
Healthcare,Mature,Survival,56285088,24160968.4191719,30242023.362251,54402991.7814229,1882096.21857711,83268185.6936325,16963828.8607891,0.274789149988036,62780,486.461479016571,2163.4966775224,0.0334386297588645,0,32.1198889130673,0.301391175950353,Low,100,Reduce costs and extend runway
E-commerce,Startup,Profit Maximization,4565150,1658075.84481167,3573889.02017034,5231964.86498202,-666814.864982017,5983137.29834506,2968812.03346414,0.399858836643065,80742,299.944267521182,1257.20318570941,-0.146066364737636,666814.864982017,8.9727113364613,0.650320807304062,High,100,Improve margins
Healthcare,Growth,Cost Optimization,17243026,6551660.66713771,8503978.35744831,15055639.024586,2187386.97541398,4842241.41504283,13160581.3346791,0.20308731722544,22049,445.199300365637,1847.3531446201,0.126856328779762,0,13.1255152269893,0.763240821806978,Low,100,Cut operational inefficiencies
E-commerce,Growth,Cost Optimization,37043445,20958621.2177594,24998323.988964,45956945.2067233,-8913500.20672333,47899178.4518943,16355624.5018132,0.180468985767693,24385,406.318027761335,1448.46104971097,-0.240622874214948,8913500.20672333,5.37377880080875,0.441525471019588,High,100,Cut operational inefficiencies
Healthcare,Startup,Cost Optimization,4200673,3896223.43111797,2927938.72766034,6824162.15877831,-2623489.15877831,4050159.51300162,3294882.63744158,0.204043924770943,73653,226.50982029488,686.588011341209,-0.624540200767426,2623489.15877831,1.54380646073936,0.784370180073902,High,0,Cut operational inefficiencies
E-commerce,Startup,Cost Optimization,2032247,1360635.79974647,2133658.77196263,3494294.5717091,-1462047.5717091,1692949.51647455,1134224.48033358,0.298235887836939,55579,428.941136758419,1797.78328025503,-0.719424150562946,1462047.5717091,1.15793052786616,0.558113497194771,High,0,Cut operational inefficiencies
Fintech,Startup,Cost Optimization,1949396,857507.604884452,1506470.47262244,2363978.07750689,-414582.077506891,1776893.76912326,532673.564968918,0.168631708357035,24314,107.620627530998,218.648462494543,-0.212672067402873,414582.077506891,4.28598790330902,0.273250568365236,High,100,Cut operational inefficiencies
Fintech,Startup,Profit Maximization,2050367,773789.866775829,1389527.51284464,2163317.37962047,-112950.379620465,322350.626979832,277103.102772868,0.0392951695159793,36768,64.3121066683243,219.979791239499,-0.0550878840814669,112950.379620465,2.85391362174251,0.135148050457732,High,100,Improve margins
Healthcare,Startup,Survival,4346049,1761731.27536442,2653304.98754918,4415036.26291359,-68987.2629135931,2391265.13399683,320879.527991085,0.140572697028147,43321,86.7915643769924,395.554740439336,-0.0158735584696797,68987.2629135931,34.6624149590033,0.0738324689829969,Medium,100,Reduce costs and extend runway
Healthcare,Startup,Cost Optimization,4882883,4163055.22588046,3774467.34543134,7937522.5713118,-3054639.5713118,1749680.6679811,817782.601585861,0.085236051395691,8817,328.214647188633,916.111980973586,-0.625581151813755,3054639.5713118,0.572794474481879,0.167479458669368,High,66.8363260471093,Cut operational inefficiencies
E-commerce,Startup,Cost Optimization,2178007,1124230.72632099,1096912.21573284,2221142.94205383,-43135.9420538247,2792677.47451305,1306135.52050266,-0.0847639236332029,88969,289.677769904761,680.350756519215,-0.0198052357287303,43135.9420538247,64.7413118050922,0.59969298560687,High,100,Cut operational inefficiencies
SaaS,Mature,Growth,296032411,60120720.0041011,91460520.5377778,151581240.541879,144451170.458121,117236889.737265,77559864.6090754,-0.0401189340903744,3696,317.116604099322,1229.41608063974,0.487957281333364,0,30.9401097265761,0.261997881742332,Low,100,Invest in expansion
Healthcare,Growth,Profit Maximization,31089699,15924772.1910544,17526953.6101943,33451725.8012487,-2362026.80124869,35554654.3251527,10736132.2902059,-0.0362098486022181,60104,213.387033379386,802.486823846294,-0.0759745792729834,2362026.80124869,15.0526041052357,0.345327636983744,Medium,100,Improve margins
E-commerce,Mature,Survival,395094085,126623928.224179,214525943.05773,341149871.28191,53944213.7180902,95808522.5445944,48314993.3839371,0.0229788641922541,27239,432.867883026266,782.454879465547,0.136535108385868,0,31.3407572817874,0.122287311347466,Low,100,Reduce costs and extend runway
SaaS,Mature,Profit Maximization,155275634,40389745.3193057,38947639.4024075,79337384.7217132,75938249.2782868,232316842.98964,111377381.627358,0.18799920890283,28846,439.478206652291,1916.01609954106,0.489054511142983,0,18.1896678490786,0.717288210379217,Low,100,Improve margins
Manufacturing,Growth,Growth,47468174,22594835.6793419,28410937.8058276,51005773.4851694,-3537599.48516943,60475193.333806,7787725.84693599,0.383997033252117,64423,241.446397377388,791.132036282647,-0.0745257124314374,3537599.48516943,17.0949802506853,0.164062048119567,Medium,100,Stabilize finances
SaaS,Mature,Growth,126362381,40352132.1676001,44712284.6944715,85064416.8620716,41297964.1379284,39944134.4355426,48638407.0919658,0.166294716275793,20228,216.153716679453,667.901561991769,0.326821668055846,0,25.1664748305157,0.384912081483854,Low,100,Invest in expansion
E-commerce,Growth,Growth,46846355,20754488.3174033,20388250.7399437,41142739.057347,5703615.942653,54544101.3873955,22322803.1154144,0.135788094275079,26714,407.430252484908,763.299137175199,0.121751541665365,0,32.4174590403949,0.476510992486275,Low,100,Invest in expansion
Fintech,Growth,Cost Optimization,33151242,15939869.2434807,29041006.2502447,44980875.4937253,-11829633.4937253,6401331.59220184,19655255.9966495,0.187236556589956,6051,401.681516788137,1766.5122049855,-0.356838319774727,11829633.4937253,0.541126789396918,0.592896519432047,High,0,Cut operational inefficiencies
Healthcare,Growth,Survival,36808285,16737565.2010541,30288437.4075108,47026002.6085649,-10217717.6085649,15826401.0458314,18662052.6676824,0.353933065231258,17084,444.740243365899,1277.986829089,-0.277592873684958,10217717.6085649,1.54891744439727,0.507006850976142,High,100,Reduce costs and extend runway
Manufacturing,Startup,Cost Optimization,3186176,2259207.24710676,2752164.71093645,5011371.9580432,-1825195.9580432,1354436.32264095,2292962.33246214,0.0919456106866057,18481,79.9786005758676,184.077856782573,-0.572848442158626,1825195.9580432,0.742077209119531,0.719659658619655,High,0,Cut operational inefficiencies
Manufacturing,Growth,Cost Optimization,25146754,11474355.4677957,17177746.3282884,28652101.7960841,-3505347.79608412,7417812.17047085,15973724.8835069,0.210036377964257,59479,383.65741001257,1345.11361132294,-0.139395637149992,3505347.79608412,2.11614156482772,0.635220151416237,High,100,Cut operational inefficiencies
Healthcare,Growth,Growth,21559100,9857522.94579666,8983888.60412517,18841411.5499218,2717688.45007817,3168010.759197,9829046.96408736,0.281229342870345,43972,96.3122138348653,325.312294001404,0.126057602129874,0,21.091717573366,0.455911747897053,Low,100,Invest in expansion
Healthcare,Mature,Growth,221200135,48124130.2718015,82372990.3292393,130497120.601041,90703014.3989591,245787325.3857,127417743.271139,0.220573816442649,39766,304.478756295338,1219.93273330103,0.410049543590736,0,26.3767047546558,0.57602922923686,Low,100,Invest in expansion
Fintech,Mature,Cost Optimization,193669065,50310225.3659942,86326118.7105586,136636344.076553,57032720.9234472,134219558.094672,44610447.68693,0.207475131576327,76093,313.803424407559,1026.3287359217,0.294485445692874,0,26.6749016504316,0.230343693180581,Low,100,Cut operational inefficiencies
Fintech,Mature,Survival,489000043,208845896.94501,201464215.2005,410310112.14551,78689930.85449,680443136.188439,276671778.072411,-0.0237304785428693,65410,323.021770872285,964.044698147145,0.160920089846475,0,29.6746616549934,0.565790907450719,Low,100,Reduce costs and extend runway
SaaS,Growth,Profit Maximization,21591661,6531466.75952196,12148218.1292599,18679684.8887819,2911976.11121812,7791334.27416247,14466253.7654115,0.0660732063274695,53273,283.477125706733,1011.86140215099,0.134865775783443,0,21.5760648928831,0.669992631201994,Low,100,Improve margins
SaaS,Startup,Growth,2254697,1102603.56784226,2555795.86795197,3658399.43579423,-1403702.43579423,1278185.11468031,718199.807146735,0.168697801468961,73609,205.855697464683,558.761572970859,-0.62256810373821,1403702.43579423,0.910581247197949,0.318534954872755,High,0,Stabilize finances
E-commerce,Mature,Growth,423955199,117260247.799413,151850781.144115,269111028.943528,154844170.056472,125999412.447931,59824143.972205,0.14918388636974,45865,65.2456221109677,168.996346041466,0.365237106236011,0,30.7318969811061,0.141109589204979,Low,100,Invest in expansion
Manufacturing,Growth,Cost Optimization,46041777,18947961.0748797,34666590.6246119,53614551.6994916,-7572774.6994916,66553317.033547,5475756.92753643,0.107312061863512,96831,290.781373520146,623.906345181478,-0.164476160411697,7572774.6994916,8.7884982287952,0.11893018220249,Medium,100,Cut operational inefficiencies
SaaS,Startup,Cost Optimization,4427858,2745475.4431629,2076085.70050683,4821561.14366973,-393703.143669731,1714446.67751553,675470.519553905,-0.0817251660759526,90497,426.45416598155,1516.50837793507,-0.0889150337860272,393703.143669731,4.354668498542,0.152550176530933,High,100,Cut operational inefficiencies
SaaS,Growth,Profit Maximization,5703662,2807700.01294561,3291530.40252354,6099230.41546915,-395568.415469148,4411914.46982673,2267830.53283016,0.28267814053312,65255,131.867658722872,595.547270658619,-0.06935341110135,395568.415469148,11.1533537494245,0.397609559056999,Medium,100,Improve margins
Manufacturing,Growth,Cost Optimization,34229010,16647321.8033359,22743411.9605307,39390733.7638666,-5161723.7638666,4639430.7504661,4275959.05341864,0.257986114423699,81344,233.59302291418,801.464455299671,-0.150799680267311,5161723.7638666,0.898814226158966,0.124922077892952,High,100,Cut operational inefficiencies
Manufacturing,Mature,Profit Maximization,73656190,12487195.4142142,25211981.4540884,37699176.8683026,35957013.1316974,89851898.6356254,10520735.6414078,0.226373053925937,79211,94.7486267417053,222.763749168953,0.488173677347381,0,29.3344063645358,0.142835729643467,Low,100,Improve margins
Manufacturing,Startup,Cost Optimization,711213,470897.994217694,356835.134796219,827733.129013914,-116520.129013914,84067.2918361776,48651.8230036791,0.00394312757301366,53494,105.249600348219,480.733261019364,-0.163832957234912,116520.129013914,0.721482996522766,0.0684068246835745,High,100,Cut operational inefficiencies
Healthcare,Growth,Cost Optimization,23786176,12181429.6019785,18079593.0987257,30261022.7007042,-6474846.70070419,11017585.6245694,7225144.35722436,0.195147471257404,14696,205.336465196574,864.142257539199,-0.272210493216909,6474846.70070419,1.70159791171136,0.303753926533814,High,100,Cut operational inefficiencies
SaaS,Growth,Growth,8266402,5965231.95882819,5309456.86067682,11274688.819505,-3008286.81950501,2448164.77093502,5743284.33031877,0.143715599124757,90193,261.979453712217,559.948331177831,-0.36391731487351,3008286.81950501,0.813806966497244,0.69477438071833,High,0,Stabilize finances
E-commerce,Mature,Growth,130218637,62717071.9317178,60341124.3431733,123058196.274891,7160440.72510889,86409188.9020851,22712537.5139075,0.222527083884665,51793,492.980981316598,1646.51488876518,0.0549878334628007,0,16.1203028603593,0.174418485995269,Low,100,Invest in expansion
Healthcare,Mature,Cost Optimization,218787089,97426727.3367734,81496699.2599058,178923426.596679,39863662.4033208,174444865.325885,11757688.1599753,0.102624044013844,78511,142.889572292272,219.83352082744,0.182202992806951,0,15.2852551216514,0.0537403199325681,Low,100,Cut operational inefficiencies
SaaS,Mature,Cost Optimization,468386087,149260081.750689,155396213.544134,304656295.294823,163729791.705177,370954001.101765,214818488.395638,0.319053481589148,89663,396.910119678922,1181.65151968618,0.349561603663041,0,20.49291303747,0.458635502543521,Low,100,Cut operational inefficiencies
Manufacturing,Startup,Profit Maximization,2218324,1195789.09192999,2004890.62814194,3200679.72007193,-982355.720071925,1430849.72521368,512332.995942501,0.0778363582324746,91348,374.689787504858,1362.52806366343,-0.44283689851975,982355.720071925,1.45654949218285,0.23095498941656,High,100,Improve margins
E-commerce,Mature,Profit Maximization,389675799,215119872.713898,198753953.105105,413873825.819002,-24198026.8190022,156227469.170602,9721050.45626482,0.0311320221499125,67398,428.68834713952,1912.99065745929,-0.062097843594855,24198026.8190022,6.45620696014437,0.0249465080490277,Medium,100,Improve margins
Manufacturing,Startup,Profit Maximization,1214593,784818.863403633,989700.654297578,1774519.51770121,-559926.517701211,707059.798356722,341582.575145995,0.106396775303376,160,359.781078392481,1087.22088837958,-0.460999295814492,559926.517701211,1.26277248175273,0.281232128907375,High,100,Improve margins
Manufacturing,Mature,Cost Optimization,262239588,77618587.7857605,53869294.7145646,131487882.500325,130751705.499675,28152821.6998487,21628209.1840169,0.0572982784047054,69726,482.944453593853,2059.78101307942,0.498596365624533,0,28.5734455786954,0.0824749968109959,Low,100,Cut operational inefficiencies
SaaS,Mature,Survival,229963197,130396056.374523,116791953.424203,247188009.798725,-17224812.7987254,228705100.421713,139640247.74217,0.262051664636569,58153,491.259560080995,2290.14072228182,-0.0749024758023582,17224812.7987254,13.2776537599663,0.60722867643108,High,100,Reduce costs and extend runway
Fintech,Mature,Profit Maximization,271602280,90319851.9411492,199326489.527358,289646341.468507,-18044061.4685072,295450383.793316,201039642.061007,-0.00971232743633324,56376,262.9445531366,682.339011246569,-0.0664356038119681,18044061.4685072,16.3738293792101,0.740198653932533,High,100,Improve margins
Healthcare,Mature,Growth,340335602,212242031.592136,146688730.791853,358930762.383989,-18595160.3839887,483948065.829186,129113584.722461,0.331021325494657,25610,254.81465826627,848.155945287611,-0.0546377172259183,18595160.3839887,26.0254849022915,0.379371373325971,Medium,100,Stabilize finances
SaaS,Growth,Profit Maximization,27858903,8063606.42150646,15923081.3994922,23986687.8209986,3872215.17900137,5787254.79161861,15518273.1737423,0.0699374818840331,20762,232.018452356833,812.875988439697,0.138993813898608,0,31.2954475056215,0.557031020702512,Low,100,Improve margins
Fintech,Startup,Cost Optimization,1788472,1275707.93391786,1521587.8073179,2797295.74123576,-1008823.74123576,1247537.69692949,1254313.18534113,0.108753042013946,52493,495.6535910038,743.892439452373,-0.564070190215873,1008823.74123576,1.23662602884555,0.70133230228996,High,0,Cut operational inefficiencies
Healthcare,Startup,Cost Optimization,4177151,4053255.04608581,2709155.22679988,6762410.27288568,-2585259.27288568,2468681.7948763,2563729.06263756,0.100965456804621,74072,265.901597085427,939.337336850307,-0.618904912196299,2585259.27288568,0.954906852387281,0.613750631144902,High,0,Cut operational inefficiencies
Fintech,Mature,Growth,128483721,28589367.6580555,42721615.91495,71310983.5730055,57172737.4269945,106837666.149162,75268005.2563822,-0.0983268189785104,34033,183.651294404697,823.653351683058,0.444980398933142,0,29.1732795656218,0.585817445747716,Low,100,Invest in expansion
Healthcare,Startup,Survival,1370464,738754.246470199,1617491.62397576,2356245.87044596,-985781.870445959,347076.364418645,429372.007140399,-0.0377812213515718,43101,409.095194964523,984.462746669939,-0.719305191851781,985781.870445959,0.352082316407006,0.313304112432285,High,0,Reduce costs and extend runway
Fintech,Growth,Profit Maximization,22687991,14370727.4910984,15553355.1295413,29924082.6206397,-7236091.62063972,30973952.8272596,17954094.664945,0.271676411446812,62311,154.25226562255,740.343190555305,-0.318939284692052,7236091.62063972,4.28048101808325,0.791347927850687,High,0,Improve margins
Healthcare,Mature,Growth,251628778,55824834.9370893,96641273.8486853,152466108.785775,99162669.2142254,90841402.7061234,156932710.7451,0.075062629583365,51048,333.400065348269,752.528649981159,0.394083180796695,0,24.4382488002334,0.623667578853403,Low,100,Invest in expansion
Fintech,Growth,Growth,13676924,5484567.68701557,6580713.51000038,12065281.197016,1611642.80298405,10772777.9554576,10901446.9473517,0.348718074023102,8006,150.998257326497,344.783630279909,0.117836642433931,0,24.8873861494419,0.797068620645379,Low,100,Invest in expansion
SaaS,Growth,Growth,23498826,11725539.4856369,19157148.807296,30882688.2929329,-7383862.29293285,6610710.63947964,16707629.1893402,0.377825749114877,26031,65.9400657883453,174.851939063337,-0.314222603841266,7383862.29293285,0.895291701987292,0.710998463895182,High,0,Stabilize finances
SaaS,Startup,Profit Maximization,4606554,1996415.87806884,3316101.11144219,5312516.98951102,-705962.989511023,493431.012110202,2563876.36686735,-0.0756082091634135,41973,86.4707971584416,196.344155214907,-0.153251864519774,705962.989511023,0.698947422798992,0.5565714342798,High,100,Improve margins
Healthcare,Startup,Growth,4266769,2550236.51300841,3191263.85372039,5741500.3667288,-1474731.3667288,3965410.93932147,2814978.54423959,0.0739046039510965,30661,294.70050859883,1333.73348317149,-0.345631874312577,1474731.3667288,2.68890391076268,0.659744772740119,High,0,Stabilize finances
SaaS,Growth,Survival,7366610,3598903.24793069,6034505.19458322,9633408.44251392,-2266798.44251392,2359355.18803971,945284.01594045,0.0670044393726189,51856,363.862157751178,1411.96444738216,-0.307712562836083,2266798.44251392,1.04083148452456,0.128320084264058,High,100,Reduce costs and extend runway
Manufacturing,Growth,Survival,15115078,11714209.2081361,8194555.21252804,19908764.4206641,-4793686.42066414,11361369.4849066,10629787.1929789,-0.0974274146226426,2819,200.803484416614,823.751896570485,-0.317145992939245,4793686.42066414,2.37006939709931,0.703257184182505,High,0,Reduce costs and extend runway
E-commerce,Growth,Cost Optimization,33500556,10672935.0392299,24677770.0239037,35350705.0631336,-1850149.06313358,16812367.4763863,16533915.8215632,0.390593089013712,34932,102.129735551116,287.845895287327,-0.0552274136325852,1850149.06313358,9.08703401871377,0.493541534700594,Medium,100,Cut operational inefficiencies
Healthcare,Mature,Survival,193206866,85459342.8276543,99365579.7609279,184824922.588582,8381943.41141775,279800020.468119,52841639.8183729,0.216310946566974,91457,389.164475322734,1658.16150629133,0.0433832584987831,0,16.1700834073816,0.273497732830949,Low,100,Reduce costs and extend runway
Fintech,Growth,Survival,22560282,9786281.26749339,8633383.82827672,18419665.0957701,4140616.90422989,24635846.1375969,8547168.37674571,-0.0710397697206009,77019,70.5839152156308,321.18355293811,0.183535689147409,0,35.3637352602575,0.378859110748071,Low,100,Reduce costs and extend runway
Healthcare,Mature,Profit Maximization,455427123,133682077.409141,301231659.570103,434913736.979244,20513386.0207559,59648643.8927509,117904696.86454,0.144321595202333,93206,163.628937359772,246.032990465768,0.0450420824425863,0,15.8145187986422,0.258888175319633,Low,100,Improve margins
E-commerce,Startup,Survival,1818224,1003293.29296626,800338.109810338,1803631.40277659,14592.5972234067,1523369.404435,1201367.1667806,0.0491872154949963,51075,87.0714705271292,337.98946802585,0.00802574227565287,0,27.7082691427472,0.660736612639917,Low,100,Reduce costs and extend runway
Manufacturing,Mature,Growth,428973565,108871777.357745,144494910.557438,253366687.915182,175606877.084818,609598155.87107,144041538.775747,0.219262973832043,49001,392.042335297144,1194.96294190569,0.40936526493146,0,19.4868477718831,0.335781853540898,Low,100,Invest in expansion
E-commerce,Growth,Profit Maximization,47862524,22538837.9418516,17677714.8798522,40216552.8217038,7645971.17829621,52691549.0452999,21547719.2688936,0.135766230051256,85630,485.687042561625,1043.90625048793,0.159748599515901,0,32.8469560309347,0.450200229074706,Low,100,Improve margins
Healthcare,Mature,Profit Maximization,457090861,114203346.55172,259794171.826909,373997518.378629,83093342.621371,555601693.353818,107569193.771356,0.355918017479956,53725,327.492641534332,1404.24931755986,0.181787363763046,0,23.5565364363012,0.235334378674782,Low,100,Improve margins
SaaS,Growth,Survival,41210403,16528603.7611247,28427366.2330978,44955969.9942225,-3745566.99422245,13399795.6507268,21479503.8314132,0.0629627319760374,54715,244.961037037245,1211.38865103857,-0.0908888708082386,3745566.99422245,3.5775079370883,0.521215573441812,High,100,Reduce costs and extend runway
SaaS,Startup,Cost Optimization,3403389,1893704.95600523,2371572.57119562,4265277.52720085,-861888.527200852,3199283.56654049,794112.969672702,0.247490943063271,64388,478.691887117423,2239.01681522778,-0.253244200766016,861888.527200852,3.71194587881426,0.233330062967443,High,100,Cut operational inefficiencies
Manufacturing,Growth,Profit Maximization,27750760,14379892.0956987,9747493.10537932,24127385.201078,3623374.79892197,8311179.45698143,11075620.3306174,0.20907786715906,48887,205.707455440178,867.122046574696,0.130568488896231,0,34.5897001015773,0.399110522761085,Low,100,Improve margins
SaaS,Growth,Growth,46839392,20044931.7927181,41678774.9340834,61723706.7268015,-14884314.7268015,58751570.5129501,13407358.1874071,0.0610473511096677,81161,305.393381717701,1195.04320732907,-0.31777344007372,14884314.7268015,3.94721366695901,0.286241080742617,High,100,Stabilize finances
E-commerce,Mature,Cost Optimization,226881769,45145940.2538163,91094190.9699592,136240131.223775,90641637.7762246,224840366.1062,128229170.064727,-0.084206927587179,26115,184.476148851791,880.542725777457,0.399510450644558,0,34.7364111031449,0.565180581189521,Low,100,Cut operational inefficiencies
Fintech,Growth,Survival,17382318,7155363.50542743,14926743.5636422,22082107.0690696,-4699789.06906963,23513814.534277,7614739.85334389,0.308648884981247,74237,266.406724152043,437.610173877507,-0.270377579622559,4699789.06906963,5.0031637992068,0.438073900922989,High,100,Reduce costs and extend runway
Fintech,Growth,Cost Optimization,20053770,11573174.2374739,12639318.34765,24212492.5851239,-4158722.58512392,20262567.0501809,7689079.51961224,0.207871010971121,31990,489.139365118609,1310.47052562109,-0.207378591911841,4158722.58512392,4.87230553022741,0.38342314286103,High,100,Cut operational inefficiencies
Healthcare,Mature,Growth,194773814,35717735.0658958,66771660.4924394,102489395.558335,92284418.4416649,25165866.5298774,101790823.841608,0.0661573126775545,3020,271.97458105271,485.567836521583,0.473803005375583,0,21.678272666972,0.522610415389864,Low,100,Invest in expansion
Healthcare,Startup,Cost Optimization,2046830,1016597.58966783,1300239.17035444,2316836.76002227,-270006.760022267,2692771.69714305,1190713.17365582,0.271353260599991,74231,332.944168192675,1356.32332960728,-0.131914599660092,270006.760022267,9.97297881327484,0.581735255813046,High,100,Cut operational inefficiencies
Fintech,Growth,Growth,7363999,2528024.62234936,5658097.59338852,8186122.21573788,-822123.215737875,4814002.54135417,3571178.4643806,0.198861782627932,76807,239.774417093055,591.978408649744,-0.111640864663055,822123.215737875,5.85557304452653,0.484950970848937,High,100,Stabilize finances
Manufacturing,Growth,Cost Optimization,37371979,15919595.4416421,20282379.2475271,36201974.6891692,1170004.31083084,47477260.8171408,7049613.74704769,0.288000103517715,26823,459.064634299539,977.298513770934,0.0313069936925427,0,17.7010397981731,0.188633675167368,Low,100,Cut operational inefficiencies
E-commerce,Mature,Growth,498330564,116339631.993279,153496238.205483,269835870.198762,228494693.801238,117780802.337519,161467394.589942,0.196459199915891,35146,211.655016229895,756.736101638805,0.458520328288028,0,15.9245729420406,0.324016639264257,Low,100,Invest in expansion
Manufacturing,Startup,Growth,2713275,1526995.52420619,1545300.26644475,3072295.79065094,-359020.790650937,1506589.60011296,1678916.23607785,-0.0345631696408251,12688,156.662535698751,363.670008186648,-0.132320089431015,359020.790650937,4.19638538866059,0.618778500549281,High,100,Stabilize finances
E-commerce,Mature,Cost Optimization,242233741,73543605.5447554,95664805.907629,169208411.452384,73025329.5476156,251231891.68899,28245727.0409984,0.124716917606869,79630,476.862509683145,1136.76737626293,0.301466382206497,0,20.6220179499899,0.116605254595801,Low,100,Cut operational inefficiencies
Fintech,Startup,Profit Maximization,417348,234446.278759422,275160.189225503,509606.467984925,-92258.4679849248,498524.882812229,235513.013545232,0.123184323256293,83410,440.722076230966,978.598793460996,-0.221058847736002,92258.4679849248,5.4035677559017,0.564308475289763,High,100,Improve margins
Healthcare,Growth,Cost Optimization,48859585,14185406.0486144,24222115.321696,38407521.3703104,10452063.6296896,8422198.91880697,25016223.4867363,0.01235058848634,76360,470.243757887557,1225.7121589231,0.213920434029261,0,24.1736354085214,0.512002373469531,Low,100,Cut operational inefficiencies
Fintech,Growth,Survival,14685684,7694745.26134503,7518565.36360335,15213310.6249484,-527626.624948384,1825896.14931036,3796315.77635718,0.386548874035173,15498,254.632935035237,841.456457726617,-0.0359279571144513,527626.624948384,3.46058379728085,0.258504525656223,High,100,Reduce costs and extend runway
E-commerce,Mature,Survival,188491173,34001303.9253174,76038099.8666462,110039403.791964,78451769.2080364,100108023.549283,106260882.847012,0.000926726061474176,4570,123.071852598044,265.739426256686,0.416209247146212,0,29.539907396901,0.563744610189317,Low,100,Reduce costs and extend runway
Healthcare,Growth,Growth,48902446,20461741.8693038,19834110.9393498,40295852.8086535,8606593.1913465,62270487.3713075,36955156.6869285,0.241624014144823,55509,159.866280690068,704.701783050134,0.17599514738683,0,32.7506120629209,0.755691375579219,Low,100,Invest in expansion
SaaS,Mature,Survival,245465560,112805454.870135,111480367.176031,224285822.046166,21179737.9538343,98663706.8859474,129386952.741218,0.0969322028270792,79016,309.733356520287,842.477156603474,0.0862839493810632,0,15.8228986858273,0.527108376186126,Low,100,Reduce costs and extend runway
SaaS,Startup,Growth,2138540,1612710.01064319,1817822.37712699,3430532.38777018,-1291992.38777018,2424738.44073327,1502992.53477231,0.102070160825517,29265,466.55367389632,1415.33872390847,-0.604146935652446,1291992.38777018,1.87674359670033,0.702812449041078,High,0,Stabilize finances
E-commerce,Growth,Growth,9031464,4668893.5163923,3658450.47145233,8327343.98784463,704120.012155375,5653164.98613624,2144931.33271783,0.224537329397197,52024,196.063623455122,545.569652526023,0.077962998264221,0,21.5081445986221,0.237495419648225,Low,100,Invest in expansion
Healthcare,Mature,Survival,258304732,73767101.4588517,124925076.106122,198692177.564973,59612554.4350268,160808258.807471,46963856.1295586,-0.0634020381157782,76843,350.695759349757,1286.42786958754,0.230783826426482,0,23.1238570512137,0.181815701810521,Low,100,Reduce costs and extend runway
Manufacturing,Startup,Cost Optimization,1417191,859794.937100033,1077751.19364305,1937546.13074308,-520355.130743084,192594.686835204,386890.680065072,0.0900978093929285,81989,286.980708771032,677.631420967682,-0.367173606622596,520355.130743084,0.370121625514045,0.272998262100925,High,100,Cut operational inefficiencies
Fintech,Mature,Profit Maximization,113923119,49532390.0075546,44983759.6914496,94516149.6990042,19406969.3009958,125507649.954044,47504494.4815908,0.311196709408529,64206,53.403293740164,201.12542883289,0.170351456941728,0,33.5527331747997,0.416987305988267,Low,100,Improve margins
SaaS,Mature,Profit Maximization,308846478,84738318.857009,106219134.712111,190957453.56912,117889024.43088,115008761.833912,41096744.9852376,0.208675878706487,57816,178.192805882865,458.938222568816,0.381707524056274,0,31.2726215479839,0.133065286194514,Low,100,Improve margins
Manufacturing,Growth,Survival,44858177,16946184.2214304,23015130.6541167,39961314.8755471,4896862.12445291,12140440.8282462,6500823.66788925,0.240558926982491,48813,409.90149294081,879.668260012874,0.109163199486526,0,19.0866789412874,0.144919479627744,Low,100,Reduce costs and extend runway
SaaS,Growth,Growth,33186921,19039240.7759623,25511769.4730164,44551010.2489787,-11364089.2489787,7362669.34544602,21657748.630267,0.0867548415191938,42768,334.91811901731,1617.62494082119,-0.342426742419964,11364089.2489787,0.647889081486025,0.652598914803425,High,0,Stabilize finances
Healthcare,Growth,Survival,45071048,27955486.0224798,28636654.6036637,56592140.6261435,-11521092.6261435,15535215.9231172,13008316.4207318,0.35294555239388,71931,209.039620686223,486.863092328493,-0.255620695266361,11521092.6261435,1.34841515707155,0.28861801528848,High,100,Reduce costs and extend runway
Healthcare,Growth,Survival,48440658,31474833.3660085,31295636.1218518,62770469.4878603,-14329811.4878603,59743896.3757263,29709862.1190757,-0.0251480160215211,64274,155.856013160893,707.961707990806,-0.29582198259694,14329811.4878603,4.16920323245977,0.613324908160325,High,100,Reduce costs and extend runway
SaaS,Mature,Growth,461090896,110196711.222807,169716622.773868,279913333.996675,181177562.003325,194739266.541363,76056450.6724837,0.218980396657985,74796,225.907698157482,808.900278954736,0.392932420863337,0,23.9224046126201,0.164948931614741,Low,100,Invest in expansion
E-commerce,Mature,Profit Maximization,351268564,137667812.196657,180407539.995632,318075352.192289,33193211.8077112,254356124.570906,203599995.187675,-0.0920894541172088,29471,418.418175703655,1511.02014165228,0.0944952529475745,0,20.0934511861301,0.579613481118895,Low,100,Improve margins
Healthcare,Growth,Survival,37355047,20595675.8705876,22426239.5759892,43021915.4465769,-5666868.44657686,24716455.4386614,10966129.2685048,0.071780237387852,72340,424.33840096314,1630.99096338328,-0.151702886268002,5666868.44657686,4.36157212253474,0.293564863363841,High,100,Reduce costs and extend runway
Fintech,Mature,Survival,221849876,70251300.8992512,76766052.1999191,147017353.09917,74832522.9008297,233427046.010518,40967541.5927985,0.128429322440184,74169,351.269129839186,1749.14033400143,0.337311538099889,0,27.8841405563851,0.18466335132321,Low,100,Reduce costs and extend runway
SaaS,Mature,Cost Optimization,356456022,88327842.2987187,189395373.881319,277723216.180037,78732805.8199629,316253322.839549,273081039.585125,-0.0123485288211702,10626,389.677018973382,817.025200079264,0.220876632629769,0,21.8274684721249,0.766100227604304,Low,100,Cut operational inefficiencies
SaaS,Mature,Survival,55311499,19574652.1989396,19615918.5102842,39190570.7092238,16120928.2907762,67127691.4950796,41026876.0279679,0.0173210409277268,56022,118.587205998688,589.816268320672,0.291457085456611,0,34.2480232301831,0.741742255583562,Low,100,Reduce costs and extend runway
Fintech,Startup,Growth,4963059,2369550.21786429,4882606.18713767,7252156.40500196,-2289097.40500196,5744138.22103265,507079.643501764,0.313033815126264,65161,121.686809278541,209.408592970007,-0.461227119202484,2289097.40500196,2.50934635130904,0.102170786908188,High,100,Stabilize finances
Fintech,Startup,Profit Maximization,3370209,1691744.18162657,2496814.15833001,4188558.33995657,-818349.339956573,1464953.9048969,1374301.79513664,0.312643054116448,42785,251.241143227176,904.990739093262,-0.242818572959889,818349.339956573,1.79013268951209,0.407779397401359,High,100,Improve margins
Manufacturing,Growth,Profit Maximization,38427797,17585574.2961366,24554453.7057707,42140028.0019073,-3712231.00190733,30804267.7059104,12210164.3454063,0.169866309379971,87568,221.280482064461,1011.89575613575,-0.096602753519993,3712231.00190733,8.29804710161715,0.317743021943369,Medium,100,Improve margins
Manufacturing,Mature,Survival,345214605,79703870.8303173,109664142.670935,189368013.501253,155846591.498747,118385936.158438,191925812.519827,0.0730498632688928,55349,338.437434805399,1481.90989467609,0.451448430169249,0,15.1805921458044,0.555960871121969,Low,100,Reduce costs and extend runway
SaaS,Mature,Cost Optimization,110980032,50751975.7782658,45107222.4807527,95859198.2590185,15120833.7409815,38263038.2274753,44619839.3984218,0.0993315138861566,50300,349.838098625768,673.846492094522,0.136248237349414,0,23.4776165531537,0.402052861170754,Low,100,Cut operational inefficiencies
Fintech,Startup,Profit Maximization,1064163,551317.320803453,483015.971758367,1034333.29256182,29829.7074381799,288227.562043394,505937.782392056,0.36822458694183,28279,247.78025988481,463.306070071789,0.0280311450766282,0,27.379831552565,0.47543260044942,Low,100,Improve margins
Healthcare,Mature,Cost Optimization,490462465,150882113.438169,285688657.375806,436570770.813975,53891694.1860253,91171811.5753408,306347401.664349,0.12990021188466,55777,497.689842726395,847.183558191829,0.109879344561108,0,28.6808454926053,0.624609268854752,Low,100,Cut operational inefficiencies
SaaS,Mature,Profit Maximization,246128648,48467819.4658588,95603491.410441,144071310.8763,102057337.1237,129115447.659938,19896215.0800912,0.246080670847066,23391,328.123253429234,1219.35972058197,0.414650378787682,0,17.4934705163187,0.0808366488085174,Low,100,Improve margins
Healthcare,Mature,Survival,291607475,87523674.769355,88680596.1481115,176204270.917467,115403204.082533,375363626.980455,168973110.74464,0.296046816880272,57122,252.403091969595,550.536271080968,0.395748442602623,0,20.826224421055,0.579453975741329,Low,100,Reduce costs and extend runway
Fintech,Growth,Cost Optimization,26526982,17086862.1997311,15104428.0279343,32191290.2276654,-5664308.22766542,3062374.81411035,8831447.69515405,0.140672075817662,73394,311.966703400988,1211.49520693548,-0.213530066392981,5664308.22766542,0.54064409827721,0.332923198543809,High,100,Cut operational inefficiencies
Healthcare,Startup,Growth,1826676,1473999.00101779,1541611.14076013,3015610.14177791,-1188934.14177791,691211.986086053,94426.9906167007,-0.0786833953564836,41524,99.3812894048766,339.671156052765,-0.650873029359291,1188934.14177791,0.581371130492078,0.0516933438752689,High,100,Stabilize finances
Healthcare,Mature,Growth,59447933,13939306.31291,21136709.9663705,35076016.2792805,24371916.7207195,67312889.087076,22638635.0891998,0.0879441425728847,26135,436.804354241126,1255.1040328535,0.409970801183609,0,34.9493325755748,0.380814503495013,Low,100,Invest in expansion
SaaS,Startup,Survival,2200343,1319232.56408997,1285679.15559981,2604911.71968978,-404568.719689783,1568062.05911078,448290.17641974,0.320435789712961,20381,163.876294760353,693.868043333542,-0.183866206173212,404568.719689783,3.8758855610813,0.203736497636841,High,100,Reduce costs and extend runway
Fintech,Mature,Profit Maximization,197548961,62892553.2218541,81675622.7125564,144568175.934411,52980785.0655896,82526191.4777843,140558601.123273,0.125309828364879,56592,117.576050367669,479.830000320563,0.268190654091011,0,24.2933260995042,0.711512732903076,Low,100,Improve margins
Healthcare,Startup,Survival,3568792,2791492.58020142,2817172.8615574,5608665.44175881,-2039873.44175881,4364571.16632178,300827.849784402,-0.0822145664822258,16631,381.878761756553,1044.96537927117,-0.571586531733655,2039873.44175881,2.13962840878921,0.0842940271622448,High,100,Reduce costs and extend runway
Fintech,Mature,Survival,155886094,88877838.3727629,77201527.8745823,166079366.247345,-10193272.2473452,93029376.4961309,51396384.7481999,0.174808021859462,76395,169.270892746252,266.315142002211,-0.0653892338039159,10193272.2473452,9.12654682801786,0.329704744210217,Medium,100,Reduce costs and extend runway
Fintech,Startup,Profit Maximization,4739681,2155981.34048239,4956456.76128439,7112438.10176679,-2372757.10176679,2168777.91670886,988558.299262184,-0.06537284685707,78140,288.635959962121,475.334150706897,-0.500615358241786,2372757.10176679,0.914032841833645,0.208570639935933,High,100,Improve margins
E-commerce,Growth,Growth,6003171,3226988.6476385,2205733.58358042,5432722.23121892,570448.768781084,5658794.44607414,2797106.24919412,0.274036589714766,9603,327.424877102788,670.642939069208,0.0950245743093248,0,13.0496550211193,0.465938126565797,Low,100,Invest in expansion
SaaS,Growth,Profit Maximization,10418952,4299487.04135739,5708092.60878474,10007579.6501421,411372.349857865,7451290.49466179,5108950.4711284,0.371537918872354,2561,467.74288978186,1808.26499525707,0.0394830833137407,0,23.9051481283173,0.49035166599562,Low,100,Improve margins
SaaS,Startup,Profit Maximization,2317181,2150349.81825893,1731468.25233015,3881818.07058908,-1564637.07058908,3212764.84580361,467590.479493064,0.277520964373139,16097,428.899348800528,1736.92114284734,-0.675232996727093,1564637.07058908,2.05336106768454,0.201792816138689,High,0,Improve margins
Fintech,Mature,Survival,243389141,88225560.5210304,143459581.198995,231685141.720025,11703999.279975,208189889.138651,141739550.430297,-0.0460281426767678,55831,418.003398435625,939.374766182169,0.0480875984519582,0,24.1404646308439,0.582357741384595,Low,100,Reduce costs and extend runway
Fintech,Startup,Cost Optimization,1699908,1100997.74325288,1332102.54236027,2433100.28561315,-733192.285613153,878117.789898263,768388.324669588,0.244442651025045,6026,309.727752479398,1415.45104207823,-0.431312921412896,733192.285613153,1.19766370586389,0.452017594287213,High,68.4034947197649,Cut operational inefficiencies
Healthcare,Mature,Survival,421761513,191373876.603062,160723345.120658,352097221.72372,69664291.2762802,480131993.083659,297409611.576613,0.0389510486244339,63046,230.67244213758,991.948798022619,0.16517460491062,0,16.8968552310936,0.705160623740017,Low,100,Reduce costs and extend runway
E-commerce,Startup,Survival,2957261,1532908.91161464,2768092.76214504,4301001.67375968,-1343740.67375968,1767076.99496662,1854301.50110326,0.177113257066008,47801,431.621506008847,1916.34507258231,-0.454386905234161,1343740.67375968,1.31504316976763,0.627033427588318,High,0,Reduce costs and extend runway
Fintech,Startup,Cost Optimization,4576321,3647171.35676358,3596269.56987869,7243440.92664227,-2667119.92664227,5302905.86965306,3082501.35396655,0.135159527050893,23862,498.350451932261,1389.94095132506,-0.582808751099905,2667119.92664227,1.988251753017,0.673576297197367,High,0,Cut operational inefficiencies
Healthcare,Growth,Survival,8868452,3103030.10985446,7220995.62377301,10324025.7336275,-1455573.73362748,3101489.38286371,206254.512923278,-0.0165574410725645,61727,407.388799074688,743.674906401596,-0.164129403150344,1455573.73362748,2.13076762187402,0.023257104275163,High,100,Reduce costs and extend runway
Fintech,Startup,Cost Optimization,3314850,1505809.999953,1671036.94395168,3176846.94390468,138003.056095319,2937217.06095668,1486803.29118036,0.201743833298227,65797,319.71603454832,1153.37871320199,0.0416317649653286,0,12.550387470433,0.448528075532937,Low,100,Cut operational inefficiencies
Manufacturing,Startup,Profit Maximization,3907085,2055004.32368766,1985311.34701374,4040315.6707014,-133230.6707014,4470858.97226889,3069309.67556342,0.0049209974282047,10358,248.089549079971,500.169331634381,-0.0340997625343192,133230.6707014,33.557280382451,0.785575352356916,High,100,Improve margins
SaaS,Mature,Growth,430535953,99203498.0033902,212010793.821558,311214291.824948,119321661.175052,526077771.627038,264035136.581596,0.266807915021156,21721,339.154339790836,1008.7698785972,0.277146798876173,0,27.2682567529976,0.613270819177315,Low,100,Invest in expansion
Manufacturing,Mature,Cost Optimization,435697869,215681469.138615,197504654.593944,413186123.732559,22511745.2674414,623238724.769535,70735154.3159885,0.18277498246072,8429,200.53007993387,319.181418096592,0.0516682473547774,0,12.5806023333925,0.162349094059922,Low,100,Cut operational inefficiencies
Healthcare,Growth,Growth,38251322,20245891.1596605,14528687.9138247,34774579.0734852,3476742.9265148,17710953.5437035,13147952.8748566,0.336365125242301,62912,257.779766125572,820.557076597145,0.0908920984878589,0,22.4443295821286,0.343725450191148,Low,100,Invest in expansion
Healthcare,Growth,Cost Optimization,15636547,6563436.35927755,4927696.58772474,11491132.9470023,4145414.05299771,21471266.1701496,9759870.58907102,-0.0964853980931904,13593,151.35066602082,296.605370445833,0.265110580551941,0,21.5720647128895,0.624170450744082,Low,100,Cut operational inefficiencies
Fintech,Startup,Survival,2671165,966391.159377563,2117391.69153573,3083782.85091329,-412617.850913288,402818.818441754,589194.577115185,0.0378061693394727,74097,162.295789932278,397.920719582111,-0.154471120620886,412617.850913288,0.976251554677421,0.220575882476442,High,100,Reduce costs and extend runway
E-commerce,Startup,Growth,2509029,1073608.89703041,1332122.22942245,2405731.12645285,103297.873547149,368975.396715966,125758.963529908,0.353218726672205,15992,289.589307023848,851.055077907686,0.0411704581920531,0,20.3362398302122,0.0501225627642836,Low,100,Invest in expansion
E-commerce,Mature,Survival,62834263,30525746.2314443,22010038.2468799,52535784.4783242,10298478.5216758,10880445.7632324,21051655.642679,0.0300788954810256,71068,272.516509082792,1343.07797783902,0.163899089922895,0,15.4791617371156,0.335034655259329,Low,100,Reduce costs and extend runway
E-commerce,Startup,Survival,1699792,1324917.01634978,914625.640121869,2239542.65647165,-539750.656471646,1618096.90587578,475270.508177758,-0.0429521075560333,7445,374.003617848401,1108.15954299381,-0.317539238019503,539750.656471646,2.99786000530929,0.279605097669455,High,100,Reduce costs and extend runway
SaaS,Mature,Cost Optimization,312949878,153784772.912009,105044591.227778,258829364.139787,54120513.8602131,130929871.380204,101139861.688874,0.171272901697711,55818,368.525793753396,1253.86617606536,0.17293668304358,0,13.9614082979227,0.323182301061239,Low,100,Cut operational inefficiencies
E-commerce,Startup,Cost Optimization,1537188,1493936.58105999,1197876.87781197,2691813.45887196,-1154625.45887196,1593497.15214396,568508.151058721,0.105882770792254,13024,387.177670713099,974.548056973747,-0.751128332300254,1154625.45887196,1.38009874968526,0.369836448800486,High,0,Cut operational inefficiencies
Fintech,Mature,Cost Optimization,492647138,140230693.563217,121450630.976214,261681324.539431,230965813.460569,188146521.152601,101927051.30781,-0.0176468232838521,63970,391.2912580411,1619.70198731444,0.468826053467439,0,12.4306962856438,0.206896667910431,Low,100,Cut operational inefficiencies
Healthcare,Mature,Cost Optimization,207280883,78755106.5737096,133157893.724862,211913000.298571,-4632117.29857138,151674693.888647,163335620.536598,0.286006238154995,29218,298.631126652226,546.355108468877,-0.0223470550276042,4632117.29857138,32.7441392590437,0.7879917249127,High,100,Cut operational inefficiencies
Manufacturing,Startup,Cost Optimization,121253,65202.609846447,84513.2467581843,149715.856604631,-28462.8566046313,79582.4600367225,9060.79746073641,0.120536079125392,95086,141.69490660746,472.078361170884,-0.234739401125178,28462.8566046313,2.79601099574009,0.0747263775802365,High,100,Cut operational inefficiencies
Fintech,Startup,Survival,4614276,3661365.69419247,3126807.28319944,6788172.97739191,-2173896.97739191,3019391.46820103,3377982.51239118,0.16651443362307,7071,363.154603175961,1552.99969303025,-0.471124175795274,2173896.97739191,1.38893034012287,0.732072054725635,High,0,Reduce costs and extend runway
Manufacturing,Startup,Profit Maximization,3114938,2130141.68154441,1449588.79754888,3579730.47909329,-464792.479093292,925124.560060001,503413.025681852,-0.00788758038098694,33480,379.685855615375,1659.72885887486,-0.149214038640028,464792.479093292,1.99040346320731,0.161612534721992,High,100,Improve margins
Healthcare,Growth,Cost Optimization,27931189,12172915.994547,24132371.8058341,36305287.8003812,-8374098.80038116,31719285.7003196,7142939.77114255,0.394207994706038,31952,492.849643566424,1891.41893204403,-0.299811755252566,8374098.80038116,3.78778498515874,0.255733465952436,High,100,Cut operational inefficiencies
Healthcare,Growth,Survival,34754469,23930011.2044677,24234390.4363065,48164401.6407742,-13409932.6407742,9792315.91366157,19097191.4008047,-0.0534847567699864,26919,373.709130066121,1725.00516394593,-0.385847720498165,13409932.6407742,0.730228568329055,0.549488798140023,High,0,Reduce costs and extend runway
Healthcare,Mature,Growth,422977115,234267427.01572,195014682.946451,429282109.962171,-6304994.96217126,362538446.711323,240333159.928971,0.0571750565918742,30190,455.583204848592,1722.48616342739,-0.0149062318942983,6304994.96217126,57.5001960963464,0.568194238898649,High,100,Stabilize finances
SaaS,Startup,Survival,408449,377148.089071347,291617.546425332,668765.635496679,-260316.635496679,341303.610432126,79840.3235794331,-0.0435283957944132,91453,95.28686533559,222.929280982229,-0.637329594384315,260316.635496679,1.31110948703269,0.195471952629173,High,28.1544504543079,Reduce costs and extend runway
Fintech,Growth,Growth,27747442,14779578.3604772,13390892.4062976,28170470.7667748,-423028.766774811,28069495.9829221,13783343.5298007,0.0761874733048272,72616,412.788146451706,1838.17890438598,-0.0152456852337888,423028.766774811,66.3536340493463,0.496742853982745,Medium,100,Stabilize finances
Manufacturing,Mature,Growth,55432019,17359983.2770437,34944386.1067086,52304369.3837522,3127649.61624779,29982481.9672527,169273.161045087,0.24083474120081,76329,435.081766507604,998.568540206126,0.056423158901136,0,32.0889870058306,0.00305370729947772,Low,100,Invest in expansion
Manufacturing,Growth,Growth,41230949,12585743.9533187,26677024.0066768,39262767.9599955,1968181.04000446,48174958.5501656,13467886.3957532,0.279624366530421,55367,442.042017018373,1848.27789197994,0.0477355260487568,0,30.9227362380792,0.326645074207561,Low,100,Invest in expansion
Healthcare,Mature,Cost Optimization,160675058,84102508.0864062,83693189.4191764,167795697.505583,-7120639.5055826,142135869.043674,14266591.5226122,0.123527771903213,2697,152.02867231558,431.098856425611,-0.0443170184234979,7120639.5055826,19.9611100845984,0.0887915753707849,Medium,100,Cut operational inefficiencies
Manufacturing,Mature,Cost Optimization,274860158,66442835.8063898,89246851.0589252,155689686.865315,119170471.134685,43657288.2005156,162696130.83108,0.359038276099575,34618,107.354281740291,426.93822450268,0.433567644004211,0,35.3466317494101,0.591923296613544,Low,100,Cut operational inefficiencies
Manufacturing,Growth,Profit Maximization,39496200,30236025.9138141,20620175.2678629,50856201.1816769,-11360001.1816769,38306665.1453948,17668539.973994,0.214119055231641,94940,176.684539286719,804.734194120673,-0.287622636650537,11360001.1816769,3.37206524301964,0.447347845463461,High,100,Improve margins
Healthcare,Startup,Survival,3670599,1309771.73229192,2863641.35498392,4173413.08727584,-502814.087275841,3281658.99664184,833456.331052869,0.312267404043516,95128,183.757013468878,468.528360947987,-0.13698420537788,502814.087275841,6.52658523236948,0.227062757618816,Medium,100,Reduce costs and extend runway
SaaS,Mature,Survival,59618395,30168365.2460617,30127194.8385486,60295560.0846103,-677165.084610306,55475524.5448551,42558114.2348612,-0.00733491023564278,86810,289.092434255627,1281.70074395237,-0.0113583246347089,677165.084610306,81.9231909701607,0.713841998511722,High,100,Reduce costs and extend runway
Fintech,Mature,Profit Maximization,218194541,100927625.546056,120194574.812169,221122200.358225,-2927659.3582249,41259992.6868702,145120929.896758,0.199489254088605,16388,381.904587091772,1274.92703515738,-0.0134176563025236,2927659.3582249,14.0931671476585,0.665098811508568,High,100,Improve margins
SaaS,Mature,Growth,327828065,158814898.014209,177991505.719009,336806403.733218,-8978338.73321825,270269617.23203,112884948.038793,0.0584732938955596,71953,398.24584507857,1436.3660367181,-0.0273873401693606,8978338.73321825,30.1024081695738,0.344341928256792,Medium,100,Stabilize finances
E-commerce,Startup,Cost Optimization,3719348,2607515.31631901,2853145.12016082,5460660.43647982,-1741312.43647982,4030610.1261213,706478.156586319,0.156181888772895,31359,155.383001066969,660.941200184042,-0.46817679778279,1741312.43647982,2.31469668606367,0.189946774699845,High,100,Cut operational inefficiencies
Manufacturing,Growth,Survival,30528279,17892195.3057544,16313390.3331106,34205585.6388651,-3677306.63886505,24690432.0175002,15486483.8279051,-0.0645338919331133,94005,212.833891942312,671.219936733678,-0.120455746583849,3677306.63886505,6.71427064486539,0.507283225101065,High,100,Reduce costs and extend runway
E-commerce,Mature,Survival,165166587,56187299.9420546,72937470.9799269,129124770.921981,36041816.0780186,125883346.876748,82255562.7871684,0.134871881495342,83475,176.307446982188,392.191336143871,0.218214935191575,0,24.3977430827035,0.498015756583796,Low,100,Reduce costs and extend runway
SaaS,Growth,Growth,6369277,4521579.54332016,3652253.43660813,8173832.97992829,-1804555.97992829,3177449.05211372,2358425.84918999,0.119269244268718,17187,280.700476680387,709.389299032681,-0.283321950031109,1804555.97992829,1.76079273098526,0.370281564012681,High,100,Stabilize finances
SaaS,Startup,Survival,2492919,1937953.10263113,1498384.96250086,3436338.06513199,-943419.065131992,2255322.32029221,59168.3815794625,0.237710103773545,99921,496.767577549582,973.769726804836,-0.378439518143988,943419.065131992,2.39058378577146,0.0237345784517919,High,100,Reduce costs and extend runway
Healthcare,Startup,Survival,3814379,3239131.081026,3222551.67701866,6461682.75804466,-2647303.75804466,1760116.79480784,2058568.02191896,0.048363820552045,64189,479.777230168245,2098.6386762254,-0.694032700485363,2647303.75804466,0.664871490269742,0.539686282332973,High,0,Reduce costs and extend runway
SaaS,Mature,Cost Optimization,269624790,137711702.460578,113185832.603788,250897535.064366,18727254.935634,42272376.5304098,188003483.347653,0.0283471141550229,38311,222.727497370241,689.748701525473,0.0694567251610433,0,20.857272522262,0.697278181830585,Low,100,Cut operational inefficiencies
Manufacturing,Mature,Survival,262960167,80324940.7303267,169673085.708735,249998026.439061,12962140.5609386,55813826.5502556,74632574.5183969,0.370862855809463,36736,355.401480502654,983.296372739476,0.049293171314949,0,26.2478589890049,0.283817033468787,Low,100,Reduce costs and extend runway
E-commerce,Growth,Cost Optimization,35223477,9526654.16094654,17983456.3878712,27510110.5488177,7713366.4511823,11996689.1413138,17974599.2818115,0.270490625137289,30473,423.057979645471,2102.35333246394,0.218983675324906,0,31.6803030988646,0.510301674130907,Low,100,Cut operational inefficiencies
SaaS,Growth,Survival,11981440,3818096.84615806,5276710.72460806,9094807.57076612,2886632.42923388,16464756.9595377,7745019.72709406,0.0080256825058436,73082,417.525441151345,724.759842599661,0.24092533361882,0,21.2974220560478,0.646418103925242,Low,100,Reduce costs and extend runway
Manufacturing,Growth,Survival,9688482,3381998.14770904,3926316.91418284,7308315.06189187,2380166.93810813,12657415.5109114,4575176.68620953,0.0131395541071159,17958,252.55551253187,890.872456883441,0.245669748687991,0,30.2244246180627,0.472228434362528,Low,100,Reduce costs and extend runway
Manufacturing,Growth,Profit Maximization,36457080,10957018.7080878,15262702.3959208,26219721.1040086,10237358.8959914,30483136.7749857,14923527.3960905,-0.0171858264858673,82026,114.167364836859,526.921162601416,0.28080578301914,0,20.3010590577086,0.409345109265209,Low,100,Improve margins
Fintech,Mature,Growth,124042569,54060482.5606125,56026482.686999,110086965.247612,13955603.7523885,71553439.0687863,7116261.53640407,0.104814447447616,11220,354.704287880754,1284.11017233632,0.11250656822811,0,20.750249476741,0.0573695110781208,Low,100,Invest in expansion
Fintech,Growth,Growth,8325315,4024733.70646565,2778312.54122086,6803046.24768651,1522268.75231349,3495645.29608217,6510077.42374958,0.165956353262132,70288,222.89302084361,364.761317918286,0.182848186802961,0,12.7429389820643,0.781961694392294,Low,100,Invest in expansion
Manufacturing,Growth,Profit Maximization,38187633,12079857.6243313,23023909.5014038,35103767.125735,3083865.87426501,29900598.7677919,3972973.59279935,0.317740118191164,22152,480.163473029894,1247.88893255581,0.0807556172508783,0,33.3216881354084,0.104038226008911,Low,100,Improve margins
Fintech,Growth,Survival,48279132,25617626.8454198,17924540.4959585,43542167.3413783,4736964.65862169,31153300.1418457,14889744.1090922,0.0701935521272528,27816,119.365269430319,410.376626372953,0.0981161935268781,0,25.0009154978401,0.308409523789538,Low,100,Reduce costs and extend runway
Healthcare,Mature,Profit Maximization,331068466,129495972.224754,106791362.256709,236287334.481464,94781131.5185365,361731767.101716,46924565.1596457,0.153723183059871,82402,171.611461458853,837.886242075501,0.286288611729443,0,25.3850118300011,0.141736740217492,Low,100,Improve margins
Manufacturing,Startup,Survival,4193886,1862770.94359869,2437124.04371921,4299894.9873179,-106008.987317904,4096286.09465822,1640305.41774777,0.100889400327162,55668,380.560065404636,971.080008938202,-0.0252770312111259,106008.987317904,38.6409322293978,0.391118265433961,Medium,100,Reduce costs and extend runway
SaaS,Growth,Profit Maximization,24382100,10889252.200774,8703932.79486798,19593184.995642,4788915.00435804,26704217.150868,17690536.2074334,-0.0338138104825138,1240,319.604263268146,874.792853420557,0.196411096843916,0,23.0031941896622,0.725554247067867,Low,100,Improve margins
Healthcare,Growth,Profit Maximization,15511846,6574149.2051715,5639483.86552238,12213633.0706939,3298212.92930612,7539914.27071335,10884235.2166437,0.372021046912699,97908,477.100464390248,1572.12162984285,0.212625430223206,0,14.2481380969418,0.701672464814551,Low,100,Improve margins
Fintech,Growth,Profit Maximization,28933622,10744763.2931498,17110529.6835786,27855292.9767284,1078329.02327161,11125334.338819,17633264.7276848,0.0932702534115139,62254,463.43061977287,1282.74736410742,0.0372690644562788,0,29.4171951172788,0.609438553102158,Low,100,Improve margins
Healthcare,Growth,Profit Maximization,10730385,5211135.00780266,5631050.79060973,10842185.7984124,-111800.798412388,9957469.60828795,6924011.3440462,0.138241691889146,48556,76.7622059902764,115.994407643957,-0.010419085467333,111800.798412388,89.064387282449,0.645271473861022,High,100,Improve margins
SaaS,Startup,Growth,2299391,1010258.72577068,1556652.96525001,2566911.69102069,-267520.691020685,1054193.95348394,56638.6904630295,0.385766521195294,50976,466.872173028539,731.544963454658,-0.116344149829535,267520.691020685,3.94060717121291,0.0246320397283583,High,100,Stabilize finances
Healthcare,Growth,Profit Maximization,26614133,13934773.1301003,14517287.3584664,28452060.4885668,-1837927.48856675,26674238.0377845,17454566.2519773,0.0667036610795553,81542,144.817233740241,702.518258095461,-0.0690583265878601,1837927.48856675,14.5132156756552,0.655838243987782,High,100,Improve margins
Manufacturing,Mature,Cost Optimization,272570759,97740672.9234417,201211987.677555,298952660.600997,-26381901.6009966,28141450.0080076,9629801.97032082,0.0708912023683808,9864,383.214259379084,766.419323743906,-0.0967891849359988,26381901.6009966,1.06669528351757,0.035329548942265,High,100,Cut operational inefficiencies
Healthcare,Startup,Profit Maximization,1037635,526010.090428095,1061603.465937,1587613.55636509,-549978.556365094,683531.953112629,600292.173910181,0.0401672303957605,8705,61.0243017204436,156.922813682722,-0.530030845494894,549978.556365094,1.24283382543169,0.578519589171704,High,0,Improve margins
Manufacturing,Growth,Survival,48757228,17489199.7501221,40455323.1385381,57944522.8886602,-9187294.88866019,11765981.1426567,33893850.422131,0.240874322045081,71412,275.280920631688,1178.42377785013,-0.1884293932514,9187294.88866019,1.28067959995268,0.695155401823316,High,100,Reduce costs and extend runway
Fintech,Growth,Cost Optimization,35000601,13356123.2807858,21014862.3325038,34370985.6132896,629615.38671039,14887087.4579158,7868261.07640706,0.301741371648442,70363,232.296212537405,1085.14585757459,0.0179887021571541,0,19.7158968299492,0.224803599126971,Low,100,Cut operational inefficiencies
Healthcare,Mature,Growth,260369424,136692741.014252,93548197.8980221,230240938.912275,30128485.0877255,246020552.126708,74531077.5837858,0.223908722995264,30850,449.896586119429,1467.02001113478,0.115714374694494,0,22.7843938089514,0.286251267290839,Low,100,Invest in expansion
E-commerce,Growth,Survival,37455693,14209467.3118151,24153436.3474149,38362903.65923,-907210.659229949,19644450.3548354,8688825.40346024,0.181644465476907,84327,114.294182602735,481.602714634866,-0.0242209017259392,907210.659229949,21.6536811543967,0.231976095154887,Medium,100,Reduce costs and extend runway
E-commerce,Mature,Profit Maximization,197206093,111048161.499752,91915422.9086857,202963584.408438,-5757491.40843803,218979652.003348,42840585.8285255,0.101223318716835,54338,135.067786127389,572.762812152578,-0.0291953018329815,5757491.40843803,38.0338651799666,0.217237637928994,Medium,100,Improve margins
E-commerce,Growth,Cost Optimization,26911760,11046622.0322448,8972571.60386009,20019193.6361049,6892566.36389507,2835097.17852889,5313971.78418639,0.270452028076036,70912,468.899317427364,2060.10976526202,0.256117264864694,0,15.1183181888568,0.197459095361522,Low,100,Cut operational inefficiencies
SaaS,Mature,Cost Optimization,322077227,155363533.367511,116175106.005158,271538639.372669,50538587.6273311,457406780.656382,108832348.506273,0.0886568307031618,48795,483.835287420549,876.957910799485,0.156914501835708,0,28.4884623960778,0.337907617747445,Low,100,Cut operational inefficiencies
E-commerce,Startup,Growth,2176475,1634783.19932431,1563417.72834511,3198200.92766943,-1021725.92766943,230942.666237019,290695.379064848,0.256523025317159,15472,132.263256495605,327.290444795099,-0.469440690873741,1021725.92766943,0.226031913239007,0.133562470997759,High,100,Stabilize finances
Manufacturing,Startup,Survival,2775480,1075225.87082689,2167220.27880426,3242446.14963114,-466966.149631142,3315459.09473124,1430258.62497758,-0.0759069938033519,17608,274.356859777569,781.346503233992,-0.168246987775499,466966.149631142,7.09999878438755,0.515319377180733,High,100,Reduce costs and extend runway
SaaS,Mature,Profit Maximization,410273553,191939822.695419,169369422.72201,361309245.417429,48964307.5825711,42682297.2011144,281925768.9605,-0.00698849999716719,27464,419.980949067391,1879.92628551871,0.11934551282805,0,17.0878573127678,0.687165348336504,Low,100,Improve margins
SaaS,Growth,Profit Maximization,27148023,16873439.6996589,14439068.8461345,31312508.5457934,-4164485.54579339,31373130.8726717,780531.178687883,0.0973671769224141,90987,343.237892214774,1402.15805985802,-0.153399219744045,4164485.54579339,7.53349496058696,0.0287509399372427,Medium,100,Improve margins
Fintech,Growth,Survival,27864811,13986213.9419251,13226327.4006721,27212541.3425971,652269.657402903,10558015.4765302,19844538.2382572,0.0437047982327899,80198,350.089997247915,1533.94838194228,0.0234083646719478,0,30.7683680383912,0.71217200210894,Low,100,Reduce costs and extend runway
Healthcare,Mature,Growth,320773833,67526596.4550248,95688272.8041402,163214869.259165,157558963.740835,183573657.015644,4959838.60179855,-0.0378158004997449,31981,64.1398196800728,261.478898311375,0.491183966807028,0,19.9258267040737,0.0154621047340808,Low,100,Invest in expansion
Fintech,Growth,Survival,47622487,32389055.8480249,25110313.5028216,57499369.3508464,-9876882.35084643,7539570.50864692,15149573.3517626,0.281154516010969,19711,170.263683407118,386.382564241957,-0.207399549520512,9876882.35084643,0.763355301888433,0.318118063673629,High,100,Reduce costs and extend runway
Fintech,Growth,Survival,7363162,2621982.64097093,5497735.28823064,8119717.92920157,-756555.929201572,4680117.46064821,2166145.95498356,-0.00913040464526851,93674,57.898563514983,146.285360580169,-0.102748782276089,756555.929201572,6.18608258821968,0.294186920644088,Medium,100,Reduce costs and extend runway
SaaS,Mature,Cost Optimization,472038022,137698327.93051,196909296.229135,334607624.159645,137430397.840355,48098350.1273611,113213798.42116,0.223229370818965,52970,445.664801680873,1722.28513946627,0.291142644099027,0,25.1271180329133,0.239840422052189,Low,100,Cut operational inefficiencies
SaaS,Mature,Growth,226713207,73670747.5071835,101986068.382476,175656815.889659,51056391.1103407,118816315.568322,11915113.7255656,0.0141176817468496,92869,321.481312571724,1014.88534750217,0.225202544597857,0,13.4331957353013,0.0525558871634926,Low,100,Invest in expansion
Fintech,Growth,Survival,25035161,12965680.1457109,21911959.9065077,34877640.0522186,-9842479.05221858,21105449.2936482,13037457.3510495,0.222295587371172,61315,84.0222682775379,233.572043186524,-0.393146225511335,9842479.05221858,2.14432250062964,0.520765868094458,High,100,Reduce costs and extend runway
Manufacturing,Growth,Survival,49494022,19237306.5761085,20286741.7990028,39524048.3751113,9969973.62488871,59088467.7644131,22897850.9627809,-0.0265186452058952,55851,336.179618223678,960.996323462059,0.201437935775127,0,28.1791270928655,0.462638719536289,Low,100,Reduce costs and extend runway
Manufacturing,Startup,Growth,656718,438767.423402112,694555.297734847,1133322.72113696,-476604.721136959,497781.457683401,467657.365974749,0.253860675133764,36181,360.54345120703,1715.14983878695,-0.725737258818791,476604.721136959,1.04443249428148,0.712112909916812,High,0,Stabilize finances
Fintech,Startup,Profit Maximization,3977809,2462476.08456406,2198422.28557267,4660898.37013673,-683089.370136729,2370674.20475244,3020179.15707356,0.381155101493892,64905,467.897129156697,1947.85116600161,-0.171725030069752,683089.370136729,3.47051836610767,0.759256957051875,High,100,Improve margins
E-commerce,Growth,Growth,28506142,7284872.49347658,13545419.5056648,20830291.9991414,7675850.00085865,20631556.7092447,4770456.46500358,-0.0750104856701606,93444,111.649578374152,556.286743874719,0.269270040149897,0,24.6535838580939,0.167348372326342,Low,100,Invest in expansion
Fintech,Growth,Growth,45483087,23419397.7089898,28684983.0454118,52104380.7544016,-6621293.75440157,30443817.6489455,34677034.0288174,0.161269858366027,5551,166.793802429241,505.29942260022,-0.145577052727348,6621293.75440157,4.59786542904968,0.762416016943119,High,100,Stabilize finances
Manufacturing,Mature,Profit Maximization,432067557,224291349.263409,153079029.611738,377370378.875147,54697178.1248531,158201842.632694,273963708.467882,0.35394939688981,28101,364.240020752408,1050.18438293078,0.126594041229652,0,34.8695231039479,0.634076093030707,Low,100,Improve margins
E-commerce,Mature,Survival,207502604,111759538.494079,98343725.4816658,210103263.975745,-2600659.97574455,110806372.284176,38519094.9829552,0.129117325196417,31412,123.214884713855,428.516552766538,-0.0125331438045209,2600659.97574455,42.6070202631749,0.185631863120885,Medium,100,Reduce costs and extend runway
Healthcare,Growth,Survival,36279524,10432246.4369386,15192958.3121812,25625204.7491198,10654319.2508802,50670584.3080599,6637027.77109747,0.217181844435844,18701,194.751495346797,870.178370754385,0.293673071644496,0,29.4926746144787,0.182941423682887,Low,100,Reduce costs and extend runway
Manufacturing,Growth,Growth,22256299,8690678.10944751,17209061.7930844,25899739.9025319,-3643440.90253193,11226943.3077428,7083496.71226163,0.359765512328025,67812,70.2100845480271,292.321634098196,-0.163703808190748,3643440.90253193,3.08141221666059,0.318269300401726,High,100,Stabilize finances
SaaS,Mature,Survival,439646739,241025025.704642,177764425.319723,418789451.024364,20857287.9756357,629266391.732858,202984050.363996,0.0785605796502514,53621,496.599030218651,1416.36554118065,0.0474410159917863,0,25.7721900985083,0.461698068830657,Low,100,Reduce costs and extend runway
E-commerce,Startup,Cost Optimization,901849,902553.95441698,621228.198943552,1523782.15336053,-621933.153360531,124930.309439578,605909.892811828,0.275886086519547,34781,480.344042024387,969.633410483282,-0.689620050984734,621933.153360531,0.200874175567798,0.671852929716425,High,0,Cut operational inefficiencies
Healthcare,Startup,Growth,1860511,1140296.16105114,1265256.69148765,2405552.85253879,-545041.852538789,1531903.34115399,1129369.25332344,0.0412480329864261,99103,243.54629443841,1135.69326852533,-0.29295277079189,545041.852538789,2.81061598117361,0.60702100300586,High,100,Stabilize finances
E-commerce,Startup,Growth,4689699,4360535.13583591,3334532.83631715,7695067.97215306,-3005368.97215306,4043965.32484615,767088.010295917,0.0276545382519658,42451,199.204114580237,894.945541756069,-0.640844747637973,3005368.97215306,1.34558031387043,0.16356870884377,High,100,Stabilize finances
Fintech,Growth,Growth,26385690,11495976.3021094,8248575.76032029,19744552.0624296,6641137.93757036,21364192.7430153,8642096.00737727,0.305439290503959,45195,71.438565846428,288.870576835673,0.251694685171029,0,30.573749322496,0.327529657453615,Low,100,Invest in expansion
E-commerce,Mature,Cost Optimization,53792824,13124892.7948968,28724643.5755955,41849536.3704924,11943287.6295077,27221367.5163445,40065324.4048625,0.09591198164175,37144,394.496037732137,591.760121125328,0.222023808036322,0,21.997579883575,0.74480797670824,Low,100,Cut operational inefficiencies
Healthcare,Startup,Cost Optimization,2047238,940013.980212084,1462990.68033958,2403004.66055167,-355766.660551667,865128.645127719,2413.81166426881,0.264672397043998,77887,189.53804225424,769.720922512191,-0.173778847672653,355766.660551667,2.43173051624965,0.00117905766904913,High,100,Cut operational inefficiencies
Fintech,Mature,Growth,472733764,218106318.149878,233563073.924782,451669392.07466,21064371.9253404,640297612.287338,309367091.338415,0.0264068030446003,65558,131.726285490471,368.608812228202,0.0445586364449745,0,33.6465647219796,0.654421399310954,Low,100,Invest in expansion
Fintech,Mature,Survival,68246135,30237818.0173942,35107155.4040706,65344973.4214648,2901161.5785352,21118222.5088569,20784479.4988891,0.107234857769672,64525,369.194372812674,770.000852830058,0.0425102693146681,0,30.7351612182134,0.304551744928693,Low,100,Reduce costs and extend runway
SaaS,Startup,Profit Maximization,1741232,976235.390215181,1533573.78770971,2509809.17792489,-768577.177924892,1915692.70247574,1057283.42887698,-0.0487420179667628,42812,127.440153182867,624.898967499439,-0.441398491369842,768577.177924892,2.49251832802007,0.607204226017545,High,0,Improve margins
E-commerce,Mature,Survival,471916070,211324455.512375,155368340.31393,366692795.826305,105223274.173695,506098648.977078,275214302.176833,0.330845451893673,19973,413.181906740016,902.117456219243,0.222970313712129,0,20.2882068538773,0.583184849324653,Low,100,Reduce costs and extend runway
Fintech,Startup,Profit Maximization,4597968,3349173.0554641,3797683.49621797,7146856.55168207,-2548888.55168207,6556366.41264907,1825425.49237841,0.0902588549349473,44914,278.002692042236,793.789551526453,-0.554351085453851,2548888.55168207,2.572245227561,0.397007002305889,High,0,Improve margins
Fintech,Growth,Growth,46096018,19397526.2083071,38108172.8274687,57505699.0357758,-11409681.0357758,56078862.2820453,22712869.4011589,0.321639045468201,45914,155.738032248179,617.820332697567,-0.247519884163872,11409681.0357758,4.9150245397927,0.492729532541377,High,100,Stabilize finances
Manufacturing,Growth,Growth,18059040,7845218.80099316,17020719.3010901,24865938.1020832,-6806898.10208323,14568477.4622476,10379670.8582847,0.33132023557459,67491,371.484843631969,1795.62210812378,-0.376924692679302,6806898.10208323,2.14025202724703,0.57476315785804,High,35.5432591145495,Stabilize finances
Manufacturing,Mature,Cost Optimization,302501080,70648278.9722215,109147450.225436,179795729.197657,122705350.802343,153084829.334936,210882949.175912,0.236351497104449,86088,81.9012091510784,212.53536283164,0.405636075092171,0,34.4471303650879,0.697131227352684,Low,100,Cut operational inefficiencies
E-commerce,Mature,Profit Maximization,62856498,16013705.4728492,15873022.7763837,31886728.2492329,30969769.7507671,10847153.3251767,27599466.866974,0.0438163645218391,59822,136.142456224794,400.366933604426,0.492705937113568,0,34.4398663641304,0.439086932061885,Low,100,Improve margins
Healthcare,Startup,Survival,1090029,589285.40326321,985756.676461374,1575042.07972458,-485013.079724584,652051.710332783,73179.7821695175,0.0667312967980052,86841,199.60527071692,338.93968932389,-0.444954289954289,485013.079724584,1.34440025968589,0.0671356286571435,High,100,Reduce costs and extend runway
Fintech,Startup,Growth,4673574,2469587.71335802,4396144.57715637,6865732.29051439,-2192158.29051439,3204517.37882313,2807658.17375684,-0.0493135512234204,89216,196.364257666048,941.459315960876,-0.469053938273876,2192158.29051439,1.46180930122121,0.600751838690655,High,0,Stabilize finances
SaaS,Startup,Survival,4808569,3722306.10383552,2553380.73419949,6275686.83803501,-1467117.83803501,1175069.56111853,2107248.40006888,0.389478753520552,62220,382.048243175573,1515.18059983646,-0.30510487382733,1467117.83803501,0.800937409835032,0.438227755506656,High,100,Reduce costs and extend runway
SaaS,Startup,Profit Maximization,843088,402221.604991449,658257.597516995,1060479.20250844,-217391.202508444,326668.031279814,325795.978028424,0.0342668780338037,71391,297.322820838841,1163.78870750523,-0.257851140697583,217391.202508444,1.50267364783138,0.386431758047112,High,100,Improve margins
E-commerce,Mature,Profit Maximization,380624294,132640271.035954,96977561.9776468,229617833.013601,151006460.9864,74475897.9781721,131048868.205188,0.247898738827722,61942,330.64195023062,1246.44306994893,0.396733638306333,0,18.417648668581,0.344299799752635,Low,100,Improve margins
E-commerce,Growth,Profit Maximization,8835598,4208924.38523727,5462185.25365399,9671109.63889125,-835511.638891254,9196783.58864226,4124859.81870499,0.162878109779567,54430,318.950727216216,1445.27250345166,-0.0945619797201337,835511.638891254,11.0073674148294,0.466845573859855,Medium,100,Improve margins
SaaS,Mature,Cost Optimization,368191576,127360627.373951,90939115.1553982,218299742.529349,149891833.470651,416479650.70015,260088710.369874,0.00131631706767157,1913,331.342146288699,930.223792807603,0.407102832441368,0,13.2117346658978,0.706395059863819,Low,100,Cut operational inefficiencies
SaaS,Startup,Growth,3943139,3178723.14620596,3692750.27844887,6871473.42465483,-2928334.42465483,5581561.02882652,695518.280478905,0.262862955182052,2193,134.843272587163,519.633618718254,-0.742640425471897,2928334.42465483,1.90605314127823,0.176386954778643,High,0,Stabilize finances
SaaS,Growth,Cost Optimization,41292378,13582611.9671009,27854617.8302762,41437229.7973771,-144851.797377072,47392835.0385612,30211111.3016237,0.117010486354379,60786,417.76354011507,1376.33968769293,-0.00350795484283013,144851.797377072,327.181546219893,0.731638931078847,High,100,Cut operational inefficiencies
Manufacturing,Growth,Profit Maximization,49761947,27609642.7207203,28586732.0025142,56196374.7232345,-6434427.72323452,21837080.5835734,28426123.0207584,-0.0543042568341118,90580,418.266304916602,700.623255939441,-0.129304179421165,6434427.72323452,3.39378753214065,0.571242178702501,High,100,Improve margins
Fintech,Mature,Survival,433997944,71452438.3675721,149664270.424332,221116708.791904,212881235.208096,597023021.768624,123207096.759968,0.112385765212526,53153,323.029276122846,1245.2942822921,0.490512082260223,0,13.9475802848697,0.283888664596918,Low,100,Reduce costs and extend runway
E-commerce,Growth,Cost Optimization,40580542,30025258.5884059,21759111.0176662,51784369.6060721,-11203827.6060721,34978623.5027609,6502042.27033756,0.208391803926271,97188,164.010726526848,812.969775344118,-0.276088663529237,11203827.6060721,3.12202443063331,0.160225614294101,High,100,Cut operational inefficiencies
Manufacturing,Growth,Cost Optimization,29140496,18623833.1211947,20556631.0484073,39180464.169602,-10039968.169602,24876213.3747615,6267619.8083522,0.0842244599582895,91929,436.920725926074,708.915981316028,-0.34453662592435,10039968.169602,2.47771835074927,0.215082811505755,High,100,Cut operational inefficiencies
Manufacturing,Startup,Cost Optimization,3003609,1726620.79920509,1648069.81920113,3374690.61840622,-371081.618406219,2098447.00005269,1063386.95296576,0.224661162288441,5768,402.79431141021,1195.43859156929,-0.123545247868887,371081.618406219,5.65494731068985,0.354036411851797,High,100,Cut operational inefficiencies
Manufacturing,Growth,Growth,22914627,10771647.9613059,14736063.7980567,25507711.7593626,-2593084.75936259,17354066.4280711,518993.834265424,0.0050146747581408,7396,393.998327633977,1155.93147613663,-0.113162861405625,2593084.75936259,6.69244087198173,0.0226490195221342,Medium,100,Stabilize finances
E-commerce,Startup,Growth,953605,346442.602381819,648685.254736858,995127.857118677,-41522.8571186768,189470.560555043,141626.90082188,0.232109692494484,31274,374.254496889983,1643.9908406712,-0.0435430362872225,41522.8571186768,4.5630424711266,0.148517363920994,High,100,Stabilize finances
Manufacturing,Mature,Survival,218308804,63624615.396158,46573006.4085728,110197621.804731,108111182.195269,157319679.857353,96646213.5762133,0.0274411244574412,32928,209.205121431396,920.490942801211,0.495221357152729,0,30.9430283596725,0.442704150292598,Low,100,Reduce costs and extend runway
Healthcare,Growth,Cost Optimization,29198505,9603515.98247232,16384587.9295588,25988103.9120311,3210401.08796887,15943918.0492172,21106044.5826856,-0.0611796120056094,59600,276.409612648193,602.164073275584,0.109950872072693,0,32.6116025080357,0.722846754746024,Low,100,Cut operational inefficiencies
E-commerce,Mature,Growth,457083083,243401302.426522,220656213.698676,464057516.125198,-6974433.12519807,326766338.287706,223256474.478477,-0.0198172969401284,1800,234.992123996198,946.255074915251,-0.0152585676096835,6974433.12519807,46.8520283185634,0.48843740401234,Medium,100,Stabilize finances
Fintech,Mature,Survival,284542124,51248681.9029732,119240620.030747,170489301.933721,114052822.06628,314770588.853789,166719160.09512,0.15746667495663,70393,293.616324570771,795.202512305258,0.400829305914225,0,21.9408222137239,0.585920839246703,Low,100,Reduce costs and extend runway
E-commerce,Mature,Cost Optimization,497841929,208126738.267576,230364245.233706,438490983.501282,59350945.498718,132316953.036339,84391905.7683739,0.0555012473663401,69266,225.964791107329,524.173191918999,0.119216446107572,0,17.2692941575153,0.169515464352087,Low,100,Cut operational inefficiencies
Fintech,Mature,Growth,220664072,70895649.4863964,94484362.9414103,165380012.427807,55284059.5721933,189168028.196921,122941629.666209,0.251073048090915,8740,141.650211997708,374.867735729822,0.250534937886007,0,25.1204461223829,0.557143845628886,Low,100,Invest in expansion
SaaS,Growth,Growth,10386159,7197899.96991206,6943685.69639109,14141585.6663031,-3755426.66630314,8246457.05352659,7753286.25903597,0.119547782625414,71796,142.813451226269,410.089940020608,-0.361579932129206,3755426.66630314,2.19587753570607,0.746501787526647,High,0,Stabilize finances
SaaS,Mature,Profit Maximization,148727225,50956795.3780582,68721479.9240639,119678275.302122,29048949.697878,18646476.1627245,94323771.4623354,-0.0654770468427001,51040,233.653575571665,1074.72914914959,0.195316961624733,0,17.325611058825,0.63420649085825,Low,100,Improve margins
E-commerce,Startup,Cost Optimization,3481915,2796575.49111259,2522216.37554883,5318791.86666142,-1836876.86666142,2615187.48284143,2435030.40861023,0.00171823756804559,26063,200.13277812659,854.657764657137,-0.527547877148472,1836876.86666142,1.42371409336469,0.699336545725621,High,0,Cut operational inefficiencies
Healthcare,Mature,Profit Maximization,176996392,80159112.1983551,102065032.149247,182224144.347602,-5227752.34760207,36457649.2529028,54915054.9110115,0.301768829731302,43542,176.39688433381,392.985314996892,-0.0295359260634085,5227752.34760207,6.97386693721741,0.310260871933545,Medium,100,Improve margins
Fintech,Mature,Growth,449714595,210347632.306181,243304992.095323,453652624.401505,-3938029.40150482,663054827.43059,162069430.660062,0.156684105112458,90201,245.062504740036,1222.89577576513,-0.00875673025800912,3938029.40150482,168.372238962264,0.360382857176476,Medium,100,Stabilize finances
Manufacturing,Growth,Growth,43168898,14937946.7680117,21931656.1956272,36869602.9636389,6299295.03636107,26831481.055145,2373034.99589644,0.0847870997133866,22110,216.266870314121,358.70401066136,0.145922071866673,0,20.3986785487114,0.0549709421791688,Low,100,Invest in expansion
Manufacturing,Growth,Profit Maximization,18927297,9801379.26893949,12214455.1638049,22015834.4327444,-3088537.43274442,2033527.32490788,12181527.2257727,0.286404786645169,78642,71.895948647771,254.048132580725,-0.1631790018799,3088537.43274442,0.658411098841993,0.643595713945458,High,100,Improve margins
SaaS,Growth,Cost Optimization,8049316,3471582.17287024,5098936.96580091,8570519.13867115,-521203.138671149,8439408.2365185,4884337.06087232,-0.0926858705611622,89891,370.956140637502,1058.40115592123,-0.0647512333558713,521203.138671149,16.1921669505588,0.606801504733113,High,100,Cut operational inefficiencies
Fintech,Startup,Profit Maximization,658981,594154.747220484,443727.160421086,1037881.90764157,-378900.90764157,765868.67347829,314811.200557436,0.227066368513937,66125,310.463039530373,1152.86402382826,-0.574980018606864,378900.90764157,2.02129015273508,0.477724244792242,High,0,Improve margins
E-commerce,Growth,Growth,46457930,14907383.2343162,26424373.6043588,41331756.838675,5126173.16132503,25057434.4440587,8975695.41619768,0.00745631851819792,67265,440.887837920542,1779.07299413845,0.110340111178544,0,29.898081097827,0.193200502394267,Low,100,Invest in expansion
SaaS,Growth,Cost Optimization,42153969,22301024.9879626,18502294.3865403,40803319.3745029,1350649.62549714,43136791.9950289,26851789.9381087,0.0359730197092244,28553,289.963129675596,1081.17566567462,0.0320408648945284,0,29.9575879519655,0.636993160433095,Low,100,Cut operational inefficiencies
Healthcare,Startup,Cost Optimization,1062452,592451.981600387,1027975.22685232,1620427.2084527,-557975.208452703,991718.80368767,224929.61090152,0.230984472396934,99634,400.111359415094,1665.65545028289,-0.525176863004355,557975.208452703,1.7773528082686,0.211708021540286,High,100,Cut operational inefficiencies
Fintech,Growth,Growth,43535371,12804479.7172069,22260025.7372428,35064505.4544497,8470865.54555031,32633512.6190995,9194821.85687935,0.10762048616702,25283,159.528507448339,550.481844998631,0.194574327747208,0,12.9355036958671,0.211203479967573,Low,100,Invest in expansion
E-commerce,Growth,Growth,36328311,13874412.6846582,16668455.1777947,30542867.8624529,5785443.13754712,41077163.6363515,12683509.5273151,0.233385954891949,97637,386.602131367132,1679.59205879684,0.159254393565039,0,28.964108538733,0.349135678983674,Low,100,Invest in expansion
Manufacturing,Mature,Growth,270537946,148386797.968747,117822278.964767,266209076.933514,4328869.06648639,404908629.230919,52267170.4700899,-0.0798245865701502,84848,108.536301423026,171.323532864742,0.0160009681839101,0,20.6502438513957,0.193197188205494,Low,100,Invest in expansion
Manufacturing,Growth,Profit Maximization,6193982,1843746.38639876,2839867.61898362,4683614.00538238,1510367.99461762,755914.047611905,84980.3523893301,0.358301650821206,52756,393.036181025432,643.118444352834,0.243844427481,0,32.0908710679357,0.0137198255321585,Low,100,Improve margins
Manufacturing,Growth,Profit Maximization,8924482,5676744.60242764,4472442.57811405,10149187.1805417,-1224705.18054169,8225794.20309899,4147744.96656418,0.395339578532883,70114,379.851628832759,1468.67311074102,-0.137229833680172,1224705.18054169,6.71655050847479,0.464760303910544,Medium,100,Improve margins
Healthcare,Mature,Growth,496141715,234073305.499062,183524557.186806,417597862.685867,78543852.3141326,312955636.782599,147447738.548468,0.209263529359093,68898,145.236154356438,723.959948789035,0.158309309496648,0,35.5468297888305,0.297188754927547,Low,100,Invest in expansion
Fintech,Growth,Growth,39539689,22688246.9163138,24781921.9703914,47470168.8867051,-7930479.88670514,6907077.39359953,14384992.5382574,0.237393151083705,46746,438.638639583477,826.93099175045,-0.20057011289859,7930479.88670514,0.870953270454507,0.363811474042129,High,100,Stabilize finances
Manufacturing,Startup,Survival,1643812,769461.905713289,790436.242885673,1559898.14859896,83913.8514010385,2406453.178797,91791.3229307059,0.177343854890043,95140,336.17314707202,1209.40219511134,0.05104832632992,0,16.3045442469418,0.0558405236917031,Low,100,Reduce costs and extend runway
Fintech,Growth,Cost Optimization,11876913,7642800.2339065,6222692.98200292,13865493.2159094,-1988580.21590942,4009880.99176876,181905.545275931,0.289551293197893,74202,127.145379519744,392.564728585428,-0.167432414122207,1988580.21590942,2.01645423186258,0.0153158943974693,High,100,Cut operational inefficiencies
Fintech,Growth,Cost Optimization,25122242,16892206.5313512,11931107.248079,28823313.7794302,-3701071.77943017,33519650.2383999,11747156.24982,0.316895975459414,53127,85.3510239156772,349.254386794619,-0.147322511240445,3701071.77943017,9.05674146194503,0.467599836424632,Medium,100,Cut operational inefficiencies
Fintech,Mature,Cost Optimization,383462163,84987882.8623421,114046718.396672,199034601.259015,184427561.740986,83744888.2201115,186162276.945109,0.340486502819829,46323,360.805897016603,1294.83042585413,0.480953740776207,0,24.0378167980308,0.485477564432111,Low,100,Cut operational inefficiencies
Manufacturing,Mature,Survival,357749807,140115894.754204,119347399.459934,259463294.214137,98286512.785863,478818283.945171,35838104.7996628,0.000276488922633239,42888,453.814639605919,1669.67793865339,0.274735334199252,0,35.3611828599557,0.100176447613465,Low,100,Reduce costs and extend runway
Healthcare,Growth,Cost Optimization,35726419,14511451.612342,19187670.2301907,33699121.8425327,2027297.15746731,23377447.3785037,19129599.8489796,0.345946551628281,91136,88.2965687539034,251.609158316281,0.0567450423023733,0,13.7048373370561,0.535446887329503,Low,100,Cut operational inefficiencies
Fintech,Growth,Cost Optimization,31632954,12380103.9198651,20150436.6598303,32530540.5796954,-897586.579695437,7635225.53116265,4238590.33337905,-0.0263622182239545,57224,391.681628113313,1914.21279436735,-0.0283750477333049,897586.579695437,8.50639448481213,0.133992871275286,Medium,100,Cut operational inefficiencies
Fintech,Mature,Survival,403359754,109397099.135715,171241397.937853,280638497.073568,122721256.926432,171632959.148667,41845824.6043991,0.028231530508383,15508,209.16350896133,535.181776389926,0.304247649175312,0,35.4089586515141,0.103743182579388,Low,100,Reduce costs and extend runway
E-commerce,Growth,Survival,32045086,12871407.6089685,26985063.299488,39856470.9084565,-7811384.90845649,47472255.0828164,6956756.51126437,-0.0507085364887938,89562,368.003990154965,1346.99242699857,-0.243762332497922,7811384.90845649,6.07731607636229,0.217092770831209,Medium,100,Reduce costs and extend runway
Healthcare,Growth,Cost Optimization,28659943,10291486.165961,15861765.2664856,26153251.4324466,2506691.56755341,2992019.76363055,3995044.76742615,0.337702812560917,19620,256.81282574613,660.68236087532,0.087463243299312,0,31.7371490684485,0.139394721316304,Low,100,Cut operational inefficiencies
E-commerce,Startup,Survival,2369409,1609460.93683259,1500597.55116527,3110058.48799786,-740649.487997862,2141951.90860969,1264719.13332714,0.288524642825878,87538,139.660679483741,231.468728416968,-0.312588281718294,740649.487997862,2.89199134451555,0.533769869755345,High,100,Reduce costs and extend runway
Healthcare,Startup,Survival,3739688,1990273.75016243,4540632.43189848,6530906.18206091,-2791218.18206091,3110912.55958812,1408717.60132763,0.228027510987852,36783,267.431388491151,1185.73902158572,-0.746377286570672,2791218.18206091,1.1145357892772,0.376693884978541,High,0,Reduce costs and extend runway
SaaS,Mature,Survival,186600593,54572494.4647519,52524965.0585983,107097459.52335,79503133.4766498,127374220.626316,76707881.428383,0.351649007187855,93136,478.150171548391,1010.91498840455,0.426060454570205,0,25.6254556303453,0.411080587661278,Low,100,Reduce costs and extend runway
SaaS,Growth,Cost Optimization,22696350,13172909.1262877,9113614.77152919,22286523.8978169,409826.102183133,31894088.0872192,13465338.0895956,0.039707942088036,3362,306.894837577764,659.347061048336,0.0180569167369702,0,18.6874335147609,0.593282095561428,Low,100,Cut operational inefficiencies
Fintech,Mature,Growth,185535349,71235971.187076,113450845.055482,184686816.242558,848532.7574417,259373463.108189,143964525.107422,0.185630234968549,25905,163.759299807098,783.77368408135,0.00457342906359962,0,33.4556449211271,0.775941220276153,Low,100,Invest in expansion
Fintech,Startup,Profit Maximization,4212732,2400487.81392958,4408693.09075786,6809180.90468744,-2596448.90468744,4389121.02744428,743140.293369425,0.00910376727608611,76637,284.878851565354,1014.52930048574,-0.616333748429152,2596448.90468744,1.69043227445011,0.176403410748518,High,100,Improve margins
Fintech,Startup,Growth,2986569,2352305.90673796,2466031.38208412,4818337.28882207,-1831768.28882207,3435665.56127749,363282.830371518,0.129161797293788,99314,139.777391718324,353.472122810794,-0.613335331888221,1831768.28882207,1.87560052340835,0.121638853939593,High,100,Stabilize finances
E-commerce,Mature,Growth,349212054,85376172.3004681,150298853.256662,235675025.557131,113537028.44287,151350360.311754,253789036.629093,0.134034527117145,91732,397.632328735732,1574.11075621794,0.325123451903724,0,26.7660876787779,0.7267476415035,Low,100,Invest in expansion
E-commerce,Mature,Growth,389660061,227474683.980387,201047975.892564,428522659.872952,-38862598.8729515,256011329.85061,257971498.263873,-0.0146458183437599,30776,393.302000999464,652.520959300592,-0.0997346219502632,38862598.8729515,6.58760189166851,0.662042441819238,High,100,Stabilize finances
SaaS,Mature,Survival,243413262,115367372.248773,139331363.565034,254698735.813807,-11285473.8138072,195165321.947302,9783851.9309681,-0.0825442236718881,53764,433.841897898766,2060.46366406923,-0.0463634303286531,11285473.8138072,17.2934982763885,0.0401944078583857,Medium,100,Reduce costs and extend runway
SaaS,Mature,Profit Maximization,367994081,92817290.579435,138761552.149125,231578842.72856,136415238.27144,276715194.690976,227679718.353157,0.357482932538984,93163,176.4723875751,371.868999206152,0.370699544679469,0,21.1140365500636,0.6187048382258,Low,100,Improve margins
E-commerce,Growth,Profit Maximization,8305610,4518021.93667628,4600918.48531129,9118940.42198757,-813330.421987571,3281496.91900471,3697366.58213278,0.328246701381287,57867,468.115122745259,1336.76303227195,-0.0979254289555579,813330.421987571,4.03464180152708,0.445164964660365,High,100,Improve margins
E-commerce,Growth,Growth,44674354,25393946.093326,22287659.6499858,47681605.7433118,-3007251.74331179,19129372.5382075,12333114.7253633,-0.0849480638943405,23766,182.199157778476,299.762633250142,-0.0673149463630025,3007251.74331179,6.3610812033784,0.276066996410587,Medium,100,Stabilize finances
Fintech,Mature,Growth,171906181,61636065.9808838,94300027.5338013,155936093.514685,15970087.4853149,221303925.627316,130258327.902044,0.342427558848002,97959,207.685962504589,975.139284251078,0.0929000190244172,0,20.1544858151723,0.757729170320198,Low,100,Invest in expansion
Healthcare,Growth,Survival,18405288,7473770.24309327,9879106.76561012,17352877.0087034,1052410.9912966,22312236.3682971,4095237.76634231,-0.0288723801115923,96027,249.259161444682,601.629320776862,0.0571798165449301,0,20.2412808522635,0.22250332438929,Low,100,Reduce costs and extend runway
SaaS,Mature,Survival,310846535,144069813.990427,186483724.019267,330553538.009694,-19707003.0096942,117465021.377299,41003089.175618,0.0199946819349788,82203,317.845775357094,644.163077802394,-0.0633978532515867,19707003.0096942,5.96057255989233,0.131907821252111,High,100,Reduce costs and extend runway
Healthcare,Startup,Profit Maximization,2526105,726671.391096585,1558250.94861576,2284922.33971235,241182.660287652,3452359.1913698,1308555.66353852,0.0365203096639034,32054,456.961898747236,1992.77769496647,0.0954761026511773,0,30.169154752767,0.518013171874691,Low,100,Improve margins
SaaS,Mature,Profit Maximization,425583179,162551904.991912,271107805.628717,433659710.62063,-8076531.62062955,469830549.659357,291484472.460387,0.0783843558116363,78063,459.128868824114,1193.08000500279,-0.0189775630691211,8076531.62062955,58.1723160049653,0.684905999210995,High,100,Improve margins
SaaS,Growth,Growth,16685762,6724745.42459403,8951116.41348729,15675861.8380813,1009900.16191869,21079604.343251,1600379.40128434,0.267462923697447,93764,102.615590986426,398.921810838811,0.0605246653954843,0,34.7975920379058,0.0959128747781697,Low,100,Invest in expansion
Fintech,Mature,Cost Optimization,81087640,16260544.8946824,32282028.9188922,48542573.8135746,32545066.1864254,70171131.7203871,58539634.5395293,0.0719788432788428,41530,346.397609722895,1649.00579933282,0.401356682552673,0,31.7035444151794,0.721930426628883,Low,100,Cut operational inefficiencies
Manufacturing,Growth,Cost Optimization,27158515,10529969.9075264,8686519.67642453,19216489.5839509,7942025.41604909,33170676.4132614,2269463.67731259,0.18842869056635,98714,212.693629439317,387.652825778275,0.292432241455363,0,26.0418826129489,0.0835636144801211,Low,100,Cut operational inefficiencies
Healthcare,Startup,Profit Maximization,4813199,3939529.16472799,3786377.56033389,7725906.72506188,-2912707.72506188,4638584.02592828,3324825.91185104,0.0115310307713784,4106,127.635744625863,445.181995220807,-0.605150072760731,2912707.72506188,1.59253329333953,0.690772584273171,High,0,Improve margins
Healthcare,Startup,Cost Optimization,2685181,1798869.67648477,1245330.10621857,3044199.78270334,-359018.782703341,1889635.49120907,746520.693055506,-0.0748252365153234,1687,62.2625053778668,207.493080298377,-0.133703755055373,359018.782703341,5.26333323560536,0.278015036251004,High,100,Cut operational inefficiencies
Healthcare,Mature,Growth,62275520,18385500.0817072,17904386.0279841,36289886.1096914,25985633.8903086,84497978.4034668,37125152.4539843,-0.0617800694802762,43718,207.868599200757,575.579688431512,0.417268838386394,0,31.3371486160372,0.596143596295692,Low,100,Invest in expansion
SaaS,Growth,Cost Optimization,33189328,17368558.7796731,25253629.8303888,42622188.6100619,-9432860.61006185,45736534.2879177,15019848.2327266,-0.00866380788016594,49323,413.782582502161,1813.47774008237,-0.28421366681669,9432860.61006185,4.84863883593609,0.452550537712805,High,100,Cut operational inefficiencies
Manufacturing,Startup,Growth,1675326,1139290.88220637,825794.982329298,1965085.86453567,-289759.864535669,445806.37967869,1251467.74867149,0.241933225917672,73020,320.756973808233,1533.18026326607,-0.172957301764355,289759.864535669,1.538537369187,0.746999538401176,High,100,Stabilize finances
E-commerce,Growth,Cost Optimization,5685503,2575367.25612446,3868964.60599595,6444331.86212041,-758828.862120414,7955966.37813496,3842773.83802343,0.0119912729325406,29327,102.361318324023,373.085041047494,-0.133467322437507,758828.862120414,10.4845331737955,0.675889861991706,High,100,Cut operational inefficiencies
Manufacturing,Mature,Survival,343497250,76231513.3144995,111346093.218073,187577606.532573,155919643.467428,299161624.119095,110800604.328354,0.316822005237586,18379,193.843424881428,588.047001438811,0.453918171011347,0,33.5822486141926,0.322566204906602,Low,100,Reduce costs and extend runway
E-commerce,Startup,Profit Maximization,222019,141963.66947774,140412.364710406,282376.034188147,-60357.0341881466,226775.480443012,12452.2712440098,0.0976296577155789,69543,300.347603265686,481.169820754277,-0.271855265486947,60357.0341881466,3.75723365956156,0.0560865117130056,High,100,Improve margins
Fintech,Startup,Cost Optimization,1108923,777394.00979928,737892.225374088,1515286.23517337,-406363.235173368,259510.91080405,281839.165670473,0.384337302787179,59650,481.153104013745,1092.96863325601,-0.366448558802882,406363.235173368,0.638618084368124,0.25415575803773,High,100,Cut operational inefficiencies
Fintech,Mature,Profit Maximization,94729321,25209492.2760979,40149197.5061441,65358689.7822419,29370631.2177581,21591061.7745731,23858589.6381949,-0.0784737986421657,81880,242.806056731958,985.850286914835,0.310047944054809,0,31.7873164225092,0.251860663481319,Low,100,Improve margins
Healthcare,Mature,Growth,84613597,38592250.8544309,31144407.4464107,69736658.3008416,14876938.6991584,59552943.9720513,25657583.1015076,0.357530366258611,41347,245.196754708108,581.915841059765,0.175822080925816,0,25.1393157566957,0.303232388306428,Low,100,Invest in expansion
SaaS,Startup,Cost Optimization,3435379,2123980.58002859,1633238.57531461,3757219.1553432,-321840.155343202,3034015.41284175,2276936.58954632,0.256422997930478,40131,484.586244418886,1397.08324210349,-0.0936840317598735,321840.155343202,9.42708783373023,0.662790507116193,High,100,Cut operational inefficiencies
SaaS,Mature,Growth,247968597,106335222.33427,139713128.70221,246048351.03648,1920245.96351975,70761920.4430604,75829243.6983527,0.209671727068456,27486,401.085170817348,2002.08877648496,0.00774390784458789,0,16.5871701227735,0.305801801581967,Low,100,Invest in expansion
SaaS,Growth,Growth,37717050,18136220.2172179,33044717.1216038,51180937.3388217,-13463887.3388217,36655494.7467341,6718947.84807148,0.0536082085106354,46435,462.623921690412,1950.89279031335,-0.356970848431191,13463887.3388217,2.72250456530797,0.178140863298468,High,100,Stabilize finances
E-commerce,Startup,Survival,856079,599125.668596531,512088.029370998,1111213.69796753,-255134.697967529,953608.285177926,472833.472006327,0.0702724177399484,6882,57.466616284669,219.293492110643,-0.298027048867603,255134.697967529,3.73766599672496,0.552324577528858,High,100,Reduce costs and extend runway
Fintech,Growth,Cost Optimization,7659786,3021589.7409328,2467377.88268761,5488967.62362041,2170818.37637959,11218268.5347221,830072.850805166,0.0157376068826491,5795,174.97358930788,284.4642992573,0.283404572448837,0,34.2459923119466,0.108367629435753,Low,100,Cut operational inefficiencies
Manufacturing,Mature,Survival,367612272,103641981.567277,82300764.616526,185942746.183803,181669525.816197,413056604.818382,278431309.695934,0.2908077395982,70222,187.894770216517,308.31709411156,0.494187870355419,0,26.1204533035957,0.757404828138963,Low,100,Reduce costs and extend runway
Healthcare,Mature,Cost Optimization,239831809,59336382.358324,69484818.0128337,128821200.371158,111010608.628842,214049962.687781,144177855.238449,-0.0340173401880191,12305,137.50143999426,251.103262237507,0.462868578991715,0,21.8518990574533,0.601162355567475,Low,100,Cut operational inefficiencies
Manufacturing,Startup,Profit Maximization,3961460,1267879.23381456,2609725.24510503,3877604.47891958,83855.5210804157,1467915.75986297,160230.560587356,0.213228509838464,16072,87.5862116060085,196.100342590435,0.0211678323346483,0,30.0592401020759,0.0404473503676312,Low,100,Improve margins
Healthcare,Startup,Growth,4252092,2136455.60710933,2970141.31306244,5106596.92017176,-854504.920171764,3579907.78222589,548919.082931501,0.185997939141796,53411,183.376403093878,859.633616698409,-0.200961061089874,854504.920171764,4.18945250953768,0.129093886710707,High,100,Stabilize finances
Healthcare,Startup,Cost Optimization,3774942,1953885.78053017,2670294.55411279,4624180.33464296,-849238.33464296,3969638.79955022,171172.27516877,-0.0826636478869668,16528,201.889609647719,870.140024634162,-0.224967253706934,849238.33464296,4.67435187227995,0.0453443457326683,High,100,Cut operational inefficiencies
Manufacturing,Growth,Cost Optimization,47211548,17830491.8809664,26613152.846581,44443644.7275474,2767903.27245258,25337336.2600247,4612058.95632983,-0.0444314263339938,13961,158.239213331067,609.750036463095,0.0586276745776813,0,31.8255524291589,0.0976892127394304,Low,100,Cut operational inefficiencies
SaaS,Growth,Cost Optimization,5287635,2823538.76567819,3307315.92483339,6130854.69051158,-843219.690511581,1135959.33225442,147796.785735943,0.394878206704667,96944,496.661807969494,1016.52034363155,-0.159470101569337,843219.690511581,1.34716888734564,0.0279513971247908,High,100,Cut operational inefficiencies
Fintech,Mature,Cost Optimization,238197341,89516783.6431227,79861297.1033376,169378080.74646,68819260.2535397,192919693.210586,121557224.269945,0.392587277545337,387,328.725486214926,966.178991197397,0.288916996153789,0,22.2596748981664,0.510321499642369,Low,100,Cut operational inefficiencies
Fintech,Startup,Survival,4245295,1929756.60286462,4354872.40955467,6284629.01241929,-2039334.01241929,2977955.61438173,947339.535731481,-0.0354127773784448,26727,321.4364745266,1071.21981056917,-0.480375100533482,2039334.01241929,1.46025888660041,0.223150460858781,High,100,Reduce costs and extend runway
Fintech,Mature,Growth,114052448,32519924.3340396,58190479.9847171,90710404.3187567,23342043.6812433,115527178.843985,71252611.4291344,0.29573177044476,95949,439.503072427492,817.453331944902,0.204660610890555,0,15.0229247131046,0.624735485108872,Low,100,Invest in expansion
E-commerce,Mature,Profit Maximization,466127468,93584910.4221073,177257563.500263,270842473.92237,195284994.07763,627131282.172153,351992720.600374,0.282914519617455,14309,308.911627908094,927.265684276008,0.418951912264544,0,18.6221446651331,0.755142626781166,Low,100,Improve margins
SaaS,Startup,Cost Optimization,4171867,2897407.98619596,4398168.24167862,7295576.22787458,-3123709.22787458,4278654.07017201,2176831.31677326,0.0255400518325839,17753,108.938184347378,394.464009191899,-0.748755707666275,3123709.22787458,1.36973506752524,0.521788282505953,High,0,Cut operational inefficiencies
Fintech,Growth,Profit Maximization,22462554,10972292.2413513,16295134.1689224,27267426.4102737,-4804872.41027368,17294812.489789,16691646.2374574,0.0659857523679227,21167,62.529758409836,230.082184694972,-0.213905881329152,4804872.41027368,3.59943220402888,0.743087639876453,High,100,Improve margins
SaaS,Growth,Survival,32381819,20219737.8567407,20070330.9964616,40290068.8532023,-7908249.85320231,36071932.5271704,12761001.4613383,0.216705870121064,62108,484.38622563368,812.053505808827,-0.24421882702767,7908249.85320231,4.56130410606131,0.394079204177451,High,100,Reduce costs and extend runway
Fintech,Startup,Survival,1296311,737726.464369476,852170.769868847,1589897.23423832,-293586.234238323,1653766.80481936,132208.871606626,0.30010317384179,10653,232.965741811763,466.277462318506,-0.226478240359237,293586.234238323,5.63298483360391,0.101988544112197,High,100,Reduce costs and extend runway
Fintech,Startup,Survival,1286837,899882.856098364,866845.614417878,1766728.47051624,-479891.470516242,1750574.13529371,815536.752436004,0.238180533936362,28935,326.518599880234,1153.97680585593,-0.372923276620304,479891.470516242,3.64785423964827,0.633752955841341,High,63.0298059507945,Reduce costs and extend runway
Healthcare,Mature,Survival,448965434,188319891.922704,285146592.605244,473466484.527948,-24501050.5279483,125209506.82168,158885826.017122,-0.0787650453717334,58355,456.21747970041,2021.23528592153,-0.0545722424767967,24501050.5279483,5.11037298906242,0.353893226481935,High,100,Reduce costs and extend runway
Healthcare,Mature,Cost Optimization,91129759,51978956.5978354,38062775.9040646,90041732.5019,1088026.49810003,67885998.6998156,36376894.1058499,0.0591310206928629,36734,230.912247599708,935.491833108917,0.0119393106054415,0,30.7157012162416,0.399176893531013,Low,100,Cut operational inefficiencies
Manufacturing,Startup,Growth,2079746,955627.971493071,1583609.95206728,2539237.92356035,-459491.923560347,245527.445686841,898948.424011682,0.325575367712991,88414,420.622889359185,1954.11199089707,-0.220936558387585,459491.923560347,0.534345508805434,0.4322395254092,High,100,Stabilize finances
Healthcare,Growth,Profit Maximization,13580504,6577024.65779576,6580172.95299286,13157197.6107886,423306.389211377,20158489.2451217,2452397.00520653,0.0949498731455403,25316,191.713300065003,352.418300501896,0.0311701531262299,0,16.2455268197756,0.180582179071302,Low,100,Improve margins
Manufacturing,Startup,Cost Optimization,2555257,1390732.04664103,1060348.6193272,2451080.66596823,104176.334031771,1914756.15164296,654201.632669814,0.1382306356197,24804,231.216674447552,891.057136531625,0.0407694153784811,0,28.3726005421224,0.256021853249914,Low,100,Cut operational inefficiencies
Healthcare,Mature,Growth,81766658,38556064.7384639,38558358.8210316,77114423.5594955,4652234.44050452,21863324.7719848,37458473.861477,0.028371748154879,79626,442.786739704549,1438.99335169004,0.0568964728936888,0,29.5259805487097,0.458114282492468,Low,100,Invest in expansion
Healthcare,Mature,Growth,259172364,51477100.5494603,82103909.0452147,133581009.594675,125591354.405325,186668166.604484,127949445.164822,0.324979665251603,76086,151.714938554893,520.181723151487,0.484586213078355,0,24.5655259087165,0.493684755542925,Low,100,Invest in expansion
Manufacturing,Growth,Profit Maximization,36949098,17564891.9585517,15485766.35635,33050658.3149018,3898439.68509824,37416918.3551331,24605651.2693675,0.387736514157011,54578,294.955199435445,683.733515913055,0.105508385755404,0,27.3065794042942,0.665933746728202,Low,100,Improve margins
Manufacturing,Mature,Cost Optimization,149699297,60608134.5994823,58983335.3187927,119591469.918275,30107827.081725,67849215.0498664,36858470.5275504,0.206818951494692,71332,489.664254445329,1668.14058395617,0.201122033871175,0,15.2565196270147,0.246216724234519,Low,100,Cut operational inefficiencies
Manufacturing,Mature,Growth,328898584,160759391.609013,141912516.549675,302671908.158688,26226675.8413121,188203653.810676,247746634.873094,0.164856983054184,33467,465.848472160076,2288.77406485263,0.0797409205060976,0,31.9969045583202,0.753261482187147,Low,100,Invest in expansion
SaaS,Growth,Survival,27815818,18902281.043383,18689398.7783098,37591679.8216928,-9775861.82169279,14746126.0633712,8234027.85527454,0.17523588855147,27152,104.201302998455,369.487493709112,-0.351449733446372,9775861.82169279,1.50842210460149,0.296019619314253,High,100,Reduce costs and extend runway
SaaS,Growth,Growth,30476259,7918761.95349698,16957081.1030951,24875843.0565921,5600415.94340795,24351266.1630738,2592610.41227567,-0.042930015345184,35415,230.31687507551,438.29569056031,0.183763234962925,0,33.1985664342294,0.0850698378785817,Low,100,Invest in expansion
Manufacturing,Growth,Cost Optimization,24775994,12452391.2159701,16331942.1548186,28784333.3707887,-4008339.37078865,24962479.3472953,1217914.33248212,0.306861671861114,56909,378.721614867035,747.499523499944,-0.161783191051332,4008339.37078865,6.22763619498214,0.04915703210463,Medium,100,Cut operational inefficiencies
SaaS,Startup,Cost Optimization,3766569,1958278.20661263,2321386.10578403,4279664.31239666,-513095.312396655,963082.488354154,2616015.64362292,0.0486807656542362,5967,226.284102753025,468.252602226809,-0.136223526609138,513095.312396655,1.87700504192023,0.694535436261203,High,100,Cut operational inefficiencies
SaaS,Mature,Cost Optimization,301536089,59282889.4008159,130368209.300662,189651098.701478,111884990.298522,183666687.936201,23783774.8680952,-0.0417610751633315,82939,411.355346686844,1394.8961599817,0.371050081167968,0,13.9027268311486,0.0788753841935492,Low,100,Cut operational inefficiencies
Manufacturing,Growth,Growth,29428177,13608667.0323419,10535981.6232286,24144648.6555705,5283528.34442946,25946624.7584931,20480547.6204077,0.0857732556599372,86536,86.2769323263208,413.136232988894,0.179539777283162,0,30.1232068186847,0.695950266318151,Low,100,Invest in expansion
SaaS,Growth,Cost Optimization,15781973,7978589.54691057,8336612.35870356,16315201.9056141,-533228.905614128,19887086.2070225,9891756.35441554,0.0385346248566998,99882,355.321025892762,934.795949955191,-0.033787214413187,533228.905614128,37.2955891881335,0.626775648039414,High,100,Cut operational inefficiencies
E-commerce,Mature,Cost Optimization,273997676,97063088.6554221,104731165.852338,201794254.507761,72203421.4922395,334923254.108168,102917618.51466,0.111328016894479,8033,471.171761711852,1815.36703482321,0.263518371930423,0,23.5506708292617,0.375614932276507,Low,100,Cut operational inefficiencies
Healthcare,Growth,Cost Optimization,32664538,17248030.582624,13433544.5705205,30681575.1531445,1982962.84685551,3856705.89440369,5923796.3351569,0.183446398124768,44248,247.935037871226,930.71045300153,0.0607069001513356,0,21.1428442805634,0.181352521659939,Low,100,Cut operational inefficiencies
E-commerce,Mature,Profit Maximization,167696170,68367164.2562687,61697794.773431,130064959.0297,37631210.9703003,229367169.869698,112071019.081502,-0.00155606411215822,81518,421.853364927584,1500.95495666006,0.224401135519674,0,20.4744693345214,0.668298024227397,Low,100,Improve margins
Healthcare,Growth,Cost Optimization,32740293,14569823.0830191,19030930.8125797,33600753.8955989,-860460.895598866,3941735.3806265,6479952.1654529,0.333146217991091,71434,322.290283343242,732.149008247181,-0.026281404860942,860460.895598866,4.58095818274591,0.197919797646677,High,100,Cut operational inefficiencies
SaaS,Startup,Cost Optimization,4366399,3846096.18038281,3325139.51856892,7171235.69895173,-2804836.69895173,2168832.72185895,2924569.40192522,0.171499066302635,1024,55.5534707271683,111.127111341985,-0.642368390738393,2804836.69895173,0.773247413180784,0.669789774577455,High,0,Cut operational inefficiencies
E-commerce,Startup,Profit Maximization,1615554,640904.057271902,887466.870089869,1528370.92736177,87183.0726382297,1318922.81822232,624630.412203589,0.0913920502015203,20570,137.373291070737,434.171326180269,0.0539648149416421,0,12.1760196200683,0.38663542797306,Low,100,Improve margins
Manufacturing,Startup,Survival,4043439,3210811.90857481,2488078.06794418,5698889.97651899,-1655450.97651899,3562363.34813221,3104685.15500381,-0.0756525758000351,67698,400.015060006303,1751.34069156175,-0.409416582399039,1655450.97651899,2.1518990285191,0.76783281632388,High,0,Reduce costs and extend runway
SaaS,Startup,Survival,2948768,1683318.79340611,1847395.43111011,3530714.22451621,-581946.224516212,2170263.03936318,1065249.721347,0.36846393186557,97724,107.124986189738,206.911185326471,-0.197352326299055,581946.224516212,3.72931887506854,0.36125246928446,High,100,Reduce costs and extend runway
SaaS,Startup,Profit Maximization,3194510,1561150.55266544,3409211.83470933,4970362.38737477,-1775852.38737477,4469989.83527298,232919.747289934,0.0429502668856012,28191,126.442667482014,214.188265867352,-0.555907600030918,1775852.38737477,2.51709537743784,0.072912511555742,High,100,Improve margins
Manufacturing,Mature,Growth,223701351,94536994.9420047,104956235.43633,199493230.378334,24208120.6216659,29328561.3248082,176910184.495718,-0.0792859555903061,79923,483.42156217928,919.292618299081,0.108216246855236,0,23.7698044604523,0.790831989636565,Low,100,Invest in expansion
Healthcare,Startup,Survival,1567217,1275967.39803752,1259417.71453717,2535385.11257468,-968168.11257468,1356740.42512946,595655.14022771,0.361217141828062,49746,246.673184828984,911.97763988429,-0.617762640766837,968168.11257468,1.40134797614997,0.380071898293415,High,0,Reduce costs and extend runway
Manufacturing,Mature,Profit Maximization,371790950,134715622.178979,104867324.412152,239582946.591131,132208003.408869,469524330.269581,66820469.8350081,0.0996662900996113,21142,382.857303993399,1394.73582732927,0.355597691145708,0,12.4002195237561,0.179725918113413,Low,100,Improve margins
Manufacturing,Growth,Survival,35174939,16555807.139505,18408353.1792951,34964160.3188001,210778.681199923,44519389.5723999,22629179.7553669,0.33321159176985,70932,480.738633583656,2218.84108067758,0.00599229699303596,0,27.6546026615772,0.643332451987107,Low,100,Reduce costs and extend runway
Healthcare,Growth,Profit Maximization,30994235,14752113.9994232,28564449.9195877,43316563.9190109,-12322328.9190109,32408764.261859,9818997.60990629,-0.0334951005463356,63823,378.578053989805,1325.50118380192,-0.397568416159033,12322328.9190109,2.63008433510152,0.316800773108492,High,100,Improve margins
E-commerce,Startup,Growth,3888264,1719411.79282369,2509012.51563079,4228424.30845447,-340160.308454472,4031766.7670405,1504921.59907898,0.109194766689167,99585,472.399165982018,1287.04696653068,-0.0874838510076661,340160.308454472,11.8525491270835,0.387042031888518,Medium,100,Stabilize finances
SaaS,Startup,Growth,3267126,1420541.71435077,2446132.80211217,3866674.51646294,-599548.516462938,643019.386720227,2162834.12301215,0.0272702714608306,21738,401.095691841035,1393.25611229398,-0.183509456465082,599548.516462938,1.07250600921131,0.661998993308539,High,100,Stabilize finances
Manufacturing,Startup,Growth,4329228,1974127.95534093,3529025.43365593,5503153.38899686,-1173925.38899686,3543235.50916477,451987.194968059,0.120269579936497,61175,167.599858048423,497.243329664387,-0.27116275442108,1173925.38899686,3.01827998812814,0.104403647709952,High,100,Stabilize finances
SaaS,Startup,Cost Optimization,4717752,2378333.18954986,3222301.5942191,5600634.78376897,-882882.783768966,6469081.20550055,915539.279941057,-0.0543455987276649,83697,97.10418674099,189.361680265805,-0.187140566899016,882882.783768966,7.32722545328666,0.19406261285906,Medium,100,Cut operational inefficiencies
Healthcare,Mature,Growth,442654487,118059146.002658,111483113.558778,229542259.561436,213112227.438564,268384041.638664,44398368.7180528,0.0268063854298541,22599,173.991455213383,562.135758497182,0.48144147116386,0,14.9206873614401,0.100300279387099,Low,100,Invest in expansion
E-commerce,Startup,Survival,165756,115820.936752021,154219.618712604,270040.555464624,-104284.555464624,190586.895878866,121073.681108636,0.186061481861103,37444,170.958926763589,375.298613003641,-0.629144980963732,104284.555464624,1.82756588480177,0.730433173511885,High,0,Reduce costs and extend runway
E-commerce,Growth,Growth,40471228,21536242.8694458,23622954.685517,45159197.5549628,-4687969.55496279,7864677.42100679,26922781.4041368,-0.0113367233880303,80258,127.323257160946,421.856486534436,-0.115834625896768,4687969.55496279,1.67762979874327,0.665232629070133,High,100,Stabilize finances
Fintech,Growth,Survival,46608947,21368742.7832007,23015225.6733571,44383968.4565577,2224978.54344226,29943070.3834289,32196710.9260455,0.0544011376748077,71933,469.738822577141,737.716586957076,0.0477371553457806,0,15.6908089323172,0.690783915930251,Low,100,Reduce costs and extend runway
Fintech,Startup,Profit Maximization,2069412,1453820.56619711,1460183.81276981,2914004.37896692,-844592.378966919,2174317.21219954,1542523.81720642,0.398474708705835,15789,143.779808128249,282.563001856335,-0.408131575040117,844592.378966919,2.57439833267155,0.745392322653207,High,0,Improve margins
Manufacturing,Mature,Cost Optimization,295316351,115569285.48769,191096495.324851,306665780.812541,-11349429.8125408,120758247.18049,32632526.0407865,0.329555878823458,13040,353.70194137437,826.506766637965,-0.0384314304782292,11349429.8125408,10.6400276643902,0.110500234512198,Medium,100,Cut operational inefficiencies
SaaS,Mature,Cost Optimization,288282485,78089187.9492148,137087620.545114,215176808.494328,73105676.5056716,422963862.480738,148892732.189442,0.367271940357758,44337,218.27621051558,1004.50903236735,0.25359042019383,0,15.6329081103186,0.516482061646729,Low,100,Cut operational inefficiencies
E-commerce,Mature,Growth,296780396,139036617.291851,128963593.454046,268000210.745896,28780185.2541036,268611426.201132,49103596.979212,0.152227970834678,44230,242.35993767501,910.852874912165,0.0969746844535635,0,29.88515382458,0.165454314506717,Low,100,Invest in expansion
Manufacturing,Growth,Profit Maximization,34268923,10947687.4996042,19497272.6060056,30444960.1056098,3823962.89439018,41011063.14971,24927288.4585631,0.0851160928422884,1615,453.647880213985,2023.92041108768,0.11158690030586,0,16.3875213249414,0.727402155549594,Low,100,Improve margins
Fintech,Mature,Cost Optimization,433285714,240661485.211929,180831092.954244,421492578.166173,11793135.8338267,205542679.214214,281597835.980779,-0.0587970140690259,97971,413.971845571258,1889.45455169066,0.027217919845441,0,19.2591916190753,0.649912579348921,Low,100,Cut operational inefficiencies
Healthcare,Mature,Profit Maximization,200683145,66191750.9112325,126221356.119053,192413107.030285,8270037.96971476,214018938.473949,151720321.104569,0.241270239383579,55292,74.1975402478925,285.122556596277,0.0412094297690758,0,17.5507182795829,0.756019251664455,Low,100,Improve margins
Manufacturing,Growth,Cost Optimization,10088539,7107906.62953335,5620573.22384651,12728479.8533799,-2639940.85337986,2948073.32865323,7686552.7157263,0.0644113089243047,91419,156.030283036242,749.336917212572,-0.261677221387543,2639940.85337986,1.11671946167994,0.76190940191898,High,0,Cut operational inefficiencies
Manufacturing,Growth,Profit Maximization,32358534,13112008.5950766,12521801.80446,25633810.3995367,6724723.60046335,36848889.6228096,17544104.4344025,0.0261573680675765,61926,125.986308516678,212.629835646215,0.207819167594655,0,29.2191597746859,0.542178592961056,Low,100,Improve margins
Manufacturing,Growth,Profit Maximization,41065451,18754172.403317,15583711.5073376,34337883.9106546,6727567.08934537,43007949.0338503,20895656.7764061,0.100896567554712,35080,280.001137320275,1012.23083411685,0.163825476782061,0,23.061560116958,0.508837873871301,Low,100,Improve margins
Healthcare,Mature,Survival,302827310,94093069.5908585,76471634.7615008,170564704.352359,132262605.647641,314764209.217809,168862362.55686,0.0814914202019358,30580,186.908838722238,371.455889149231,0.436759173562123,0,26.6882047190269,0.55761933280344,Low,100,Reduce costs and extend runway
E-commerce,Mature,Profit Maximization,421156549,167048959.600161,131920656.246645,298969615.846806,122186933.153194,179539852.470338,234226203.341668,0.214814172469296,87088,184.222604405355,776.363525829059,0.290122362915445,0,21.4349231569699,0.556149972968053,Low,100,Improve margins
Fintech,Startup,Growth,1044461,576346.699378444,687119.448365138,1263466.14774358,-219005.147743582,748806.29872871,735229.20875674,0.152760395861745,27488,237.137602733576,408.103067756644,-0.209682456064498,219005.147743582,3.41912647462258,0.703931701381612,High,100,Stabilize finances
Manufacturing,Growth,Cost Optimization,34619149,20791928.440335,24504541.5865089,45296470.0268439,-10677321.0268439,26143434.4034628,11374723.6495133,0.308811689152243,28232,419.1139935252,1580.31746821151,-0.308422400182161,10677321.0268439,2.4485012989434,0.328567396313333,High,100,Cut operational inefficiencies
SaaS,Mature,Growth,165405647,56859629.3472486,51313732.565967,108173361.913216,57232285.0867845,135305894.713346,42456922.5891416,0.198025057880475,29770,430.544085024804,1037.01343142516,0.346011675688343,0,12.0394501706988,0.256683634199875,Low,100,Invest in expansion
Manufacturing,Startup,Growth,4897927,3641287.81350347,2877041.79047098,6518329.60397445,-1620402.60397445,1212567.0544384,2170069.42649026,0.156489674910454,89913,384.031504169126,801.608576809863,-0.33083437216897,1620402.60397445,0.748312210474283,0.443058752506981,High,100,Stabilize finances
Manufacturing,Growth,Growth,27673937,12333205.8842086,21040156.8673105,33373362.7515191,-5699425.7515191,30103370.9444398,6812278.61797864,0.0210873251737353,23934,218.671215957499,803.54175477141,-0.205949220435065,5699425.7515191,5.28182526746948,0.246162250711875,High,100,Stabilize finances
Fintech,Growth,Growth,23641123,10549966.4887316,21187972.0594187,31737938.5481503,-8096815.54815032,10063820.2353716,14189606.1720767,0.0372533367535391,77339,411.080803003096,1107.59785299828,-0.342488618165487,8096815.54815032,1.24293559307654,0.600208635269853,High,0,Stabilize finances
Healthcare,Mature,Profit Maximization,329482556,148177205.992733,117167103.371187,265344309.36392,64138246.6360796,432429362.521766,2612321.02573038,0.2890231532416,41885,66.9639762116838,289.835983607272,0.194663557958072,0,19.697388587039,0.00792855639292291,Low,100,Improve margins
E-commerce,Startup,Survival,980432,539596.438259779,1099467.76567771,1639064.20393749,-658632.203937491,1067612.79340699,271053.827627594,-0.096508869059826,34735,479.319019285139,923.445600354557,-0.671777546976731,658632.203937491,1.62095443712666,0.276463668696651,High,0,Reduce costs and extend runway
Fintech,Mature,Cost Optimization,298331328,108971364.592991,210493192.980565,319464557.573556,-21133229.5735557,254362802.213345,44134014.3340226,0.11407758651506,42010,150.766064508465,417.841331258863,-0.0708381171874638,21133229.5735557,12.0361538366872,0.147936237973716,Medium,100,Cut operational inefficiencies
Healthcare,Growth,Profit Maximization,41859292,23474644.1407092,27434080.987151,50908725.1278602,-9049433.12786024,53412325.3566766,11363050.9279843,0.254449556386658,41181,184.129790526502,482.678661744721,-0.216186961018362,9049433.12786024,5.90228411017676,0.271458268524569,High,100,Improve margins
SaaS,Mature,Cost Optimization,225267255,63364313.6810747,65826168.0839937,129190481.765068,96076773.2349316,61584561.7701467,12711495.5681921,0.354714751842938,18400,69.2328227278781,313.367365247907,0.426501282820406,0,14.8478547473889,0.0564285100743653,Low,100,Cut operational inefficiencies
SaaS,Mature,Growth,110139023,36833239.6696469,29391813.2961949,66225052.9658418,43913970.0341582,13053714.2403744,45093599.5816452,0.284721289710778,49837,276.109542393245,428.062101293085,0.398713996529261,0,31.2715512314185,0.409424365255585,Low,100,Invest in expansion
Fintech,Startup,Profit Maximization,532941,492946.950192657,443571.675177513,936518.62537017,-403577.62537017,385654.28175573,252495.251824878,0.250467682509,24800,251.240464497397,1106.55707673695,-0.757265110716139,403577.62537017,0.9555888570433,0.473777119465152,High,0,Improve margins
SaaS,Startup,Cost Optimization,4544910,2064429.21214885,4263634.46341868,6328063.67556753,-1783153.67556753,2855605.34619681,1503516.33094411,-0.0800942802771231,5629,144.453933313804,348.598402838618,-0.39234081105402,1783153.67556753,1.6014353587825,0.330813224231967,High,100,Cut operational inefficiencies
Manufacturing,Growth,Growth,36009388,15634663.6075292,31071257.9566304,46705921.5641596,-10696533.5641596,39190411.647641,14510014.8515848,0.31457532014207,9097,221.727424599111,934.20878909495,-0.297048468698207,10696533.5641596,3.66384225436871,0.402950887462591,High,100,Stabilize finances
E-commerce,Mature,Profit Maximization,65317570,13815512.3971243,26368487.0365556,40183999.43368,25133570.56632,92312655.1410237,47950792.2478658,0.343734470106441,26755,363.452630964821,1720.67760294544,0.384790349155978,0,31.6877781155328,0.734117822323547,Low,100,Improve margins
Healthcare,Growth,Survival,24040773,7862260.90531559,14956530.2153996,22818791.1207152,1221981.87928484,22479418.6867872,15662735.1773243,0.0910617472299866,23860,241.698883760793,1181.20658749558,0.0508295585705518,0,27.7863691985424,0.651507136535265,Low,100,Reduce costs and extend runway
Manufacturing,Startup,Survival,4234608,2007147.75391023,2540160.67128754,4547308.42519778,-312700.425197775,3224745.5440023,1281306.04643647,0.158646741076127,92272,204.318348241638,795.522772528714,-0.0738440075675894,312700.425197775,10.3125716633188,0.302579612194676,Medium,100,Reduce costs and extend runway
E-commerce,Startup,Profit Maximization,4624105,2930336.82630916,4249780.94357023,7180117.76987939,-2556012.76987939,1026087.45589248,747808.038163657,0.172745170247418,15579,294.787900078235,681.135915713462,-0.5527583759191,2556012.76987939,0.401440661010821,0.161719519380217,High,100,Improve margins
SaaS,Growth,Survival,22972560,8420662.41805648,9452939.9006399,17873602.3186964,5098957.68130362,21001282.0124256,13134711.4248747,0.0201097166041928,65525,448.015427418542,1540.7144791571,0.221958618512853,0,24.8294212597514,0.571756540188587,Low,100,Reduce costs and extend runway
E-commerce,Growth,Survival,24705555,13202781.397499,19940768.2933524,33143549.6908514,-8437994.69085135,15340053.5603138,15017492.146883,0.0694117412114037,23989,275.903688982632,976.960445210656,-0.34154240578086,8437994.69085135,1.81797383410845,0.607858926742711,High,37.500325911985,Reduce costs and extend runway
Manufacturing,Startup,Growth,927150,570302.363018735,444853.889740132,1015156.25275887,-88006.2527588668,205783.728813836,361502.788076988,0.245708028756576,7953,482.697829461905,1475.59930734131,-0.0949212670645168,88006.2527588668,2.33828531908607,0.389907553337634,High,100,Stabilize finances
Healthcare,Mature,Cost Optimization,231336032,113866073.489279,128048743.305694,241914816.794972,-10578784.7949723,269979425.765776,150240115.979389,0.0709245209586291,38862,408.33529853681,1802.91503344741,-0.045729083807283,10578784.7949723,25.5208354265876,0.649445374680709,High,100,Cut operational inefficiencies
Fintech,Startup,Cost Optimization,802214,448044.11274456,518863.0324641,966907.14520866,-164693.14520866,126345.048433635,478007.282512923,0.122977772546051,15996,230.844322056533,890.631283420357,-0.205298268552605,164693.14520866,0.767154262999598,0.595860060423931,High,100,Cut operational inefficiencies
E-commerce,Startup,Profit Maximization,373541,195609.624110073,353969.940980854,549579.565090926,-176038.565090926,429242.392227311,163071.854309109,0.00203219427330029,45354,268.110282621338,427.377654049767,-0.471269726993627,176038.565090926,2.43834293926221,0.436556775050421,High,100,Improve margins
Fintech,Mature,Profit Maximization,446301747,153021129.311098,212417033.56387,365438162.874968,80863584.1250322,427741251.442332,287633342.099387,0.0498343419207454,21309,286.272203110423,1138.06832780236,0.181185900948383,0,18.0521490598927,0.644481775016191,Low,100,Improve margins
E-commerce,Growth,Growth,17262299,5457946.54788446,11806682.9277368,17264629.4756213,-2330.47562129423,2259983.35135939,4943386.5363374,0.0668304453168463,81249,112.265690399686,458.44693242989,-0.000135003780278295,2330.47562129423,969.75198140211,0.286368955626212,Medium,100,Stabilize finances
Fintech,Mature,Cost Optimization,480576514,195051321.82376,187207590.846523,382258912.670283,98317601.3297169,623678538.429434,160816707.205195,0.0547063974352222,77455,341.809050605107,594.591364379028,0.204582617888224,0,33.5375356397181,0.334632888874789,Low,100,Cut operational inefficiencies
E-commerce,Mature,Cost Optimization,467953501,116358455.986088,209100747.396174,325459203.382262,142494297.617738,410721005.9719,218597660.568944,0.00349680062252908,22984,399.559296743884,1784.59832188685,0.304505249588331,0,16.3636236680961,0.467135431408908,Low,100,Cut operational inefficiencies
Manufacturing,Growth,Growth,19942742,8384776.36745052,16589838.3472002,24974614.7146507,-5031872.71465068,5918327.35743853,4570457.47329272,0.159038582598781,66808,426.438900842407,1690.90427412805,-0.252315991183694,5031872.71465068,1.17616793847087,0.229178990195667,High,100,Stabilize finances
E-commerce,Startup,Profit Maximization,2226861,1216537.0018896,2182929.33257334,3399466.33446294,-1172605.33446294,511734.294842076,948149.090660111,0.310820784889478,2036,104.58634910249,267.711032081247,-0.526573205270981,1172605.33446294,0.436407953982618,0.425778299884955,High,0,Improve margins
Manufacturing,Startup,Survival,2976262,1500053.74185286,2787325.71047533,4287379.4523282,-1311117.4523282,1879903.41112901,1469545.37983008,0.384909432316892,2344,105.8483154712,203.752944479587,-0.440524877288423,1311117.4523282,1.43381770091673,0.493755381693573,High,0,Reduce costs and extend runway
E-commerce,Growth,Cost Optimization,24427719,10134427.4861638,12580171.9096525,22714599.3958163,1713119.60418367,3289701.15869947,4862465.01911704,0.10394480425364,16221,200.499137203147,665.174819651707,0.0701301502683763,0,16.7413417362835,0.199055221615946,Low,100,Cut operational inefficiencies
Fintech,Startup,Cost Optimization,3102827,2342730.01656337,1864756.80057697,4207486.81714034,-1104659.81714034,3568049.84570429,1998510.64353506,-0.0315774167068216,74305,469.790460556985,2221.76028856307,-0.356017211768602,1104659.81714034,3.22999876553942,0.644093481052942,High,47.4005554591914,Cut operational inefficiencies
SaaS,Startup,Cost Optimization,3554373,3282400.72133698,2592174.69059912,5874575.4119361,-2320202.4119361,1927877.68908978,2423264.57084213,-0.0795330278128273,40425,298.766694073257,1222.64967448496,-0.652774036921871,2320202.4119361,0.830909268593102,0.681769912961339,High,0,Cut operational inefficiencies
Manufacturing,Growth,Survival,20940295,6936731.22764779,12665203.0803291,19601934.3079769,1338360.69202312,10342220.5280741,7665409.95363765,0.137692927677741,46197,83.7031289008927,156.655531501357,0.0639131727620417,0,32.0993404708506,0.366060265800346,Low,100,Reduce costs and extend runway
E-commerce,Mature,Cost Optimization,71094509,29295878.7296749,41570123.8520745,70866002.5817494,228506.418250606,104768720.527224,26518438.4958882,0.295967811481882,41239,241.229083578094,685.11255294615,0.0032141218986491,0,29.2578148922595,0.373002625222268,Low,100,Cut operational inefficiencies
SaaS,Startup,Cost Optimization,3061937,1267673.60894937,1765194.76621927,3032868.37516865,29068.6248313533,2949863.34107939,2108569.69160178,0.0730984433401638,37365,199.592011478464,519.810674976332,0.00949354112490012,0,14.5589668544784,0.688639149532396,Low,100,Cut operational inefficiencies
Fintech,Startup,Cost Optimization,4270163,4294174.19840533,3366236.3634785,7660410.56188383,-3390247.56188383,3802562.22131907,1764867.22201218,0.0423001911523405,81831,431.681674225976,1682.74299493949,-0.793938676786772,3390247.56188383,1.12161786179595,0.41330207348342,High,0,Cut operational inefficiencies
Manufacturing,Growth,Profit Maximization,7870581,2118315.83523371,4326363.34630658,6444679.18154029,1425901.81845971,5405441.39536685,713386.970947618,-0.0140437211364478,96467,324.663353518171,1107.88926612643,0.181168559025022,0,17.9938603015045,0.0906396835186142,Low,100,Improve margins
Healthcare,Mature,Cost Optimization,115735271,43942849.500388,52757543.2166137,96700392.7170017,19034878.2829983,27708366.2857207,1484018.42477126,0.381842594343525,10928,437.300519804998,1719.55937015925,0.164469120938925,0,12.2532269388046,0.0128225251640985,Low,100,Cut operational inefficiencies
E-commerce,Growth,Survival,14057483,5258232.13393802,5823010.76629428,11081242.9002323,2976240.0997677,16487826.3884424,4570554.84304652,0.339918873970734,5736,136.379947548077,547.881954526157,0.211719274337213,0,18.5172109242597,0.325133229259215,Low,100,Reduce costs and extend runway
E-commerce,Mature,Cost Optimization,485176183,267837480.537552,239315193.665364,507152674.202915,-21976491.2029154,507958948.641256,116817352.136343,-0.00797761397489324,51128,217.849926005088,486.160349951594,-0.0452958986301176,21976491.2029154,23.1137420414898,0.240773055705297,Medium,100,Cut operational inefficiencies
Fintech,Growth,Growth,44014820,26749966.7662141,34732472.4794568,61482439.2456709,-17467619.2456709,19962593.5021292,15592844.0225435,0.323634704981362,51760,108.65890851947,240.393933126897,-0.396857677611106,17467619.2456709,1.14283424783699,0.354263496307459,High,100,Stabilize finances
Healthcare,Mature,Survival,430572263,110684820.641489,250672763.287824,361357583.929313,69214679.0706868,63812459.3306487,153568092.71379,0.308327621600812,66643,66.8286456839588,218.448033364,0.160750436148477,0,21.6727514707857,0.356660439861613,Low,100,Reduce costs and extend runway
Fintech,Growth,Survival,11188343,5205849.53295388,3571658.91200184,8777508.44495572,2410834.55504428,4046868.43009969,3985502.81444641,0.144058771716868,58013,213.531769399742,1021.45785435316,0.215477354872324,0,18.6136026314203,0.356219219811764,Low,100,Reduce costs and extend runway
SaaS,Mature,Survival,60599528,33644811.3322323,24481636.5809348,58126447.913167,2473080.08683298,23435253.8508969,38686643.4233699,0.269273026698482,55144,229.606745200235,539.093688891098,0.0408102202847682,0,16.8837118693275,0.638398428175379,Low,100,Reduce costs and extend runway
Fintech,Mature,Cost Optimization,251831247,138969419.294633,95386173.2609506,234355592.555584,17475654.4444165,158170798.045702,161542727.612928,0.117265481652248,42392,131.295893590087,632.439402497326,0.0693943053239001,0,17.2505210018611,0.641472134762245,Low,100,Cut operational inefficiencies
E-commerce,Startup,Cost Optimization,4163068,2611319.68720232,3414264.30066478,6025583.98786711,-1862515.98786711,4743057.94096468,760446.82410855,-0.0707710063815615,11432,180.159756268851,503.139259591595,-0.447390239089802,1862515.98786711,2.54658643032443,0.182665001894889,High,100,Cut operational inefficiencies
E-commerce,Startup,Survival,3622810,1637609.98629451,1810046.78441457,3447656.77070908,175153.229290917,4847612.50000412,439788.593980358,0.198904006700757,22921,408.047103797649,722.729116370116,0.0483473406805538,0,18.7755320210573,0.121394330362442,Low,100,Reduce costs and extend runway
Fintech,Mature,Profit Maximization,81581057,29353507.7690181,57153966.938239,86507474.7072571,-4926417.70725714,99231290.089534,33151192.9499937,0.275165387909978,68243,239.331453155878,779.456810986734,-0.0603867844867116,4926417.70725714,20.1426870367399,0.406358953525127,Medium,100,Improve margins
SaaS,Growth,Survival,26068472,18348840.0038665,14457374.6940396,32806214.6979061,-6737742.69790607,19281370.6673037,9908279.28655307,0.0930254678259179,3591,390.617446703649,1528.06569299228,-0.258463276938751,6737742.69790607,2.86169590199636,0.380086691945468,High,100,Reduce costs and extend runway
E-commerce,Startup,Cost Optimization,491670,210470.563207343,420918.527859471,631389.091066814,-139719.091066814,70103.4065635951,285906.854753393,0.337006835654358,40733,421.909074271482,1456.39232941128,-0.284172495915581,139719.091066814,0.50174536656606,0.581501524911817,High,100,Cut operational inefficiencies
Fintech,Startup,Growth,3523376,2597031.8742483,2062513.64692238,4659545.52117067,-1136169.52117067,1856341.29109669,543097.11291818,-0.0354643765345593,33735,371.921457730395,1824.80030888594,-0.322466157790332,1136169.52117067,1.63385943427172,0.15414111718936,High,100,Stabilize finances
Fintech,Mature,Growth,226888235,51055872.0215677,72639251.0957082,123695123.117276,103193111.882724,283329521.112097,1296363.46129824,0.12836529644292,30092,130.623763230568,603.349898090808,0.454819139840918,0,23.0485289552359,0.00571366541459604,Low,100,Invest in expansion
Manufacturing,Mature,Growth,465299975,157373539.505431,110075515.351071,267449054.856502,197850920.143498,460774966.241761,285086847.451252,-0.0603934249958146,1268,398.518521403906,785.287519564862,0.425211542604312,0,23.2252947833076,0.612694740530025,Low,100,Invest in expansion
Healthcare,Growth,Profit Maximization,43676626,16530418.8420986,37997710.8271805,54528129.6692791,-10851503.6692791,50955154.5578668,31213221.0234425,0.116419960528586,86036,494.009425227661,1174.78264632719,-0.248451051811536,10851503.6692791,4.69567684911008,0.714643595030498,High,100,Improve margins
SaaS,Startup,Profit Maximization,4730746,3975077.13251458,2901359.16815884,6876436.30067342,-2145690.30067342,6844830.75388592,1926204.75571235,0.126412402642163,33561,450.698426600489,1090.475345544,-0.453562778613228,2145690.30067342,3.19003667572049,0.407167232337638,High,100,Improve margins
Healthcare,Growth,Profit Maximization,10584581,7913074.2205592,6550763.56920714,14463837.7897664,-3879256.78976635,11564735.5960591,4975828.35009083,0.310295894662074,95052,251.398334797728,1019.42176197381,-0.366500741953446,3879256.78976635,2.98117299854121,0.470101589292087,High,100,Improve margins
Healthcare,Growth,Growth,42763126,10760797.5820408,21398536.7901283,32159334.3721691,10603791.627831,56342721.4139885,16155102.5161138,0.256441184672368,38358,166.419926337036,451.8588218323,0.24796577377975,0,31.0603762876124,0.377781140604964,Low,100,Invest in expansion
Healthcare,Growth,Profit Maximization,38628663,10282128.3530366,19227389.4573224,29509517.810359,9119145.18964105,55820149.5215509,16611565.6461236,-0.0929016827641382,11282,290.362863261064,1135.08198713391,0.23607198596651,0,29.9687634825397,0.430032114912277,Low,100,Improve margins
Healthcare,Mature,Cost Optimization,211109364,84081977.80499,142545167.525354,226627145.330344,-15517781.3303444,281970679.450249,16378499.901024,-0.0721465819423774,53244,433.992733999964,1407.94429787159,-0.0735058883050983,15517781.3303444,18.1708114998932,0.0775830100128763,Medium,100,Cut operational inefficiencies
Healthcare,Startup,Survival,3614674,1395460.00102652,2195287.42055619,3590747.42158272,23926.5784172849,819747.534187246,1931691.185901,-0.0333365918287124,37761,397.468412427127,833.339742139127,0.00661929081772931,0,21.2283795289504,0.534402600594411,Low,100,Reduce costs and extend runway
Fintech,Startup,Profit Maximization,4992571,3589206.84078162,3079648.47464337,6668855.31542499,-1676284.31542499,4528683.59149307,1366244.75156617,0.304989371841736,36260,134.377005703541,554.586614415723,-0.335755728947067,1676284.31542499,2.70162021431604,0.273655547726044,High,100,Improve margins
E-commerce,Mature,Profit Maximization,89028538,19297751.3956161,35120524.9330216,54418276.3286377,34610261.6713623,72826059.0835654,60168874.8472936,-0.0601974615037472,71487,438.544210005223,871.859142858552,0.388754689775567,0,25.6609551151063,0.675838064950517,Low,100,Improve margins
Fintech,Growth,Profit Maximization,21077985,6634644.6179717,13609295.0012128,20243939.6191845,834045.380815469,15620060.2730576,6651864.54632846,0.333530091189474,31313,105.989849083352,381.414054485041,0.0395695025314549,0,25.20843069213,0.315583512671086,Low,100,Improve margins
Fintech,Growth,Survival,45048806,26854804.0320533,35160984.0010533,62015788.0331065,-16966982.0331065,24749627.6899099,18959925.7125841,0.243884603182867,28026,103.788891296185,239.349356353392,-0.376635554627275,16966982.0331065,1.45869357565286,0.420875210601234,High,100,Reduce costs and extend runway
Fintech,Mature,Survival,109996376,30914742.7496453,47411907.3342535,78326650.0838988,31669725.9161013,86614189.8131443,28223625.3726164,-0.00387104076595404,91593,393.735425090096,1299.04606024917,0.287916084763568,0,30.7047640880429,0.256586865849257,Low,100,Reduce costs and extend runway
Fintech,Growth,Growth,36036611,10662216.6929108,24782515.9703938,35444732.6633045,591878.336695455,46484528.8432658,10980798.2652431,0.148021363008292,65285,78.842619966279,282.768999223954,0.0164243617885005,0,29.7499482533218,0.30471229009973,Low,100,Invest in expansion
E-commerce,Mature,Cost Optimization,328286661,144726276.381434,185624558.630106,330350835.01154,-2064174.01154017,132832371.683639,35134064.4278749,0.376653583791186,13990,81.0175451605919,258.64239429921,-0.00628771819498379,2064174.01154017,64.3513438988252,0.107022515995174,Medium,100,Cut operational inefficiencies
SaaS,Mature,Growth,242419191,81348498.2684732,167522753.994611,248871252.263085,-6452061.26308459,267027105.217906,52584068.5683513,0.280164110702069,92205,53.3263556499319,175.01570983691,-0.026615307296709,6452061.26308459,41.386325133907,0.216913802704471,Medium,100,Stabilize finances
Healthcare,Growth,Survival,11620090,4999160.4763192,6537753.6776209,11536914.1539401,83175.8460598998,6095854.07188321,6661623.75078597,0.0793306815132296,3227,277.666610065877,1172.32166829632,0.00715793475436935,0,32.5997505330926,0.573285039168025,Low,100,Reduce costs and extend runway
Healthcare,Mature,Cost Optimization,317294480,71526407.6212528,121933975.335027,193460382.95628,123834097.04372,314084982.271793,252044384.515988,0.288858744536275,41125,198.220671185934,778.377170525503,0.390281283947077,0,30.3898913462491,0.794354772626326,Low,100,Cut operational inefficiencies
Manufacturing,Mature,Profit Maximization,238621026,140551387.689541,95601202.0483525,236152589.737893,2468436.26210687,327779663.288565,162604067.638453,-0.0737128010944984,63388,348.043061092812,1264.74904341145,0.010344588251443,0,33.9623629077607,0.681432270928433,Low,100,Improve margins
SaaS,Startup,Survival,4131103,2096291.87528301,2642906.52352757,4739198.39881058,-608095.398810583,2343522.00207877,1914562.6689597,0.344500305407333,26605,334.275088246963,1108.32832067311,-0.147199282809115,608095.398810583,3.85387228165618,0.463450722230769,High,100,Reduce costs and extend runway
Manufacturing,Startup,Profit Maximization,628168,315194.020816787,320607.506312518,635801.527129305,-7633.52712930518,109180.418250335,224215.993263941,0.17698974361004,50826,467.485579883933,2120.96213426888,-0.0121520471104946,7633.52712930518,14.3027484413058,0.356936350250157,Medium,100,Improve margins
Healthcare,Mature,Profit Maximization,161141957,62549365.4131872,47201204.0613184,109750569.474506,51391387.5254945,157882013.425359,56547809.0135229,-0.0806215322229088,26283,309.809030548851,1165.63349372992,0.318919966483307,0,23.0007235062314,0.350919214748788,Low,100,Improve margins
Healthcare,Mature,Cost Optimization,109970725,33933700.3225756,26677874.9853748,60611575.3079503,49359149.6920497,87851326.7870414,26088362.9762342,0.0325566252075744,16094,361.239530887993,1547.02287760903,0.448838995032994,0,15.9205067938358,0.23723007169621,Low,100,Cut operational inefficiencies
Manufacturing,Growth,Survival,41813313,19688761.1625895,25040297.9849507,44729059.1475402,-2915746.14754021,10428095.8700966,21728070.8972472,0.333999795947545,84727,331.724619041361,584.988241173237,-0.0697324832294492,2915746.14754021,3.57647591471361,0.51964480540557,High,100,Reduce costs and extend runway
E-commerce,Startup,Profit Maximization,4875833,1880019.23562629,3638113.55890303,5518132.79452931,-642299.794529313,2262714.4427474,1501983.01999228,0.371491392035568,36504,425.738203557333,1697.09050666233,-0.131731294843222,642299.794529313,3.52283226932301,0.308046444575169,High,100,Improve margins
Manufacturing,Startup,Survival,3471189,2059994.2918333,3060693.52363824,5120687.81547154,-1649498.81547154,5195471.48018915,731869.597250353,0.0395652353871348,35287,344.399207913056,1719.82621325582,-0.475197062295236,1649498.81547154,3.14972731805444,0.210841183597422,High,100,Reduce costs and extend runway
Manufacturing,Mature,Growth,420993172,126770834.056792,186758594.655185,313529428.711977,107463743.288024,54857004.1436621,30910196.5334944,0.240476645701788,92382,341.303960467891,665.278124679591,0.255262437577072,0,27.6044919946957,0.0734220851769407,Low,100,Invest in expansion
SaaS,Startup,Profit Maximization,2140403,818731.706399171,1184585.27927976,2003316.98567893,137086.014321071,2690371.92296907,1201192.62501868,0.129671827796978,74408,436.248694301416,1362.26387748788,0.0640468240425151,0,30.8225111833612,0.561199281172133,Low,100,Improve margins
E-commerce,Growth,Survival,36505059,12465581.9131536,26511701.3531323,38977283.2662858,-2472224.26628583,53355631.0534874,10515206.3708123,0.138933677456568,71456,387.295503899488,1529.18591064279,-0.0677227851155049,2472224.26628583,21.5820351661084,0.288047921544581,Medium,100,Reduce costs and extend runway
Fintech,Growth,Survival,6079037,2346189.58851826,4747166.28296194,7093355.8714802,-1014318.8714802,709333.503286146,679356.08133684,0.257867963205398,66160,252.066992166483,783.314035375669,-0.166855189642735,1014318.8714802,0.699320029657944,0.111753898082351,High,100,Reduce costs and extend runway
Healthcare,Growth,Cost Optimization,15528922,7392331.28768727,12405205.5488273,19797536.8365146,-4268614.83651459,10712180.1411821,10421016.5049277,0.338560233831144,68459,250.767165405726,965.656910959434,-0.274881594260992,4268614.83651459,2.50952136734097,0.671071469412216,High,100,Cut operational inefficiencies
Healthcare,Mature,Cost Optimization,352827454,93798155.3069163,87904613.7783026,181702769.085219,171124684.914781,289188925.046041,170981237.192563,0.215940079623443,49856,295.914362461419,538.486121719764,0.48500955063089,0,30.1595171844576,0.484602984416748,Low,100,Cut operational inefficiencies
Healthcare,Growth,Survival,48986723,14475777.4856795,26269543.6551574,40745321.1408368,8241401.85916317,8807976.53708333,23035455.8553602,0.320174088794254,50099,286.450306862981,539.448489698803,0.168237460161668,0,16.8684777294688,0.470238759497348,Low,100,Reduce costs and extend runway
Healthcare,Startup,Growth,121576,84079.5336008967,56420.0808344846,140499.614435381,-18923.6144353813,176672.113915164,42866.6317270883,0.0302015543939542,89151,311.340199575047,1275.21659595943,-0.155652550136386,18923.6144353813,9.33606603106657,0.352591232867411,Medium,100,Stabilize finances
Healthcare,Growth,Profit Maximization,13234025,4232756.67234473,8296380.91874741,12529137.5910921,704887.408907862,3729345.8467966,7159033.12974088,0.329300053491249,81594,332.75620289725,713.547304930703,0.0532632671396542,0,14.5356082907743,0.540956597085231,Low,100,Improve margins
Manufacturing,Growth,Growth,47197305,28573806.1721004,24891278.0275008,53465084.1996012,-6267779.19960115,51189636.2435802,31507344.5358531,-0.0718930472700608,99208,273.753137758998,1321.15305059482,-0.132799514709604,6267779.19960115,8.16710905304986,0.667566602284877,High,100,Stabilize finances
Fintech,Startup,Growth,1597850,872940.020725657,1942749.64099543,2815689.66172109,-1217839.66172109,1456775.79372588,212838.154122454,0.256110102588579,75182,147.97800485732,543.714526193096,-0.762173959834209,1217839.66172109,1.19619670759213,0.133202837639612,High,0,Stabilize finances
Healthcare,Growth,Growth,41891072,17148087.4930495,12605171.6111659,29753259.1042154,12137812.8957846,61434113.0851132,7449330.70529294,0.00405301729818638,96598,154.795615768317,317.1238184368,0.289747010909259,0,28.4023059637745,0.177826213310868,Low,100,Invest in expansion
Manufacturing,Startup,Profit Maximization,3831570,3812898.67401576,2779201.11684442,6592099.79086019,-2760529.79086019,1270503.44920691,7121.83458633606,0.391965470071201,41356,209.546693972873,728.400922057945,-0.720469622337628,2760529.79086019,0.46023899231713,0.00185872490554422,High,100,Improve margins
Manufacturing,Mature,Profit Maximization,88489803,33186925.2022628,25164254.2747128,58351179.4769756,30138623.5230244,21668063.4964982,46479283.3539943,0.353492759219122,76330,150.388850538039,512.801967354465,0.340588661080242,0,28.4154031179634,0.525250161919722,Low,100,Improve margins
Fintech,Startup,Growth,1430363,598310.179197824,931423.388805382,1529733.56800321,-99370.5680032063,329304.424791263,164626.732754195,-0.0476697798267594,1949,280.967227056699,526.891766312035,-0.0694722724253957,99370.5680032063,3.31390301382435,0.115094373074664,High,100,Stabilize finances
Manufacturing,Growth,Survival,17042858,11416779.6359747,9265580.48975891,20682360.1257336,-3639502.12573357,14707563.6094452,1183223.65036012,0.0184247352982731,73269,209.329053059792,794.481770295252,-0.213549988255114,3639502.12573357,4.04109218825659,0.0694263632519924,High,100,Reduce costs and extend runway
E-commerce,Startup,Survival,4526111,1311662.46684715,2984630.07431996,4296292.54116711,229818.458832892,1103807.76291099,623507.924633263,0.115491864424102,95519,306.273766333359,1351.69903741471,0.0507761428813592,0,35.7989842310695,0.137757983538906,Low,100,Reduce costs and extend runway
Healthcare,Growth,Survival,34380783,23934374.7265505,16360092.098422,40294466.8249725,-5913683.82497253,50878093.2421407,18886838.6723428,0.0218073959910971,10295,173.761147619509,396.634870460088,-0.172005501590017,5913683.82497253,8.60345171435963,0.549342889379304,High,100,Reduce costs and extend runway
Manufacturing,Startup,Cost Optimization,189743,110501.036799422,136831.207121658,247332.24392108,-57589.24392108,76817.1095018506,11885.7550894421,0.186715912677831,74333,471.279453874927,2258.66710991574,-0.30351182347217,57589.24392108,1.3338794585864,0.062641336383646,High,100,Cut operational inefficiencies
SaaS,Startup,Growth,4614153,2711803.02939574,4503294.01858401,7215097.04797975,-2600944.04797975,896061.397991903,989264.314389083,0.356104118390763,68145,207.285260526229,539.983069022733,-0.56368829728441,2600944.04797975,0.344513907820473,0.214397813507502,High,100,Stabilize finances
E-commerce,Startup,Profit Maximization,1480188,757106.46868401,974122.433972311,1731228.90265632,-251040.902656322,346042.414557832,1063540.4718923,0.367712412224267,26598,232.338714158898,833.202080184079,-0.169600687653408,251040.902656322,1.37843041072701,0.718517155856081,High,100,Improve margins
Healthcare,Growth,Cost Optimization,32294649,15668280.8903768,13033297.9547254,28701578.8451022,3593070.15489784,48412598.9545119,5462478.61176262,0.0325853705916778,77361,355.499301734953,827.883769590112,0.111258993862972,0,14.0151015227214,0.169145006399129,Low,100,Cut operational inefficiencies
E-commerce,Startup,Cost Optimization,998628,1047345.58255235,729907.04256141,1777252.62511376,-778624.625113756,328768.850448545,239209.853020701,-0.0499225012466165,84271,401.778045052142,889.192750285252,-0.779694365783611,778624.625113756,0.422243067897464,0.239538499842485,High,0,Cut operational inefficiencies
Healthcare,Growth,Growth,42826945,29040774.199618,30358842.3560096,59399616.5556276,-16572671.5556276,29234757.2480383,5705868.60634347,0.393088398641847,76186,74.4566442568957,116.514173521155,-0.386968333968896,16572671.5556276,1.7640340695771,0.133230810797816,High,100,Stabilize finances
SaaS,Mature,Survival,206790830,98170475.0695647,120460795.177269,218631270.246834,-11840440.246834,264717837.346614,73764211.3653633,0.254291772883913,867,492.680765154091,1361.18930119863,-0.0572580527232955,11840440.246834,22.3570941475251,0.356709295887846,Medium,100,Reduce costs and extend runway
E-commerce,Startup,Cost Optimization,1749734,843032.088595087,933001.568116976,1776033.65671206,-26299.6567120629,909553.684510391,48157.1708320826,0.217464865058872,65019,244.430278279978,1047.96243824332,-0.0150306599243444,26299.6567120629,34.584241705832,0.0275225667627666,Medium,100,Cut operational inefficiencies
E-commerce,Startup,Cost Optimization,4862315,2971686.32899019,3202716.09379702,6174402.4227872,-1312087.4227872,4774920.49347439,1623557.87092846,-0.0278439781562593,99019,62.9605312459334,236.292090298018,-0.269848297115099,1312087.4227872,3.63917861763453,0.333906353440379,High,100,Cut operational inefficiencies
Healthcare,Mature,Cost Optimization,421543665,104879032.730074,193219250.571155,298098283.301228,123445381.698772,409223253.042074,297432966.363505,0.379542121141202,81271,372.817748328338,1426.09789623582,0.292841268765768,0,20.2410669497897,0.705580444112486,Low,100,Cut operational inefficiencies
Manufacturing,Mature,Profit Maximization,135783079,51407995.4900725,67982273.880865,119390269.370938,16392809.6290625,113408125.667844,21684971.3289299,0.275272081876869,89887,373.130672540387,1137.83510441634,0.120727926850609,0,29.5732609514933,0.159703046127934,Low,100,Improve margins
E-commerce,Startup,Cost Optimization,4727163,2153942.78466091,2395370.14162621,4549312.92628712,177850.073712878,4427864.64028719,2794435.76648094,-0.0854150538546284,38606,251.638469277384,807.168307966848,0.0376230042655347,0,16.9021552304735,0.591144364279578,Low,100,Cut operational inefficiencies
E-commerce,Startup,Profit Maximization,519503,326353.182443214,368376.644621877,694729.82706509,-175226.82706509,718710.791443478,332821.924265152,0.125565034898921,44347,317.361376164898,1275.01587329496,-0.337297045570652,175226.82706509,4.101602497068,0.6406544798878,High,100,Improve margins
Fintech,Growth,Growth,6461433,3469722.21401769,5191114.76577201,8660836.9797897,-2199403.9797897,9260329.47950578,2755440.83379403,0.21577218933808,9593,454.400465698699,1407.63312616775,-0.340389504896158,2199403.9797897,4.21038134176297,0.426444232075769,High,100,Stabilize finances
E-commerce,Startup,Growth,2854036,1054598.89655246,2290776.99961418,3345375.89616664,-491339.89616664,2156569.04557294,1947886.8121968,0.366790228003345,66845,238.515631156813,789.594689906033,-0.17215616627353,491339.89616664,4.3891592406767,0.682502537528189,High,100,Stabilize finances
E-commerce,Mature,Cost Optimization,202059311,91340720.5267089,86202778.0630548,177543498.589764,24515812.4102364,141801696.027454,49535621.9076578,0.381106455057972,45990,160.454508142519,643.657617716056,0.121329783264659,0,30.6437128137668,0.245153869240194,Low,100,Cut operational inefficiencies
Manufacturing,Mature,Growth,125029201,31715261.0669165,38335415.7357011,70050676.8026176,54978524.1973824,16821170.6868648,40699348.6119388,0.0103495373926676,58873,379.67571465818,1479.42087778063,0.439725470191419,0,17.0899496994571,0.325518745112502,Low,100,Invest in expansion
Manufacturing,Growth,Profit Maximization,25947771,12658991.6783183,9260605.14060961,21919596.818928,4028174.18107205,15894524.1817557,2151313.63673066,0.251202682933101,82774,202.328095741463,308.514199021171,0.155241626769099,0,28.326016519929,0.0829093811846365,Low,100,Improve margins
Manufacturing,Growth,Growth,19673090,11875704.0494888,10848274.1186726,22723978.1681614,-3050888.1681614,2835251.50582232,1913880.96930214,0.216542563248119,28661,215.926319961881,905.607933734416,-0.155079256393449,3050888.1681614,0.929320037165099,0.0972842074784457,High,100,Stabilize finances
SaaS,Startup,Growth,1972154,1458252.9956925,1997823.91052851,3456076.90622101,-1483922.90622101,2328266.73391248,763424.38625557,0.348766163261042,68322,360.131634692383,970.606226636251,-0.752437642405719,1483922.90622101,1.56899440270903,0.387101811651407,High,0,Stabilize finances
Manufacturing,Mature,Survival,445580353,149736514.189364,126766949.705902,276503463.895267,169076889.104733,574881456.92494,103071766.476919,0.376130039181162,29780,219.653470381435,1071.30491153779,0.379453196188687,0,18.5650086960465,0.231320267563321,Low,100,Reduce costs and extend runway
Healthcare,Mature,Survival,206639163,37325923.0825133,71521846.1148967,108847769.19741,97791393.8025901,24718243.7400065,93708121.7563065,0.366133441960486,99274,319.711364211111,861.897400707785,0.473247144359514,0,34.8795929328231,0.453486746635276,Low,100,Reduce costs and extend runway
Healthcare,Startup,Survival,4055966,3319775.92356241,3317127.07053173,6636902.99409414,-2580936.99409414,1118696.03432129,2484014.30318787,0.00509598435942318,75532,117.221736301894,441.796924496571,-0.636331023015021,2580936.99409414,0.433445697001188,0.612434695751362,High,0,Reduce costs and extend runway
Manufacturing,Startup,Growth,721458,363622.177632502,683793.876413274,1047416.05404578,-325958.054045775,1044146.88638399,299183.128357579,-0.0635507740641725,8057,169.804175674465,273.333669683258,-0.451804615162317,325958.054045775,3.20331672564641,0.414692370668257,High,100,Stabilize finances
Manufacturing,Startup,Survival,2896647,1553052.09335073,3018227.77353003,4571279.86688076,-1674632.86688076,2507574.35519524,1265829.17774098,-0.0552634385948064,65967,183.603053420619,275.807829022628,-0.578128044901833,1674632.86688076,1.49738751984843,0.436998080104681,High,0,Reduce costs and extend runway
SaaS,Growth,Survival,9084591,4037645.86518248,7884392.16410594,11922038.0292884,-2837447.02928841,10065686.1624493,735238.621957297,0.211568926873913,80478,456.290610544468,1797.16529549006,-0.312336243787796,2837447.02928841,3.54744460726501,0.0809324956904826,High,100,Reduce costs and extend runway
SaaS,Mature,Growth,350891343,183074832.687404,142621167.924787,325696000.61219,25195342.3878096,97380249.3265671,243264740.007429,0.196787627207149,20639,180.111523288442,554.653097379022,0.0718038301327076,0,14.8075931132462,0.693276550876403,Low,100,Invest in expansion
Healthcare,Mature,Growth,399271118,174687298.412757,146200475.497091,320887773.909848,78383344.0901524,563223121.722486,164026282.213569,0.375139611805704,59889,288.170351664616,1021.67505132223,0.196316088383213,0,31.1246776866286,0.410814293393416,Low,100,Invest in expansion
Healthcare,Growth,Profit Maximization,18035245,6212629.57085616,7111865.20479005,13324494.7756462,4710750.22435379,16647671.9517666,13483729.8337203,0.263030663031237,75382,157.251744782599,672.855495400797,0.261196907741136,0,23.6755863775782,0.747632196497488,Low,100,Improve margins
Fintech,Startup,Survival,2521961,1335707.81705245,2688965.97148881,4024673.78854127,-1502712.78854127,3000628.61647276,344072.246669935,0.123675274502813,45012,65.8216626220374,173.177338076974,-0.595850922572263,1502712.78854127,1.99680779943689,0.136430439118581,High,100,Reduce costs and extend runway
E-commerce,Growth,Survival,11949666,7138573.86934465,4967775.30732394,12106349.1766686,-156683.17666859,7507830.17591516,2468579.33656093,0.0217335220333801,4155,174.176972670734,706.903552620423,-0.0131119293768202,156683.17666859,47.9172706065018,0.206581450607986,Medium,100,Reduce costs and extend runway
SaaS,Startup,Growth,4241314,2193368.82821048,3491482.05361655,5684850.88182704,-1443536.88182704,4715815.86605647,3207475.18729426,0.358538389734907,93202,73.5255964709418,329.681367391262,-0.340351334946443,1443536.88182704,3.26684820140364,0.756245632201309,High,0,Stabilize finances
E-commerce,Growth,Profit Maximization,42706541,23334659.1804089,31100953.5572871,54435612.737696,-11729071.737696,15569947.4703595,9627672.07871934,0.0337635151241712,49137,271.863556321461,485.76159850938,-0.2746434495291,11729071.737696,1.32746630070642,0.225437880317194,High,100,Improve margins
Healthcare,Mature,Cost Optimization,55408792,11917267.0493084,26476582.3154063,38393849.3647147,17014942.6352853,15410007.4165229,40545696.509798,0.146771829794727,88390,495.10639359893,1201.95271350676,0.307080194696996,0,28.1294280638817,0.731755648269646,Low,100,Cut operational inefficiencies
Manufacturing,Growth,Growth,8001179,3372753.11999721,2250018.31356376,5622771.43356097,2378407.56643903,9786907.54101626,5035769.33144216,0.15486303764409,78522,101.820104331292,362.320857207549,0.297257137534235,0,28.0071768836924,0.629378411786833,Low,100,Invest in expansion
Healthcare,Mature,Growth,220346097,53571399.8023087,82381710.7219853,135953110.524294,84392986.4757059,213466800.591543,112526356.297002,0.249692370493684,52489,336.83111654415,1450.52637076803,0.383001957487388,0,23.1929902681092,0.510680052104585,Low,100,Invest in expansion
E-commerce,Mature,Survival,54007324,16244953.3118353,14582622.5163158,30827575.8281511,23179748.1718489,12602528.4528183,1186889.25608082,0.101812947634949,74732,475.784102296068,1679.13727578961,0.429196384028375,0,24.9652144026869,0.0219764500103879,Low,100,Reduce costs and extend runway
Healthcare,Mature,Cost Optimization,72993847,13846059.1324352,30855962.1807939,44702021.3132291,28291825.6867709,83263647.2367423,42238929.2321591,-0.0319718827841785,83129,272.065999132795,1287.17388625407,0.387591925203927,0,12.380444213565,0.578664243195171,Low,100,Cut operational inefficiencies
Healthcare,Startup,Survival,4943483,2797030.30712471,3827512.92628975,6624543.23341447,-1681060.23341447,7322273.60838076,221176.768888745,-0.0289093118063242,89131,331.628537742069,560.711718480414,-0.340055833794607,1681060.23341447,4.35574732114638,0.0447410801025805,High,100,Reduce costs and extend runway
Manufacturing,Mature,Cost Optimization,95352453,36460315.4861431,41366792.8659883,77827108.3521314,17525344.6478686,32337753.5632463,15080204.2690239,0.0594086614365023,90618,278.488468338199,904.218722564822,0.18379542525108,0,14.6434147900552,0.15815224249159,Low,100,Cut operational inefficiencies
Fintech,Growth,Growth,5304543,2583776.75155701,4055519.78394549,6639296.53550249,-1334753.53550249,1537666.4031774,617994.734784582,0.248715808618596,63867,139.555082486835,697.701776990699,-0.251624604702515,1334753.53550249,1.15202272350491,0.116502917364339,High,100,Stabilize finances
Manufacturing,Growth,Cost Optimization,7657303,3683461.84180513,2981529.97397481,6664991.81577994,992311.18422006,3009538.35936492,444260.284146001,0.251640027021125,59374,342.614781992148,622.348247262371,0.129590168264213,0,34.7485576140879,0.0580178535635851,Low,100,Cut operational inefficiencies
Fintech,Mature,Cost Optimization,331550029,77516234.3614297,168280451.231969,245796685.593398,85753343.4066018,263622586.595306,32708999.4337995,0.100485163344176,7742,469.246662391559,876.048379252416,0.258643751789875,0,18.4306260025644,0.0986547928602338,Low,100,Cut operational inefficiencies
E-commerce,Startup,Growth,1299110,712832.630474632,1283257.02378682,1996089.65426145,-696979.654261448,796887.938142606,109961.892673077,0.214103298546522,15189,480.156427574682,838.554196888545,-0.536505495501881,696979.654261448,1.14334462027737,0.0846440198852114,High,100,Stabilize finances
Fintech,Startup,Profit Maximization,4795781,3846274.07498746,4403465.01505707,8249739.09004453,-3453958.09004453,1651177.2358345,1452942.68586589,0.321572432514873,75091,209.369388541773,621.447119945135,-0.720207634594768,3453958.09004453,0.478053639560292,0.302962684464928,High,0,Improve margins
Healthcare,Mature,Cost Optimization,462624161,199643881.847417,182703699.734461,382347581.581878,80276579.4181216,536504121.431366,224545259.121184,-0.0166063324081629,99196,374.050100081726,673.841979012456,0.173524398822139,0,23.131435792185,0.485372961576003,Low,100,Cut operational inefficiencies
Manufacturing,Growth,Profit Maximization,17893170,7473711.98948986,5517717.01179429,12991429.0012842,4901740.99871585,18651051.0932899,14182109.4990164,0.341411581339247,22401,283.85826401767,615.125446073529,0.27394480680147,0,23.0889442281493,0.792599047514575,Low,100,Improve margins
E-commerce,Growth,Cost Optimization,20576682,11006487.1195153,8308092.42558406,19314579.5450993,1262102.45490066,29161929.4861699,11043338.7558433,0.232211893296339,16708,425.993101044668,2072.73105495889,0.0613365388501732,0,30.6019632081389,0.536691909601525,Low,100,Cut operational inefficiencies
Fintech,Startup,Profit Maximization,908062,699921.963493432,793096.380442512,1493018.34393594,-584956.343935944,1059765.12210589,518399.785779153,0.0037557476924395,67459,440.475418762292,1326.89115940104,-0.644181062456026,584956.343935944,1.81169951072783,0.570885893010777,High,0,Improve margins
SaaS,Growth,Cost Optimization,31071176,10360480.4022227,14494905.1508032,24855385.5530259,6215790.44697407,44505835.7560175,7947282.22456648,0.334049079933531,7590,207.583935949383,371.866237170347,0.200050054332481,0,29.3893898198116,0.255776679471883,Low,100,Cut operational inefficiencies
Manufacturing,Mature,Profit Maximization,76577570,30701335.2943554,43329696.9350113,74031032.2293667,2546537.77063327,55164818.4275315,23046201.5644308,0.08367025763864,28611,320.491025328336,1432.63428170685,0.0332543559508779,0,33.3274107320764,0.300952375015698,Low,100,Improve margins
Fintech,Growth,Survival,21984796,11403418.3992407,8256836.37654812,19660254.7757888,2324541.22421117,24467943.5910834,10151465.06455,0.223860027210306,11117,358.252738998431,1424.8199465561,0.105734036568325,0,20.6398180506974,0.461749340978647,Low,100,Reduce costs and extend runway
Fintech,Startup,Profit Maximization,4090919,2571277.81388312,1822390.91592297,4393668.72980608,-302749.729806084,2749831.42642019,1527330.39133476,-0.0736451050732805,31036,372.731651171041,1261.07467101122,-0.0740053102508469,302749.729806084,9.08285344525821,0.373346524664691,Medium,100,Improve margins
Healthcare,Growth,Cost Optimization,49563430,16572510.2023814,22483181.9262184,39055692.1285998,10507737.8714002,57861454.9688169,35698050.1314348,0.232408995358135,19376,352.408892981241,1312.36991483693,0.212005865441519,0,31.33833403904,0.720249791659593,Low,100,Cut operational inefficiencies
Fintech,Mature,Cost Optimization,218068572,113618167.780397,123641153.36652,237259321.146917,-19190749.1469171,238486750.809202,1283609.11954675,0.15910286609126,96995,116.963921533179,493.067611878795,-0.0880032779180904,19190749.1469171,12.4271725394062,0.00588626370033163,Medium,100,Cut operational inefficiencies
E-commerce,Startup,Growth,2882540,1387081.11372572,2954741.44288566,4341822.55661138,-1459282.55661138,2167715.64930954,554012.700419276,0.134902160724341,91328,165.611428111532,712.594410938168,-0.506248848797026,1459282.55661138,1.48546670381864,0.192196014771443,High,100,Stabilize finances
SaaS,Growth,Survival,31098020,16917098.4038551,12217315.0594747,29134413.4633298,1963606.53667022,42824791.0128019,5208256.56881175,-0.0802912074398185,26808,311.654276567881,1501.29896689627,0.0631424938523489,0,13.2887298863834,0.167478719507279,Low,100,Reduce costs and extend runway
Healthcare,Startup,Survival,3183562,1101412.04780233,1843564.09375333,2944976.14155566,238585.85844434,2366853.08155893,1600704.90652628,0.178625916659205,91344,169.748580276185,749.638725127162,0.0749430538636722,0,22.2429689326541,0.502803120066854,Low,100,Reduce costs and extend runway
SaaS,Mature,Growth,343779437,86954463.6596459,113917367.77459,200871831.434236,142907605.565764,304593300.96646,233507028.415025,0.121822874399286,67167,435.627558441225,1696.65248876875,0.415695618134844,0,33.178588592342,0.679235007342878,Low,100,Invest in expansion
Healthcare,Growth,Survival,35464527,14906021.4485603,11402756.0017662,26308777.4503265,9155749.5496735,19885077.0113478,8925361.29526341,0.156044288349332,70348,386.64755054937,861.826511086881,0.258166408075131,0,16.9252820950577,0.251670106731253,Low,100,Reduce costs and extend runway
SaaS,Mature,Growth,312023078,97905450.2135137,137633441.571797,235538891.78531,76484186.2146896,431085680.965793,190192887.322696,0.152557777872003,90447,259.374889074166,441.931341792499,0.245123491201153,0,18.2945837235596,0.609547500594478,Low,100,Invest in expansion
SaaS,Growth,Growth,48229393,25071376.6051333,21762847.7874184,46834224.3925516,1395168.60744836,38103863.4319801,6978774.81775812,0.267380905677672,33261,446.735907128935,1475.64589340711,0.0289277662575675,0,30.5916628750324,0.144699619540269,Low,100,Invest in expansion
Manufacturing,Startup,Profit Maximization,4986202,4309384.12351863,4101102.21864993,8410486.34216856,-3424284.34216856,5480398.96160279,1006820.74867839,0.228407615544225,4234,114.80145076392,573.793451008337,-0.686752029333862,3424284.34216856,1.60045090126251,0.201921371953721,High,0,Improve margins
SaaS,Mature,Profit Maximization,271998133,73857231.2192651,160700975.174729,234558206.393995,37439926.6060055,63254087.007053,7149568.3535465,0.149584916631331,88987,136.058958084255,497.159596466443,0.137647733802664,0,21.7371461803427,0.0262853581923171,Low,100,Improve margins
Fintech,Growth,Growth,20487103,14136635.1278004,10043551.06896,24180186.1967604,-3693083.19676035,9736824.77136103,13299669.0211138,-0.0723200915307952,19663,210.474010793474,508.271711885122,-0.180263807760441,3693083.19676035,2.63650295771901,0.649172751321345,High,100,Stabilize finances
SaaS,Mature,Profit Maximization,456656671,224427289.726551,229643713.102448,454071002.828999,2585668.17100114,665130559.016799,260826927.764735,0.362329304791123,49608,329.904134964041,1118.46660773354,0.00566217102520142,0,29.9907428253066,0.571166358291817,Low,100,Improve margins
Manufacturing,Mature,Cost Optimization,182336959,33073534.0908632,59194106.992738,92267641.0836012,90069317.9163988,143656471.44662,138649543.151066,0.0918045201775792,42595,371.61324005298,1342.74070007413,0.493971811367101,0,19.17422760236,0.760402849271308,Low,100,Cut operational inefficiencies
SaaS,Startup,Survival,1569204,657154.978480532,939621.41618907,1596776.3946696,-27572.3946696017,213685.665988943,278413.812688071,0.290235569190077,14529,323.458538472865,1598.48528350004,-0.0175709434016238,27572.3946696017,7.74998575747681,0.177423593546837,Medium,100,Reduce costs and extend runway
Manufacturing,Startup,Survival,943810,816002.536392339,719447.29836467,1535449.83475701,-591639.834757009,1303585.03812088,645200.17085354,0.241587781619909,37307,402.281878093996,1793.89068640901,-0.626863282606678,591639.834757009,2.20334223887456,0.6836123487286,High,0,Reduce costs and extend runway
Manufacturing,Mature,Growth,73862973,38547495.3932012,35847142.209031,74394637.6022323,-531664.602232248,108805007.900665,9199934.51547707,0.0128322915260275,26542,262.264445101044,1274.4067352363,-0.00719798541323604,531664.602232248,204.649712325846,0.124554078204746,Medium,100,Stabilize finances
Healthcare,Startup,Growth,4775195,3230710.58115343,4656572.85271186,7887283.43386528,-3112088.43386528,6103948.60950151,2118736.7972232,0.35081561474318,64571,196.747725487457,446.918871854792,-0.651719654142979,3112088.43386528,1.9613673387553,0.443696392968916,High,0,Stabilize finances
SaaS,Mature,Profit Maximization,240333253,61203750.1412143,131017174.080849,192220924.222063,48112328.7779369,264459655.651032,119861255.480325,0.385277335364248,53512,201.377175531309,667.882692720106,0.200190061830257,0,35.5023189937084,0.498729385069012,Low,100,Improve margins
SaaS,Mature,Growth,61954802,20883595.9330491,19040633.2088584,39924229.1419075,22030572.8580925,71271599.8975419,15726060.9332939,0.141856916195357,73764,53.8230103732443,224.093230760249,0.355591046164469,0,29.1123430046818,0.253831187020724,Low,100,Invest in expansion
Manufacturing,Startup,Profit Maximization,4507900,2938477.5162247,2267683.46089034,5206160.97711504,-698260.97711504,4197341.83952766,2192147.85973972,0.101682152513177,83897,119.678627591355,328.718749471369,-0.154897175428701,698260.97711504,6.0111362042163,0.486290259264784,Medium,100,Improve margins
Fintech,Startup,Growth,1507576,1102374.37625329,1268683.37647168,2371057.75272496,-863481.752724963,1105496.81807263,204333.717806503,0.218410732142176,33937,368.061618294727,1737.3000019542,-0.572761673524229,863481.752724963,1.28027814668221,0.135537921674598,High,100,Stabilize finances
Fintech,Startup,Survival,2513911,1695686.34644419,1704980.04297415,3400666.38941834,-886755.389418338,3463262.046865,1757313.66719051,0.150910187770256,6356,261.815449770978,437.760502389564,-0.352739372801319,886755.389418338,3.90554383789729,0.699035752335905,High,0,Reduce costs and extend runway
E-commerce,Startup,Profit Maximization,3455000,1765477.68733849,2755607.30402383,4521084.99136232,-1066084.99136232,2203000.2607685,2361560.25483218,0.274499508702478,30355,459.078144303529,735.412542542921,-0.308562949743074,1066084.99136232,2.06643961655754,0.683519610660544,High,0,Improve margins
Fintech,Startup,Profit Maximization,4575687,3024393.01432609,3290659.89599362,6315052.91031971,-1739365.91031971,2802331.78809243,2954455.28038779,0.161643124650125,78125,166.276691541667,725.81044653946,-0.380132187870305,1739365.91031971,1.6111226346717,0.64568561625561,High,0,Improve margins
Fintech,Mature,Profit Maximization,422582554,151619452.242794,253407903.443185,405027355.685979,17555198.3140214,63758008.1328485,34431101.9374266,0.26424696692372,93948,217.071914227427,706.774665500755,0.0415426480526724,0,29.4112360428039,0.0814778121139062,Low,100,Improve margins
Healthcare,Growth,Cost Optimization,46133161,33772995.4073797,23294624.4807076,57067619.8880873,-10934458.8880873,23074793.5003272,2624449.4006676,0.0728284677709296,35925,364.787541681157,1073.22759594595,-0.237019502914343,10934458.8880873,2.11028215812913,0.0568885665707494,High,100,Cut operational inefficiencies
Fintech,Mature,Growth,285328652,114339876.415662,118146874.789341,232486751.205004,52841900.7949965,163549896.395903,207004014.444983,0.193684934287789,61516,233.184550720541,902.863856020782,0.185196615988627,0,17.4416214455607,0.725493261871869,Low,100,Invest in expansion
Manufacturing,Mature,Cost Optimization,134815170,33572099.0559658,41155651.2828915,74727750.3388573,60087419.6611427,63135567.5409688,78126615.7836455,-0.00522224573152977,9877,243.923601433247,534.927045015473,0.44570221334248,0,22.5125231124079,0.579509084798436,Low,100,Cut operational inefficiencies
SaaS,Growth,Survival,36938643,13762292.3016547,22902190.4502826,36664482.7519373,274160.24806267,20271728.5641294,3988737.68774469,0.0480883827794993,78213,211.550345635669,915.854837067177,0.00742204439027904,0,21.313403382263,0.107982788857314,Low,100,Reduce costs and extend runway
Healthcare,Mature,Growth,79159511,24954008.550801,18085585.8285955,43039594.3793965,36119916.6206035,51641415.3417758,50199325.1520709,0.0395720666111522,12155,413.466066069826,976.697341451388,0.45629282147288,0,13.5180818135683,0.634154058279502,Low,100,Invest in expansion
Healthcare,Startup,Survival,2712761,963751.081545383,1583775.70430173,2547526.78584712,165234.214152885,3597304.34494934,1632747.26427703,-0.0911774199106971,34432,362.359244289307,563.989067792498,0.0609099784879262,0,20.9437711174595,0.601876562025565,Low,100,Reduce costs and extend runway
Fintech,Startup,Profit Maximization,3360802,1742547.22395206,1502181.53269593,3244728.75664799,116073.243352007,1360765.61579887,1820312.03386487,0.301606061622047,76675,267.031095798295,1073.07174484222,0.0345373644005232,0,20.6128485838526,0.541630251905608,Low,100,Improve margins
Healthcare,Growth,Cost Optimization,37848720,21797161.4790703,19830716.9699818,41627878.4490522,-3779158.44905215,23865066.5719744,9167493.12462543,0.129673005086411,3732,409.317909318691,996.72120751587,-0.0998490424260622,3779158.44905215,6.314915580732,0.24221408609394,Medium,100,Cut operational inefficiencies
Manufacturing,Startup,Survival,752168,427596.040554113,406461.031226681,834057.071780794,-81889.0717807938,942648.714198711,515703.848145083,0.107553588427466,64310,367.410366587353,864.419226154306,-0.108870720079549,81889.0717807938,11.5112883037929,0.685623222664462,High,100,Reduce costs and extend runway
Healthcare,Startup,Profit Maximization,886918,624815.039760246,834008.170660748,1458823.210421,-571905.210420995,828815.561501429,63611.3420984688,0.0686795391786398,42016,297.35807614546,1338.7579508394,-0.644823095732632,571905.210420995,1.4492184131201,0.0717217849885432,High,100,Improve margins
Fintech,Growth,Profit Maximization,49607689,16262476.9436884,30429153.8822092,46691630.8258976,2916058.17410236,44072966.2736186,37454762.4386514,-0.0980848547498387,57275,472.301438184683,991.266675976517,0.0587823829911198,0,14.7178428393557,0.755019296275853,Low,100,Improve margins
Fintech,Mature,Growth,494381158,232595138.342754,156119903.156062,388715041.498815,105666116.501185,519515683.617789,29296990.724355,0.396416065840988,71592,179.331140230467,619.154595702226,0.213734109383644,0,19.3033822037007,0.0592599257683582,Low,100,Invest in expansion
Fintech,Startup,Profit Maximization,4076808,2482406.96735173,1838202.82544348,4320609.7927952,-243801.792795202,3062855.32395145,206085.185962066,0.199093749969264,84767,123.828614719401,309.342836000731,-0.0598021277419005,243801.792795202,12.5628908993475,0.050550623419613,Medium,100,Improve margins
SaaS,Growth,Growth,32217933,16565965.7476846,17716517.8560092,34282483.6036938,-2064550.60369376,15143061.717494,7403458.00310649,0.155669544898066,63271,336.247535589628,698.237555833991,-0.0640807901516761,2064550.60369376,7.33479803808198,0.229793078379873,Medium,100,Stabilize finances
Manufacturing,Growth,Cost Optimization,6250844,2736639.78886418,3007256.42839447,5743896.21725865,506947.782741352,1835225.56268924,2130899.57268731,0.176160748687139,26482,192.171120073537,778.74288426155,0.0811006934009795,0,32.9939297637354,0.340897896777988,Low,100,Cut operational inefficiencies
SaaS,Growth,Survival,15760301,9496775.50978772,10919215.1441463,20415990.653934,-4655689.65393398,19798775.9571799,3826650.3702787,0.0992393810546072,79460,359.760931211146,866.764980614893,-0.29540613811462,4655689.65393398,4.25259788105726,0.242803127318362,High,100,Reduce costs and extend runway
Fintech,Mature,Profit Maximization,319915631,67516276.1316807,128513810.205004,196030086.336685,123885544.663315,76190888.7728712,148391034.284967,0.213931913001051,55712,244.962919539063,1053.07636567601,0.387244425275723,0,29.7473916932187,0.463844276133437,Low,100,Improve margins
E-commerce,Startup,Growth,368602,129114.944418894,262226.58081036,391341.525229254,-22739.5252292538,64990.6683028915,196546.203718205,0.303768127698997,72933,108.896512349109,253.127848993262,-0.0616912692531614,22739.5252292538,2.85804860249601,0.533220665428307,High,100,Stabilize finances
E-commerce,Startup,Profit Maximization,3538856,3112269.32808589,2650703.66361452,5762972.99170041,-2224116.99170041,4972024.52054671,2180582.95095412,0.273850257006545,10069,414.997054837393,908.988521672645,-0.628484739616534,2224116.99170041,2.23550493930872,0.616183012519899,High,0,Improve margins
E-commerce,Startup,Growth,3803367,2160073.14409851,4451661.88722264,6611735.03132115,-2808368.03132115,3104064.33867215,2794779.58214149,0.352056830239753,19669,225.629558898411,422.225383376446,-0.738389966395868,2808368.03132115,1.10529115274535,0.734817224354497,High,0,Stabilize finances
Manufacturing,Startup,Profit Maximization,3049908,2252905.64068942,2115223.02301555,4368128.66370496,-1318220.66370496,3487075.95885291,1255226.07624058,0.0654959738017015,77570,237.32821784496,728.830158173571,-0.432216533647889,1318220.66370496,2.64529001468707,0.411561947521232,High,100,Improve margins
Healthcare,Growth,Cost Optimization,39396761,16420728.9131282,23068337.5869881,39489066.5001163,-92305.5001162961,41987222.9257159,18987382.7374288,-0.046376583252077,88640,332.581430904309,819.203186765151,-0.00234297180208028,92305.5001162961,454.872384341301,0.481952887889154,Medium,100,Cut operational inefficiencies
Manufacturing,Mature,Cost Optimization,484442807,297446308.492923,208991826.42763,506438134.920553,-21995327.9205535,101150391.646224,206318469.209116,0.0516821411070852,72304,191.728427863442,493.201401477313,-0.0454033533014217,21995327.9205535,4.5987216926966,0.425888187889052,High,100,Cut operational inefficiencies
SaaS,Startup,Profit Maximization,3893868,2434499.19917087,3638200.17643957,6072699.37561044,-2178831.37561044,2180745.49102638,887531.677511879,0.139141833755522,13641,135.997530211015,569.921399941226,-0.559554503545174,2178831.37561044,1.00087850553162,0.227930602041949,High,100,Improve margins
Fintech,Startup,Growth,159072,68453.0245239529,104187.591144485,172640.615668438,-13568.6156684381,119571.521151899,120028.840161949,0.365865712376912,70127,211.198568559383,427.233132286868,-0.0852985796899395,13568.6156684381,8.81235964476717,0.754556679754761,High,100,Stabilize finances
E-commerce,Mature,Growth,95883048,57762417.9706642,41999683.9649867,99762101.9356508,-3879053.93565084,61076959.5884617,37719466.2351288,0.348118124573067,26525,101.931331691484,438.853943757517,-0.0404560974704396,3879053.93565084,15.7453236283022,0.393390354415192,Medium,100,Stabilize finances
E-commerce,Growth,Growth,42331196,11066574.126134,24478936.7058354,35545510.8319694,6785685.16803061,42361573.5053518,8889899.64676786,-0.0738264107843435,95796,173.337438038448,746.05720104179,0.160299868872843,0,21.0522910028219,0.210008232386533,Low,100,Invest in expansion
Healthcare,Startup,Survival,2314178,1420988.55950193,2012347.72724958,3433336.28675151,-1119158.28675151,2677699.68089388,1244707.12999797,0.165600523409798,87186,415.480814281738,1882.5772930006,-0.483609422763291,1119158.28675151,2.39260139748974,0.537861447994913,High,0,Reduce costs and extend runway
Manufacturing,Startup,Survival,3940507,1786839.29680383,3942647.48170115,5729486.77850498,-1788979.77850498,2617498.5655261,2046396.59399505,0.249035273201701,74595,437.843817057114,1659.10906911699,-0.453997360873861,1788979.77850498,1.46312361770434,0.519323171864698,High,0,Reduce costs and extend runway
Fintech,Growth,Profit Maximization,33276823,20077448.4519424,25290060.9767008,45367509.4286433,-12090686.4286433,18108010.6462795,20400131.9510424,0.148974296291132,25657,187.541823576283,670.5444351746,-0.363336560964467,12090686.4286433,1.49768259669533,0.61304325689512,High,0,Improve margins
Healthcare,Mature,Survival,223380128,72961111.1811995,141031901.905022,213993013.086221,9387114.91377908,93850715.1998084,157705495.623595,-0.089939139073463,47653,159.32541275917,745.527964318672,0.042023052801631,0,14.2345717562014,0.705996084054509,Low,100,Reduce costs and extend runway
Healthcare,Growth,Survival,36759418,22045452.5978419,21114165.3306476,43159617.9284896,-6400199.92848957,52873720.6148731,15625397.9529,0.0998597754872138,11695,338.949605761485,862.127218653773,-0.174110480434962,6400199.92848957,8.26126077398196,0.425071962589287,Medium,100,Reduce costs and extend runway
SaaS,Startup,Cost Optimization,1236078,588520.856086058,1047718.58012921,1636239.43621527,-400161.436215265,1164832.01173451,60007.2052019372,0.106671229935596,62809,181.631759153464,378.910498047338,-0.323734777429309,400161.436215265,2.91090521553381,0.0485464551605459,High,100,Cut operational inefficiencies
SaaS,Growth,Survival,37482616,19859094.5473269,24017975.4080015,43877069.9553283,-6394453.95532834,41589655.898836,10575828.6591456,0.0628511057888511,48028,186.443687191854,559.903003646274,-0.170597856759206,6394453.95532834,6.50401991935221,0.282152896135788,Medium,100,Reduce costs and extend runway
SaaS,Growth,Survival,45385139,23167104.3244911,34088159.5190724,57255263.8435635,-11870124.8435635,48626870.1061739,5795963.88409262,0.348140776081894,47698,350.166585706409,1642.46306033584,-0.261542106185099,11870124.8435635,4.09657613100351,0.127706205418752,High,100,Reduce costs and extend runway
SaaS,Mature,Profit Maximization,216642394,81134172.0743172,113152911.470795,194287083.545112,22355310.4548877,133491597.183426,119591077.136261,0.0935916370779672,37234,290.099495099111,435.393946329825,0.103189916073803,0,17.7898640649127,0.552020659152524,Low,100,Improve margins
Fintech,Startup,Profit Maximization,3315400,1364899.93525627,2453467.69833841,3818367.63359467,-502967.63359467,2672109.1090785,2295967.64287212,0.0206748519187499,62463,82.9876181511739,384.202593605787,-0.151706470891799,502967.63359467,5.31268600721114,0.692516029098186,High,100,Improve margins
SaaS,Growth,Survival,23439872,11983366.3889268,9506619.40768027,21489985.7966071,1949886.20339294,25329988.5422538,7534764.83000083,-0.0618487729129602,15759,492.944890466319,1401.04004557227,0.0831867257377916,0,15.6534771340048,0.321450766881356,Low,100,Reduce costs and extend runway
SaaS,Growth,Survival,37870547,18922046.3092871,24450847.5640975,43372893.8733847,-5502346.87338466,49565048.4246202,27780655.1447361,0.398403856339427,12616,438.333820913964,1065.6223141431,-0.145293567409646,5502346.87338466,9.00798324154566,0.733568890481991,High,100,Reduce costs and extend runway
Healthcare,Startup,Profit Maximization,1860968,1117336.42686244,809788.720836571,1927125.14769902,-66157.1476990145,1184101.05321476,1086092.81729012,-0.0898294590589112,75108,110.97253351798,340.296699947324,-0.0355498577616673,66157.1476990145,17.8983087149084,0.583617137581151,High,100,Improve margins
Healthcare,Startup,Growth,885890,446841.337795375,723396.14882952,1170237.4866249,-284347.486624895,663506.791826602,629221.389796645,0.127562115516385,16465,454.825620217542,2132.17009854957,-0.320973807837197,284347.486624895,2.33343645728048,0.710270338074304,High,0,Stabilize finances
E-commerce,Mature,Survival,314491471,103198647.830763,200949050.259708,304147698.090471,10343772.9095287,296043424.267915,8629117.94647305,0.148783041694363,2502,284.784451605912,440.542491294443,0.0328904719630019,0,12.4667102020691,0.0274383210426493,Low,100,Reduce costs and extend runway
Healthcare,Growth,Growth,47237808,15725394.8211969,36225103.1888392,51950498.0100361,-4712690.01003609,21773569.5943973,15373928.0862883,0.130032058373781,44325,341.645957267482,534.421172764769,-0.0997652137041602,4712690.01003609,4.62019983237355,0.325458117918772,High,100,Stabilize finances
Manufacturing,Mature,Cost Optimization,307041422,96049779.6543323,64467048.3963064,160516828.050639,146524593.949361,237889756.062552,185699693.945876,0.126157017525668,79298,210.525426189008,752.352711086567,0.477214419458236,0,32.0537209221756,0.604803393419262,Low,100,Cut operational inefficiencies
E-commerce,Mature,Cost Optimization,159220582,49835653.3182303,114774448.923015,164610102.241246,-5389520.24124569,60815693.5055688,122157109.960389,0.206700923261086,58743,190.73350228478,610.567446274789,-0.0338493941772282,5389520.24124569,11.284064403386,0.767219340778373,High,100,Cut operational inefficiencies
SaaS,Growth,Cost Optimization,32856367,23426987.4958881,21869096.690492,45296084.18638,-12439717.18638,13039469.4485014,2762498.94449618,0.244200645354678,22328,282.703068885614,1322.56776130717,-0.37860902839258,12439717.18638,1.04821269271122,0.0840780401709107,High,100,Cut operational inefficiencies
Fintech,Mature,Growth,96378726,41610768.276602,46628165.2036361,88238933.480238,8139792.51976197,132082075.359455,9443682.33176526,0.167018056602328,30715,312.766942638984,559.388822572351,0.0844563199534508,0,30.3756560809244,0.0979851334802378,Low,100,Invest in expansion
SaaS,Startup,Cost Optimization,2136721,1439370.41591613,2301195.16950803,3740565.58542416,-1603844.58542416,1592319.16685175,1147512.20737815,-0.0189083137960613,97667,52.2854658390773,246.377232311681,-0.750610203870398,1603844.58542416,0.992813880673254,0.537043538851424,High,0,Cut operational inefficiencies
Healthcare,Startup,Profit Maximization,4759014,3958303.47537317,3478267.68593603,7436571.1613092,-2677557.1613092,4847932.23861561,1795721.35212731,0.185813846680583,69509,470.116914665563,1889.80342266181,-0.562628553164416,2677557.1613092,1.81058029634938,0.377330546228128,High,0,Improve margins
Healthcare,Startup,Growth,1999955,1107921.91928904,1872143.96952554,2980065.88881458,-980110.888814581,985455.727942346,1312720.88929278,0.192159865881355,56054,283.245765367921,882.685204178532,-0.490066470902886,980110.888814581,1.00545330042627,0.656375213088683,High,0,Stabilize finances
Fintech,Startup,Growth,3258483,2147355.02237256,2925777.83135739,5073132.85372996,-1814649.85372996,3196268.36116773,1822959.41221192,0.255560908507643,69016,436.88651255828,1356.04619278333,-0.556900205933238,1814649.85372996,1.76136920001283,0.559450336924243,High,0,Stabilize finances
Fintech,Growth,Survival,27980906,15281744.8044109,21674934.3561905,36956679.1606014,-8975773.16060136,32167298.5051422,2167260.64863412,0.138028351075531,75007,343.670906846948,1064.12484306251,-0.320782077628271,8975773.16060136,3.58379138260074,0.0774549847897749,High,100,Reduce costs and extend runway
Fintech,Growth,Growth,19220331,6021998.85239813,9245153.77361443,15267152.6260126,3953178.37398744,14986028.5843324,7349847.57903462,0.135683242203922,11109,220.965930932907,719.636216463932,0.205676914408365,0,26.5217100825059,0.382399636043449,Low,100,Invest in expansion
Manufacturing,Mature,Growth,81890577,23206430.1553825,42548401.5484829,65754831.7038654,16135745.2961346,101366290.772554,35492052.1565395,-0.0344600691476485,57238,259.477549937366,629.962732985538,0.19704031754636,0,29.6234397355946,0.433408255952812,Low,100,Invest in expansion
E-commerce,Mature,Cost Optimization,405358309,133484240.916067,96583165.6560094,230067406.572076,175290902.427924,144717569.136145,81968593.2501878,0.103318263442485,70018,239.149989244329,1148.50252008378,0.432434462390468,0,33.6608131833258,0.202212687960931,Low,100,Cut operational inefficiencies
Healthcare,Growth,Cost Optimization,6655464,3526887.1894992,3981534.2412612,7508421.43076041,-852957.430760407,7324892.15235822,4992687.44823298,0.356127280550578,860,488.02743114622,1481.35673695698,-0.12815897295221,852957.430760407,8.58764093986275,0.750163692303494,High,100,Cut operational inefficiencies
Fintech,Startup,Cost Optimization,2479093,1561417.27157511,1239124.85779562,2800542.12937074,-321449.129370735,2144283.19554388,1129428.19293237,0.0715869286036418,10547,82.9141292652278,346.270339973274,-0.129664005896808,321449.129370735,6.67067663160734,0.455581211730409,Medium,100,Cut operational inefficiencies
E-commerce,Startup,Profit Maximization,2949310,1244807.73150226,2385986.4273992,3630794.15890145,-681484.158901451,3168249.680541,388313.574387985,0.276840257771495,13413,418.742534151664,1955.33395832199,-0.231065625146713,681484.158901451,4.64904376595959,0.131662515770802,High,100,Improve margins
Fintech,Growth,Survival,19010010,7695528.13896182,16595858.5806176,24291386.7195795,-5281376.71957945,14678597.4546317,8141924.51405168,-0.015437568677911,4711,434.028080091624,2040.01511421974,-0.2778208280574,5281376.71957945,2.77931271219762,0.428296698110716,High,100,Reduce costs and extend runway
E-commerce,Growth,Cost Optimization,19700938,8481729.57478815,9731076.96019201,18212806.5349802,1488131.46501984,3363156.17196504,691598.881060111,0.260186606366102,94448,403.551117445019,1065.46712238498,0.0755360716844975,0,31.6080116039431,0.0351048706949949,Low,100,Cut operational inefficiencies
Healthcare,Growth,Survival,9830165,2337002.00852831,5092221.36745646,7429223.37598477,2400941.62401523,7147858.75791152,3504562.35398719,0.347822076531917,78727,105.477767353586,212.652049840384,0.244242250665704,0,12.7136702710705,0.35651104065773,Low,100,Reduce costs and extend runway
E-commerce,Growth,Growth,24676061,13083167.7857562,11644935.7766072,24728103.5623634,-52042.5623634122,36758368.6930546,13009903.9935316,-0.0747722146899381,41520,113.224554407983,416.544404553134,-0.0021090303822564,52042.5623634122,706.313583031743,0.527227744879201,High,100,Stabilize finances
SaaS,Growth,Growth,29908847,15707280.5126471,11164473.6114023,26871754.1240494,3037092.87595061,38266866.8040716,17284286.9733142,-0.0610030667952955,87740,78.913725329575,295.904210413368,0.101544966810343,0,26.1044340094803,0.577898806106239,Low,100,Invest in expansion
Manufacturing,Startup,Profit Maximization,4995035,3577375.27148969,2487332.39782858,6064707.66931828,-1069672.66931828,6105267.84482717,2519166.45474521,0.0464626017015614,22176,449.48818610226,738.082072605213,-0.214147182015396,1069672.66931828,5.70760384923941,0.504334094705084,High,100,Improve margins
Fintech,Growth,Profit Maximization,7988088,3481762.89319168,4793999.77559571,8275762.66878739,-287674.668787389,2492608.3424074,2823623.17609853,0.285345985380117,22766,213.162445667605,369.286614923122,-0.0360129568912347,287674.668787389,8.6646778908768,0.353479227582186,Medium,100,Improve margins
Healthcare,Growth,Survival,27488128,14238789.2224169,11174346.9849275,25413136.2073443,2074991.79265567,11698818.1914393,13363538.2243343,0.101335604126999,81778,80.6046043785892,175.577943122296,0.0754868353587289,0,17.1495556822284,0.486156722798086,Low,100,Reduce costs and extend runway
E-commerce,Mature,Profit Maximization,470292619,144725212.731246,252246462.937885,396971675.66913,73320943.3308697,614331458.019034,354482291.98051,0.15924648747112,60049,496.74694393073,2107.47058349013,0.155904941665414,0,34.1276994231642,0.753748363591711,Low,100,Improve margins
Fintech,Mature,Growth,194383646,51533466.3952669,62296160.3790044,113829626.774271,80554019.2257288,245229345.690436,54396841.1463931,0.11241426658845,48558,170.498441571853,527.237056909906,0.414407389116103,0,23.298839928305,0.279842683609264,Low,100,Invest in expansion
Manufacturing,Mature,Profit Maximization,390682276,105419934.020799,241293230.008478,346713164.029278,43969111.9707223,127768347.889944,307830993.962793,-0.0620032468420841,69878,493.218098798671,2372.48337554968,0.112544424643216,0,16.7305449317677,0.787931812813524,Low,100,Improve margins
E-commerce,Mature,Survival,134329115,47948486.1342798,55794955.7229043,103743441.857184,30585673.1428159,173209366.952934,51596881.2177609,0.0866036845525634,96288,435.039648865226,1436.21524488583,0.227692061715853,0,14.5368144931032,0.384107951710699,Low,100,Reduce costs and extend runway
Manufacturing,Growth,Cost Optimization,40514731,15710518.090124,21102799.250522,36813317.3406459,3701413.65935408,20973375.9000323,8525136.78493527,-0.0181957895781439,20225,231.253490320923,823.455740867896,0.0913596997436334,0,14.1413320333737,0.210420668594227,Low,100,Cut operational inefficiencies
Healthcare,Growth,Survival,16704145,10203997.7844186,11326606.1779568,21530603.9623754,-4826458.9623754,16144710.2861586,3780293.80442269,0.34743460035276,24174,178.816565922432,533.468583872598,-0.288937803304234,4826458.9623754,3.34504248601604,0.226308727829092,High,100,Reduce costs and extend runway
Healthcare,Growth,Cost Optimization,27884398,15884921.7055467,14564717.383253,30449639.0887998,-2565241.08879976,34511339.7474309,2868291.3135133,-0.090809505112379,9934,162.4557747366,280.983942928505,-0.0919955700244905,2565241.08879976,13.4534488388295,0.102863662809335,Medium,100,Cut operational inefficiencies
Fintech,Mature,Cost Optimization,176785397,67475647.9657246,74422007.9279447,141897655.893669,34887741.1063307,144687890.791693,70104711.6832952,0.0663670769919278,56988,318.702479006977,951.214619394308,0.197345152361938,0,22.720529321872,0.396552616182971,Low,100,Cut operational inefficiencies
Fintech,Startup,Growth,747122,462420.023574963,536280.400158563,998700.423733526,-251578.423733526,393483.215767349,108666.483588818,-0.0570448058985898,33645,327.314318256866,999.452951390701,-0.336730043732517,251578.423733526,1.5640578787636,0.14544677253356,High,100,Stabilize finances
Fintech,Growth,Survival,45908724,17209735.7248805,19698042.5021812,36907778.2270618,9000945.77293824,38471865.7827133,26965969.182223,-0.0724451800296666,55579,366.346276766069,826.638756975068,0.196061771896301,0,16.4017283666338,0.587382240948867,Low,100,Reduce costs and extend runway
E-commerce,Mature,Profit Maximization,148986475,68350336.7065367,81495789.6409052,149846126.347442,-859651.347441882,194447494.002769,648831.234716062,-0.0824126842342017,74816,337.668297431613,595.309321869527,-0.00576999588346447,859651.347441882,226.19343828332,0.00435496735335246,Medium,100,Improve margins
E-commerce,Mature,Growth,435089429,231642181.593448,187459326.955987,419101508.549434,15987920.4505658,506813579.366902,58549494.5267007,0.316787054822868,42818,291.384672386014,882.90090938352,0.0367462856712288,0,18.4289659876186,0.134568873946833,Low,100,Invest in expansion
Manufacturing,Startup,Growth,3784334,2616188.34741056,1779883.53454805,4396071.88195861,-611737.881958609,5468365.09866391,970263.570681926,0.398148402122613,2937,215.274965576319,1011.43731301877,-0.161650076858599,611737.881958609,8.93906566838035,0.256389518124438,Medium,100,Stabilize finances
Fintech,Startup,Growth,3032208,2752882.19402084,2253251.3935092,5006133.58753004,-1973925.58753004,3267032.51219087,706905.051851699,0.0680801288722599,37043,59.0206997896541,208.873736125919,-0.650986207915168,1973925.58753004,1.6550940586767,0.233132110940839,High,0,Stabilize finances
SaaS,Startup,Survival,4595433,1931314.72236163,4455256.45840509,6386571.18076672,-1791138.18076672,1071338.38149237,199301.150649423,0.262739017007744,21046,273.345247077971,796.190039651796,-0.389764834079122,1791138.18076672,0.598132736489245,0.0433693953647945,High,100,Reduce costs and extend runway
SaaS,Growth,Growth,7791671,5132675.36106702,5565228.96107115,10697904.3221382,-2906233.32213817,9587410.48010238,681652.175149549,0.0986456464729529,6906,306.267074661466,1382.45812758448,-0.372992304492601,2906233.32213817,3.2989128598418,0.0874847224875831,High,100,Stabilize finances
Healthcare,Mature,Growth,480861252,287393062.610192,203204667.200461,490597729.810654,-9736477.81065369,320640131.968908,194787488.801203,0.38575817840207,95528,406.575848911466,930.383639119609,-0.0202479982950543,9736477.81065369,32.9318402613789,0.40508044262465,Medium,100,Stabilize finances
SaaS,Mature,Cost Optimization,87509631,43788082.2835722,31821428.4992399,75609510.782812,11900120.217188,111285907.256208,69691522.7534494,-0.0887157083988115,17890,396.338973747645,1271.88496010183,0.135986406081268,0,20.1052594694932,0.796386888586576,Low,100,Cut operational inefficiencies
E-commerce,Startup,Cost Optimization,3215848,1256044.51156231,1801402.61319288,3057447.12475519,158400.875244814,2598832.60759714,1441596.93096971,0.264307578396388,76721,405.22069652161,1633.80179365481,0.0492563315320915,0,18.5769981529026,0.448278939480259,Low,100,Cut operational inefficiencies
SaaS,Startup,Cost Optimization,3347727,1097332.98226613,2170664.14383632,3267997.12610245,79729.8738975516,1387349.40858872,1339620.90727511,0.32022137527301,37048,405.068271890921,1105.19422094491,0.0238161217738339,0,21.7116897995652,0.400158348418228,Low,100,Cut operational inefficiencies
SaaS,Startup,Growth,2976673,2019078.95694554,2727537.63598132,4746616.59292686,-1769943.59292686,3416532.64178685,2289263.07251403,0.129484859032674,96841,473.81742502257,1711.9521121608,-0.594604645161513,1769943.59292686,1.93030594615567,0.769067704955845,High,0,Stabilize finances
Manufacturing,Growth,Cost Optimization,7494903,3831801.66883771,4887610.24608794,8719411.91492565,-1224508.91492565,7366171.86691345,2695760.15154729,-0.00568387678796259,53351,287.862890646849,1248.49402022398,-0.163378887615444,1224508.91492565,6.01561309772962,0.35967912480619,Medium,100,Cut operational inefficiencies
Manufacturing,Startup,Survival,1410646,711810.232546378,1056193.27317993,1768003.50572631,-357357.50572631,1784657.27369057,310113.946054797,0.266576511553293,20037,215.22633156276,731.349817602387,-0.253328975325,357357.50572631,4.99403886890063,0.21983824861432,High,100,Reduce costs and extend runway
SaaS,Growth,Survival,40883199,14836495.9351841,25575221.5828136,40411717.5179977,471481.482002288,57463401.6187468,15964216.9949045,0.215224057828995,82116,352.30067161469,1014.69428488829,0.0115324019043199,0,12.0308262126432,0.390483557681102,Low,100,Reduce costs and extend runway
SaaS,Mature,Growth,265306232,70982390.5265154,122628129.866124,193610520.39264,71695711.6073605,332820537.857311,129119246.865876,0.122176098048748,8218,71.5274656281675,320.128454502653,0.27023757062503,0,35.9419822307033,0.486680037225343,Low,100,Invest in expansion
SaaS,Mature,Cost Optimization,412524092,110414968.075727,188493221.960335,298908190.036061,113615901.963939,465653370.414756,100515741.139007,-0.0119801589225147,56514,456.815743904552,1197.1469094975,0.275416403956205,0,28.0860954250646,0.243660293030855,Low,100,Cut operational inefficiencies
SaaS,Mature,Cost Optimization,321364842,123331763.574072,94390870.1561703,217722633.730243,103642208.269757,410333114.783988,121573430.933807,-0.0804606569990224,43251,72.7685841544618,345.067160971944,0.322506368850882,0,35.0791501590074,0.378303457768436,Low,100,Cut operational inefficiencies
Healthcare,Startup,Survival,4333384,2726315.36327991,4018879.52412721,6745194.88740712,-2411810.88740712,4565090.72031929,1292653.67916206,-0.0272162450833821,54069,455.52993044781,1880.12760919938,-0.55656523571581,2411810.88740712,1.89280624950952,0.298301207361742,High,100,Reduce costs and extend runway
Fintech,Startup,Growth,3871414,2219087.75316244,4477854.22395186,6696941.9771143,-2825527.9771143,1084948.61314343,1725123.15844475,0.346986334212215,63408,199.710580861702,605.930914896678,-0.729843921914397,2825527.9771143,0.383980842494251,0.445605445050503,High,0,Stabilize finances
Healthcare,Startup,Cost Optimization,3962230,1777346.32339564,2216182.23609198,3993528.55948761,-31298.5594876129,4198445.20133728,2469278.83357411,-0.0899736451079957,14777,306.176622327736,1329.32150008594,-0.00789922833546082,31298.5594876129,134.141803011698,0.62320431513923,High,100,Cut operational inefficiencies
SaaS,Startup,Survival,3523604,2345770.89617081,2948256.94457556,5294027.84074636,-1770423.84074636,3520747.86846485,108136.742317701,0.210732211328392,65192,184.555705824206,481.338483492074,-0.502446881302882,1770423.84074636,1.98864689202367,0.0306892438303797,High,100,Reduce costs and extend runway
SaaS,Mature,Survival,485925204,249747423.635879,195204916.629531,444952340.26541,40972863.7345902,281480782.798414,299241412.399913,0.180677912094669,3371,287.515448733029,952.166176462593,0.0843192808220547,0,25.8690499545818,0.615817845908468,Low,100,Reduce costs and extend runway
SaaS,Startup,Growth,3107446,1898044.60784605,3498206.69966504,5396251.30751109,-2288805.30751109,2832391.78919317,1381011.32052098,0.269810842326497,25217,395.6402202884,1628.1727615898,-0.736555134831334,2288805.30751109,1.23749791207588,0.444420054450176,High,0,Stabilize finances
SaaS,Growth,Survival,46731520,26775275.6724298,24567004.8451787,51342280.5176085,-4610760.51760848,13932053.2638001,32991338.8515112,0.191197754204252,55364,355.155125691491,1047.88674101685,-0.0986648950774227,4610760.51760848,3.02163888377929,0.705976155954509,High,100,Reduce costs and extend runway
E-commerce,Startup,Survival,1510124,1425343.92615543,1288371.47841162,2713715.40456705,-1203591.40456705,1514062.35557324,429225.133741544,-0.0754195854224759,88151,203.097307304901,309.284487462433,-0.797014950141212,1203591.40456705,1.2579537788556,0.284231714575455,High,0,Reduce costs and extend runway
Manufacturing,Mature,Profit Maximization,445070472,94905159.5459992,136556374.170675,231461533.716674,213608938.283326,192225290.455963,159254392.840425,-0.0638118034029388,77178,150.464930481212,711.409809343286,0.479944080144067,0,22.2214357208804,0.357818374525698,Low,100,Improve margins
Healthcare,Mature,Cost Optimization,189080827,60363767.838314,139778234.31597,200142002.154284,-11061175.1542842,216976739.872648,136599651.449211,-0.030139716510523,64282,241.05767323368,1149.33313615973,-0.0584997185054845,11061175.1542842,19.6160658199693,0.722440522482012,High,100,Cut operational inefficiencies
Manufacturing,Growth,Survival,32785034,12472395.2543243,10495247.4492999,22967642.7036242,9817391.29637581,7298092.43505455,16624630.2865052,0.357308227257596,13982,377.140063787794,1331.08562132256,0.299447342234747,0,15.9003754741708,0.507079854988259,Low,100,Reduce costs and extend runway
Fintech,Startup,Survival,2032919,1504303.97785346,2136172.02318271,3640476.00103617,-1607557.00103617,1469105.70214371,75516.6883763707,-0.0931334059587109,9101,348.067336960739,714.927065241443,-0.790762937941044,1607557.00103617,0.913874718717149,0.0371469243862499,High,0,Reduce costs and extend runway
SaaS,Startup,Profit Maximization,4877376,3441182.03549082,3428744.83339257,6869926.86888339,-1992550.86888339,7052370.90137954,2351558.40274533,0.179737629728173,33459,326.230675253476,589.502662095026,-0.408529272478355,1992550.86888339,3.53936805906072,0.482135968755604,High,100,Improve margins
Manufacturing,Startup,Growth,774502,435743.460841613,696757.065229468,1132500.52607108,-357998.526071081,487343.71114158,63785.5959701288,0.259511410216801,56225,261.490295596008,1177.41490425642,-0.462230602465947,357998.526071081,1.36130088715733,0.082356915760229,High,100,Stabilize finances
Healthcare,Startup,Cost Optimization,1610902,1240759.15078674,1295710.39220126,2536469.542988,-925567.542988,1851633.93446045,563619.26330145,0.366320531276992,8107,179.733112049415,671.22997670626,-0.574564773641103,925567.542988,2.00053896497152,0.349878057946076,High,0,Cut operational inefficiencies
Manufacturing,Growth,Cost Optimization,6279372,2136238.95036898,2366533.53306243,4502772.48343141,1776599.51656859,5453669.33392264,1101755.50911642,0.114443715675105,50790,470.278102362223,1040.22953588703,0.282926304822932,0,15.5254599339104,0.175456320969106,Low,100,Cut operational inefficiencies
SaaS,Mature,Cost Optimization,133149280,23448005.7347177,46148068.6361255,69596074.3708431,63553205.6291569,197179422.895299,33576705.3005878,-0.0423494548304753,87810,373.756985451487,1678.53900523274,0.477307918068779,0,18.1668551882033,0.252173389901829,Low,100,Cut operational inefficiencies
Manufacturing,Growth,Growth,43499046,10648929.8246877,21521267.4188952,32170197.243583,11328848.7564171,30628172.7764766,8000983.83228417,0.157972939262712,63455,330.967714065625,1253.21368201131,0.26043901644227,0,13.6888345897447,0.183934696689306,Low,100,Invest in expansion
E-commerce,Startup,Cost Optimization,1918182,1298823.68248251,1683606.7208798,2982430.40336231,-1064248.40336231,2492527.74714801,1448756.49973238,0.0679730766894669,75687,92.775441574654,204.258277861991,-0.55482138992145,1064248.40336231,2.34205448584494,0.755275828744292,High,0,Cut operational inefficiencies
E-commerce,Mature,Survival,203614837,72588358.0774294,136307493.294121,208895851.371551,-5281014.37155086,150252509.170946,98663481.6938091,0.245931954080422,54772,261.987678267766,769.987357122873,-0.0259362944732306,5281014.37155086,28.4514486422089,0.484559392367901,Medium,100,Reduce costs and extend runway
Manufacturing,Growth,Growth,25360866,10127499.6474709,9963902.34668702,20091401.994158,5269464.00584204,32447700.8299981,4635389.61731237,0.333213701449378,98794,460.754323423936,882.007163879916,0.207779340257625,0,27.4982202705128,0.182777260733619,Low,100,Invest in expansion
Fintech,Mature,Profit Maximization,93985572,29934218.9087352,40806027.7592151,70740246.6679503,23245325.3320497,39839374.7982121,10253533.0483726,-0.00165572088439345,17373,180.446305790237,279.836641835316,0.247328657339551,0,25.796136908637,0.109096884023567,Low,100,Improve margins
SaaS,Growth,Survival,23875167,8481634.58867516,11288310.2534263,19769944.8421015,4105222.15789854,35292719.1610528,5687144.1150948,0.19985220670405,51790,387.121020429439,1026.14556247199,0.171945275101051,0,26.6606420044044,0.238203322937796,Low,100,Reduce costs and extend runway
Healthcare,Growth,Survival,28722901,10380537.1866315,22738564.6130899,33119101.7997214,-4396200.79972138,5045656.60951152,10506387.2615365,0.174811150553018,1215,303.887656309435,981.42087043211,-0.153055598378499,4396200.79972138,1.14773115227842,0.365784335695636,High,100,Reduce costs and extend runway
Manufacturing,Mature,Profit Maximization,350506257,101582304.9976,140253504.135466,241835809.133066,108670447.866934,108900084.914682,141203569.533121,0.300821294915684,24535,368.502790263117,1175.72344314378,0.310038539103552,0,33.5161020230159,0.402856059522844,Low,100,Improve margins
SaaS,Mature,Growth,92635059,27415295.1235908,41577218.2114818,68992513.3350726,23642545.6649274,110639788.489581,56247693.7912628,0.139322435275262,60196,496.441484162969,971.154160937069,0.255222438676564,0,31.1056446095265,0.607196609992582,Low,100,Invest in expansion
Fintech,Mature,Survival,74269034,34798316.9047477,32155974.1457057,66954291.0504534,7314742.9495466,52366981.6936007,40386062.6031453,0.204514472353458,45568,251.046425510713,792.023778836372,0.0984898086805141,0,27.4458293457557,0.543780636801407,Low,100,Reduce costs and extend runway
SaaS,Mature,Survival,466400734,91701755.2933423,191436326.936024,283138082.229366,183262651.770634,660682687.037075,97259993.7248713,0.326673248804362,17240,397.635166293145,831.422376839799,0.392929595540975,0,31.7232350221008,0.208533106049681,Low,100,Reduce costs and extend runway
Healthcare,Mature,Growth,489903227,130317185.739866,213752246.868276,344069432.608142,145833794.391858,132589808.368517,199785305.648634,0.192630437754923,77618,263.911580456391,731.642233055333,0.297678778898628,0,27.3841453756968,0.407805653520697,Low,100,Invest in expansion
SaaS,Startup,Growth,2566704,1092188.00286452,2098912.76334771,3191100.76621223,-624396.766212228,2502334.34539321,1496635.88174913,0.365956366298728,9984,205.578613486849,431.693316136253,-0.243267928912811,624396.766212228,4.00760298707679,0.583096407590877,High,100,Stabilize finances
E-commerce,Mature,Profit Maximization,295383159,157130553.803367,129637474.486801,286768028.290169,8615130.70983154,407413426.46333,207933099.363996,0.399870636129046,64270,67.3662028721602,308.273403824527,0.029165950892385,0,19.5583974590144,0.703943650910699,Low,100,Improve margins
Fintech,Mature,Survival,148346623,39412147.2288194,88015175.7811126,127427323.009932,20919299.9900679,71926441.9117214,3892600.46704167,0.11016769459775,83709,155.302379222166,278.823340633437,0.141016354582389,0,18.2211680105277,0.0262398994215168,Low,100,Reduce costs and extend runway
Manufacturing,Mature,Cost Optimization,119783850,50961441.7088153,74681597.4086296,125643039.117445,-5859189.11744484,80869982.2578308,1760502.00915529,0.0352608900859233,34329,140.152919493399,313.735592804185,-0.0489146835524559,5859189.11744484,13.8022481672511,0.0146973236304835,Medium,100,Cut operational inefficiencies
Manufacturing,Mature,Survival,306535071,125068991.596244,108879499.738884,233948491.335128,72586579.6648722,367086024.214051,111152503.69824,0.296094969137623,83138,344.649088077917,792.517298037189,0.236796981918171,0,18.5762827292531,0.362609418020688,Low,100,Reduce costs and extend runway
E-commerce,Growth,Growth,39330817,12718851.4259367,22333234.2024552,35052085.6283919,4278731.37160815,29004914.1269853,28583672.7610342,-0.047759841623021,97025,186.573304305057,505.371841250073,0.108788265741039,0,35.7853562097381,0.726750038297812,Low,100,Invest in expansion
SaaS,Mature,Survival,318210099,114501223.517501,189046756.513315,303547980.030817,14662118.9691832,340775577.365577,10109205.8343795,0.319704018804636,86887,429.366626117467,1243.3922262106,0.046076849902816,0,24.5310358423722,0.0317689660577978,Low,100,Reduce costs and extend runway
E-commerce,Growth,Profit Maximization,32391477,18763314.2340145,14257469.1321834,33020783.3661979,-629306.36619788,25816553.0534938,21813941.9495254,0.300676029135124,55424,254.490043621794,1045.44683848441,-0.0194281466756789,629306.36619788,41.0238231173018,0.673446967223055,High,100,Improve margins
E-commerce,Startup,Survival,4695772,4103125.55844201,3404952.39071784,7508077.94915984,-2812305.94915984,860604.598271732,2294945.94971262,0.089103391936539,48988,99.175750415672,424.506406370354,-0.598901724606698,2812305.94915984,0.306013859739845,0.488726017726717,High,0,Reduce costs and extend runway
Manufacturing,Growth,Survival,16679241,5654591.57918532,12249488.3683823,17904079.9475676,-1224838.94756762,12337874.579602,12571583.166561,0.343929674867776,71300,95.3387797818093,379.098437474748,-0.0734349331344048,1224838.94756762,10.0730586695528,0.753726333623995,High,100,Reduce costs and extend runway
Manufacturing,Startup,Survival,316651,109743.782918956,214756.132877675,324499.915796631,-7848.91579663107,109542.63235367,243255.442146297,0.246584680126923,44976,398.210336856065,1096.77833642724,-0.0247872762019734,7848.91579663107,13.9564030487738,0.768213086793653,High,100,Reduce costs and extend runway
Fintech,Startup,Growth,4598907,2592891.77858206,5105982.83571505,7698874.61429711,-3099967.61429711,3250733.64012799,1459610.67110981,0.369026926776965,86693,266.506561317581,710.716348642494,-0.674066167090814,3099967.61429711,1.04863470996779,0.317382080374709,High,0,Stabilize finances
SaaS,Growth,Profit Maximization,26040202,13406095.8521016,12383932.5945405,25790028.4466421,250173.553357896,27608519.6503628,17358842.00401,0.0249794906197478,4037,378.687319258881,1274.30839881872,0.00960720478888357,0,34.3446238314016,0.666617025628678,Low,100,Improve margins
SaaS,Mature,Profit Maximization,122346128,61689599.0767536,56571174.6385361,118260773.71529,4085354.28471027,165185677.130661,43843335.9533101,0.165236593598896,12250,378.355286141259,636.454292964521,0.0333917742350643,0,33.2218841742949,0.358354912166163,Low,100,Improve margins
Healthcare,Growth,Growth,36474949,11472284.172258,17494043.9705416,28966328.1427996,7508620.85720039,50292483.2077045,11941182.815597,0.274116858246755,40868,161.404028663803,698.186968246075,0.205856925453148,0,30.3118304709527,0.327380384153437,Low,100,Invest in expansion
SaaS,Mature,Survival,203085595,62990885.1418486,112196523.123027,175187408.264876,27898186.735124,160998103.65025,120602014.31105,0.285205893534322,65137,106.448803002734,452.693826043752,0.137371568550315,0,12.4334452742391,0.59384819642698,Low,100,Reduce costs and extend runway
Fintech,Mature,Cost Optimization,319555272,72486280.3624916,133725953.735877,206212234.098368,113343037.901632,268991224.702929,74133600.1063757,0.214452572461808,80622,493.22764236274,789.621520941089,0.354689932643739,0,20.1153597236114,0.231989914115314,Low,100,Cut operational inefficiencies
Healthcare,Mature,Cost Optimization,431770616,163052615.306705,277531640.786072,440584256.092777,-8813640.09277743,513686424.98378,210210665.331863,0.385452355724935,40744,405.77133414639,798.314852801029,-0.0204127834692147,8813640.09277743,58.2831179372452,0.486857274539179,Medium,100,Cut operational inefficiencies
Manufacturing,Startup,Growth,3407657,2442388.48027789,3309171.33149041,5751559.8117683,-2343902.8117683,2262297.77910305,98705.5424466542,0.175570668097367,7144,59.9912658445326,153.759622909795,-0.68783413699451,2343902.8117683,0.965184122713824,0.028965809189908,High,100,Stabilize finances
Manufacturing,Mature,Profit Maximization,59675864,19308215.4933884,19180417.9066716,38488633.40006,21187230.5999401,22406036.4799959,42759089.4561989,-0.0472008019869295,29462,131.562614998198,525.201624958979,0.355038522775976,0,21.2390093433014,0.716522335666542,Low,100,Improve margins
Manufacturing,Growth,Survival,46036858,21379076.5826208,41873235.2600756,63252311.8426964,-17215453.8426964,31713978.0799752,17712832.414135,0.0881559084774988,8345,73.5209004027184,286.686308860183,-0.373949365586513,17215453.8426964,1.84218077372557,0.384753286467443,High,100,Reduce costs and extend runway
Manufacturing,Startup,Profit Maximization,991712,876522.559992843,744361.434978648,1620883.99497149,-629171.99497149,774475.77998541,236781.681654534,0.219046362898226,22249,492.075749532905,1079.17541702908,-0.634430152071862,629171.99497149,1.23094445743807,0.238760528918208,High,0,Improve margins
Manufacturing,Startup,Survival,4474296,2922190.50160369,4601191.98605035,7523382.48765404,-3049086.48765404,458780.20625028,801142.693735948,0.0702205400497092,83311,117.170605701161,274.587779875575,-0.681467316345195,3049086.48765404,0.150464805805907,0.179054468845143,High,0,Reduce costs and extend runway
Healthcare,Startup,Cost Optimization,1085979,749701.706233613,584245.706035667,1333947.41226928,-247968.412269279,709129.494628795,291049.817435271,0.00364126127486777,84820,207.831784281939,862.932595773315,-0.228336286677071,247968.412269279,2.85975737046186,0.268006855966157,High,100,Cut operational inefficiencies
Healthcare,Startup,Survival,4514679,3215881.3459492,3151220.52853486,6367101.87448406,-1852422.87448406,469431.876046113,3362165.04282613,-0.0445398845625968,49992,396.967266610185,1200.15411957074,-0.410311092878155,1852422.87448406,0.253415071964527,0.744718515497144,High,0,Reduce costs and extend runway
SaaS,Mature,Growth,287999137,160360768.994604,134827875.749913,295188644.744517,-7189507.74451739,424332405.760778,213475968.996437,0.349061917356439,27759,220.757621267059,722.523137514829,-0.0249636433616028,7189507.74451739,59.0210652578221,0.74123822460078,High,100,Stabilize finances
Manufacturing,Growth,Profit Maximization,38734548,26384879.7801383,20614896.2153079,46999775.9954462,-8265227.99544616,14316842.2809365,3024974.85251939,0.348897903196013,49188,125.717199952102,444.508319050359,-0.213381294534434,8265227.99544616,1.73217753809387,0.0780950084281192,High,100,Improve margins
Manufacturing,Mature,Profit Maximization,433676501,98543691.9193062,228462288.923899,327005980.843205,106670520.156795,233572272.200699,182754499.80449,0.0621254369259853,51555,93.6127971801477,319.975584216873,0.245967950559523,0,28.8657191829501,0.421407430153772,Low,100,Improve margins
Healthcare,Growth,Survival,14782357,6119326.49229941,5807976.64874521,11927303.1410446,2855053.85895538,15496028.2717424,288869.52322052,0.105873833795122,15001,357.94789270487,987.828486920983,0.193139284821452,0,28.0273492796788,0.0195415063525066,Low,100,Reduce costs and extend runway
Manufacturing,Mature,Profit Maximization,255309619,134577304.483299,114224422.946381,248801727.42968,6507891.5703201,281506502.534896,41715267.5222221,0.0236025594653166,93437,96.520103240882,205.811693085752,0.0254901934200924,0,15.1206301356032,0.163390896455892,Low,100,Improve margins
Healthcare,Growth,Profit Maximization,36227450,13671646.201565,30920090.599699,44591736.8012641,-8364286.80126406,45053513.9460948,404269.90176823,0.228559419530637,52215,266.056803056394,1158.63198611801,-0.230882571123942,8364286.80126406,5.38641428929554,0.0111592149535292,High,100,Improve margins
Fintech,Growth,Cost Optimization,49578506,17695350.0810584,19426660.7693644,37122010.8504228,12456495.1495772,41096491.0106543,29437773.7471345,0.154867755001969,92354,113.499341749692,412.092599711143,0.251247892576214,0,16.3031096462412,0.593760807296906,Low,100,Cut operational inefficiencies
SaaS,Mature,Survival,470609042,156386494.161579,171923004.788092,328309498.949671,142299543.050329,605304617.788647,166134154.301708,-0.0910210681249245,73328,453.887880069589,1391.19438718733,0.302373159779469,0,22.4869166660088,0.353019469400055,Low,100,Reduce costs and extend runway
Fintech,Startup,Growth,2018715,1623651.5160704,1721956.34244766,3345607.85851806,-1326892.85851806,2023140.90643096,45764.1889205555,0.314265129790754,26570,265.737109382196,876.391295224786,-0.65729578396062,1326892.85851806,1.52472062340474,0.0226699603067077,High,100,Stabilize finances
Healthcare,Startup,Survival,2607413,1110005.10764514,1655849.92223697,2765855.0298821,-158442.029882103,1788240.22229025,1060776.73335737,0.138376937754164,61109,337.980373301557,1524.59110400176,-0.0607659890788697,158442.029882103,11.2864006073445,0.406831113198166,Medium,100,Reduce costs and extend runway
Manufacturing,Growth,Survival,12718742,3979908.89632302,8318996.85037226,12298905.7466953,419836.253304729,4332298.390854,602596.753381327,-0.04730153258543,85564,363.299646254573,806.982329119173,0.0330092593516504,0,22.5895120582012,0.047378644317286,Low,100,Reduce costs and extend runway
Healthcare,Mature,Growth,54040015,23311492.9312663,26543417.1387319,49854910.0699981,4185104.93000187,73768134.0334665,4798529.12740549,-0.0114392711987903,64168,411.384039051985,1238.80810113393,0.0774445552985481,0,30.8594036218644,0.0887958511374485,Low,100,Invest in expansion
Fintech,Mature,Growth,426321905,174284736.992797,194388048.672847,368672785.665645,57649119.3343555,140291284.162686,42604841.349749,-0.0866616186955637,21309,485.632626309355,2008.31025821509,0.135224389500595,0,31.4679024930992,0.0999358485925067,Low,100,Invest in expansion
Fintech,Mature,Cost Optimization,142862059,64066983.6434206,44762597.7086294,108829581.35205,34032477.6479501,181119679.047462,55968101.0334518,0.281285556395777,15587,192.764847402365,479.358645679171,0.238219145700189,0,24.7406168229234,0.391763225486284,Low,100,Cut operational inefficiencies
Manufacturing,Startup,Growth,929119,629702.752378225,911680.275369273,1541383.0277475,-612264.027747497,106369.106348766,465432.183415448,0.251956713064054,65983,251.299591999785,1071.67368750421,-0.658972669536945,612264.027747497,0.173730778762383,0.500939259035116,High,0,Stabilize finances
Manufacturing,Startup,Growth,1839549,1228224.69295749,1433490.18005527,2661714.87301276,-822165.87301276,1391336.52355717,432311.487812524,0.0386733808623146,76795,308.975458311077,921.375883303742,-0.446938827404304,822165.87301276,1.69228201902705,0.235009498421909,High,100,Stabilize finances
E-commerce,Startup,Growth,3522578,1856230.59004515,1525493.85377821,3381724.44382336,140853.556176636,3125688.19458482,1890431.44601147,0.251546951879716,46256,317.770855215693,576.971759586473,0.0399859296732779,0,26.5443600595066,0.536661344620748,Low,100,Invest in expansion
Manufacturing,Mature,Survival,267325938,132961192.931569,127119108.862786,260080301.794355,7245636.20564461,247442408.628968,96218684.9774971,0.329186689880531,77602,215.146970186876,561.426748926545,0.0271041271185762,0,32.3997022360563,0.359930224868404,Low,100,Reduce costs and extend runway
Healthcare,Growth,Cost Optimization,10831398,7714395.98959779,6179569.9458056,13893965.9354034,-3062567.93540339,7511604.28896296,575997.543681088,-0.09920767776683,32542,251.818352601185,1242.03579586344,-0.282749090690176,3062567.93540339,2.45271433888161,0.0531785041673373,High,100,Cut operational inefficiencies
Manufacturing,Mature,Profit Maximization,86574011,52614573.7693773,40291950.4882501,92906524.2576274,-6332513.25762738,47222873.9851275,11496143.6391947,0.272946132532741,36675,307.322947032211,733.809955023284,-0.0731456609724064,6332513.25762738,7.45720886225521,0.132789777283101,Medium,100,Improve margins
E-commerce,Mature,Cost Optimization,72938234,26920271.3570431,43829096.0239402,70749367.3809833,2188866.61901675,78566185.1364999,92160.1473322145,0.335753606745317,62768,139.587040772581,496.505701897248,0.0300098658683833,0,13.5370445727549,0.0012635368623295,Low,100,Cut operational inefficiencies
Fintech,Growth,Growth,29437987,10367339.3632519,10695367.1139091,21062706.4771609,8375280.52283907,20003008.5822787,6359982.09147003,0.00341855530830423,3788,294.316875094903,709.368306305652,0.284505884279352,0,26.1045630614357,0.216046772881245,Low,100,Invest in expansion
SaaS,Growth,Cost Optimization,39793101,13268561.8056272,21326463.7037664,34595025.5093936,5198075.49060641,53922119.0337488,20253696.0858727,0.265342048710388,48368,475.243153500129,948.414117186915,0.130627555027853,0,27.4280013795777,0.508975062935476,Low,100,Cut operational inefficiencies
Manufacturing,Startup,Survival,3155068,3178379.4121075,2393367.56367212,5571746.97577963,-2416678.97577963,1509815.29085117,2028183.15738256,0.397802100901753,34369,95.4898673783967,246.456049649362,-0.76596731854262,2416678.97577963,0.624747972727367,0.642833421461142,High,0,Reduce costs and extend runway
Manufacturing,Growth,Profit Maximization,10923808,2476500.95806885,5342590.99851204,7819091.95658089,3104716.04341911,1893838.31981447,7933444.90377254,0.260628953966912,55361,88.3402149018479,333.512896291969,0.28421554492894,0,27.6877554337349,0.726252686221924,Low,100,Improve margins
Healthcare,Growth,Growth,9443131,7386396.03659598,5356675.19970145,12743071.2362974,-3299940.23629743,10470741.836913,5784962.68451758,-0.0542585210351765,89672,58.11705927709,277.211779187536,-0.349454035562721,3299940.23629743,3.17300953567005,0.612610656838032,High,100,Stabilize finances
Fintech,Startup,Survival,868976,667995.70993658,480605.012482934,1148600.72241951,-279624.722419514,312974.634843729,679882.250709085,0.39714399288053,60792,112.683510233195,177.809349814494,-0.321786473296747,279624.722419514,1.11926668048393,0.782394738990588,High,0,Reduce costs and extend runway
Manufacturing,Mature,Profit Maximization,181578805,95802162.3724803,95980115.8312324,191782278.203713,-10203473.2037127,193779975.74732,114317461.404487,-0.0418257750712981,81401,485.693567466515,2297.45455874169,-0.0561930848906773,10203473.2037127,18.9915700152777,0.629574918749394,High,100,Improve margins
Manufacturing,Growth,Profit Maximization,45700855,18686413.4440868,40726300.6711379,59412714.1152246,-13711859.1152246,14072408.0793272,15134942.2104828,0.141696033341063,79046,255.792474451769,1141.26379179103,-0.300035067510764,13711859.1152246,1.02629468120062,0.331174158787243,High,100,Improve margins
Manufacturing,Growth,Profit Maximization,7203092,2783943.58814342,5592908.6443456,8376852.23248902,-1173760.23248902,5637242.40548368,4020168.86290366,0.164947648276971,55928,356.020725368421,1325.48276969619,-0.162952275562914,1173760.23248902,4.80272056374717,0.55811710622378,High,100,Improve margins
Healthcare,Mature,Growth,185746090,83519366.4287262,97101860.6061374,180621227.034864,5124862.9651365,102801874.444273,20246407.7809003,0.343781535908096,35461,445.151838643566,1580.50378112561,0.0275906909541757,0,28.18061079876,0.109000452073582,Low,100,Invest in expansion
Manufacturing,Mature,Survival,108554917,58087561.8563549,49328956.3865374,107416518.242892,1138398.75710768,139383646.552226,10032028.8465022,0.384680622497888,4032,90.9663417254488,342.827773996924,0.0104868465525857,0,21.9166674912671,0.0924143200855857,Low,100,Reduce costs and extend runway
E-commerce,Mature,Cost Optimization,452463294,114815761.154397,189656569.96504,304472331.119437,147990962.880563,465952976.314063,151806079.770331,0.382705349684306,22172,446.834660369307,1429.19284600194,0.327078383689977,0,25.0088002823329,0.335510265215749,Low,100,Cut operational inefficiencies
E-commerce,Startup,Growth,3945066,2500202.63136799,1767865.04973264,4268067.68110063,-323001.681100634,2846694.53232204,551389.541119628,-0.000674673659430441,38993,437.478321415874,763.188247395862,-0.0818748485071312,323001.681100634,8.81324989585774,0.139766873639029,Medium,100,Stabilize finances
Manufacturing,Startup,Cost Optimization,4931851,1900526.92421306,4067285.5371442,5967812.46135726,-1035961.46135726,2357242.75125895,3031790.58240851,0.342507662273629,355,58.3909638866523,252.029760847652,-0.210055304054657,1035961.46135726,2.27541548521564,0.614736856893794,High,100,Cut operational inefficiencies
E-commerce,Startup,Growth,3579566,2983013.73912325,2399481.1469403,5382494.88606355,-1802928.88606355,405760.041707565,1153737.16550856,0.353621583638539,75806,53.901090430309,255.831260533076,-0.503672480424596,1802928.88606355,0.225056043443559,0.322312024840039,High,46.5060092119441,Stabilize finances
SaaS,Startup,Growth,4348949,1649319.45151846,3840969.83191854,5490289.283437,-1141340.283437,3461437.37673658,2619142.33909573,0.311634326557386,10667,253.196160267841,741.376161891069,-0.26244048468653,1141340.283437,3.03278297188714,0.602247195608808,High,100,Stabilize finances
Manufacturing,Startup,Survival,2328553,1673955.4010985,2260694.48457292,3934649.88567142,-1606096.88567142,3202742.9777272,1850107.52302782,-0.046953975026024,90145,227.518084106377,1122.56494082809,-0.689740317558339,1606096.88567142,1.99411567651991,0.794530991146783,High,0,Reduce costs and extend runway
E-commerce,Mature,Growth,114418062,33536929.0340128,67885056.0526554,101421985.086668,12996076.9133319,146721729.902253,53305769.1197369,0.393033740104801,65269,59.1807248096929,213.980423597892,0.113584137732834,0,18.648610772871,0.465885964051173,Low,100,Invest in expansion
Fintech,Growth,Profit Maximization,42016519,24917472.3869546,24692650.2517538,49610122.6387085,-7593603.63870846,17230594.9656539,1169712.99396266,0.104624786892699,36945,414.508000120819,1427.96638636592,-0.180729004197336,7593603.63870846,2.26909327711296,0.0278393598946801,High,100,Improve margins
Manufacturing,Growth,Profit Maximization,20643927,7879334.12241086,12713017.9459773,20592352.0683881,51574.931611862,9724298.80356221,8855291.41717235,0.124574101366106,92051,91.0118025903683,365.422680144939,0.00249831011376188,0,17.1296805115659,0.428953823425763,Low,100,Improve margins
Manufacturing,Mature,Cost Optimization,491429611,131120002.820807,261890752.972314,393010755.79312,98418855.2068796,352390473.978888,188304253.356425,0.348497039092837,87795,478.995919199212,1531.81059303855,0.200270502639451,0,35.3707320234943,0.383176449162777,Low,100,Cut operational inefficiencies
Manufacturing,Mature,Growth,291035506,113306340.375539,128981251.827823,242287592.203362,48747913.7966381,317183194.37032,41322812.5219341,0.0261115671153094,2193,78.6240482794253,178.773478555058,0.1674981670334,0,24.2985544498532,0.141985467992809,Low,100,Invest in expansion
E-commerce,Mature,Profit Maximization,244850870,58412232.9654464,111833067.351407,170245300.316853,74605569.6831469,267843909.941009,104546505.502851,-0.0280827645048446,90544,494.246504674014,2266.54566440413,0.304697997124319,0,21.4718421107987,0.426980330937156,Low,100,Improve margins
E-commerce,Mature,Survival,151047829,30599358.8989253,52803774.7391419,83403133.6380673,67644695.3619328,54872956.3681232,51721115.1647953,0.229141891713079,52207,55.35402451032,139.826801010403,0.447836263584648,0,12.1421775708961,0.342415481951715,Low,100,Reduce costs and extend runway
E-commerce,Mature,Profit Maximization,434274155,193310554.491773,261855044.930549,455165599.422322,-20891444.4223222,322793410.597437,121544732.523925,0.213753077100883,63689,156.764463645712,379.247356291229,-0.0481065800987448,20891444.4223222,15.4509857754276,0.279880188872684,Medium,100,Improve margins
Healthcare,Startup,Profit Maximization,1239391,537134.279002249,1139634.44176648,1676768.72076873,-437377.720768729,1379458.27105861,799129.698994898,0.0447489325598598,9565,424.819241776812,1741.55720416647,-0.352897286464666,437377.720768729,3.15392898530382,0.644776102936763,High,48.3236684940247,Improve margins
Manufacturing,Mature,Growth,185807019,96048269.603706,73947190.3500492,169995459.953755,15811559.0462448,147531481.774332,46563349.0318165,0.276833068954791,17282,377.001711166196,1809.27247536349,0.0850966725118432,0,31.9725876553814,0.250600592391058,Low,100,Invest in expansion
Manufacturing,Startup,Growth,3749175,1762581.84151717,2812804.67101144,4575386.51252861,-826211.512528605,1299182.87857766,2229508.14097402,0.0260349434250858,21027,489.84126876024,1217.68550646814,-0.220371551749013,826211.512528605,1.5724579709638,0.594666330852525,High,100,Stabilize finances
Fintech,Growth,Growth,23211852,12401643.1319799,13445394.8319677,25847037.9639476,-2635185.9639476,15929425.5950539,8019113.4984643,-0.0730337085795644,25814,63.8488302166221,233.758204873034,-0.113527604947145,2635185.9639476,6.04489619062446,0.345474953849624,Medium,100,Stabilize finances
Fintech,Mature,Growth,292944760,79308615.1768298,84921182.0761318,164229797.252962,128714962.747039,109876464.833271,58924116.471456,-0.0132139279242801,45630,212.569874782695,477.595774466614,0.439383052105245,0,21.2412163008868,0.201144121749971,Low,100,Invest in expansion
SaaS,Growth,Survival,14779110,5289004.96331007,5259250.38830683,10548255.3516169,4230854.6483831,12302447.580972,10624866.8573153,-0.0178036578357929,6905,81.5531205861453,129.835996743315,0.286272627268022,0,18.2646879670428,0.718911142640883,Low,100,Reduce costs and extend runway
SaaS,Startup,Profit Maximization,3597172,2672855.08751258,3304895.33691236,5977750.42442494,-2380578.42442494,546312.551961772,1540316.91994559,0.252397799962648,97523,488.161460682589,1126.30332526283,-0.661791658676577,2380578.42442494,0.229487315501375,0.428202187703447,High,0,Improve margins
Fintech,Mature,Cost Optimization,316208477,125991213.812556,194876124.308335,320867338.120891,-4658861.12089068,323290777.207305,143291435.974008,0.135878154695437,1752,102.670282717847,220.457847279289,-0.0147335111477441,4658861.12089068,69.3926624594249,0.453154948069301,Medium,100,Cut operational inefficiencies
Manufacturing,Growth,Growth,44610527,18343724.2245406,17275878.386726,35619602.6112666,8990924.38873345,31771363.3858694,14402013.3156975,-0.0315166827278821,83556,121.023826781505,505.29069409313,0.201542662536433,0,23.8241839274641,0.322838896650951,Low,100,Invest in expansion
Fintech,Mature,Cost Optimization,274029045,138053045.687888,111858772.668444,249911818.356332,24117226.6436685,186555315.324851,168332956.365597,-0.0797454135293391,72671,349.976023967428,1266.45918209793,0.0880097459875776,0,14.0899691901943,0.614288738500684,Low,100,Cut operational inefficiencies
Fintech,Startup,Growth,1517003,782942.599807717,700384.720403458,1483327.32021118,33675.6797888253,818668.272593685,557771.116479867,0.0184064637268846,26425,185.669786909462,907.567539946784,0.0221988221439413,0,28.8707411668058,0.367679639710579,Low,100,Invest in expansion
E-commerce,Mature,Survival,389327020,176527842.371629,142933768.964597,319461611.336226,69865408.6637739,356931438.40303,19172542.2808868,0.227707848401428,2465,400.982207243177,1537.0555239666,0.17945173356777,0,19.4108558004621,0.0492453420799994,Low,100,Reduce costs and extend runway
Healthcare,Startup,Survival,1281597,834492.418997699,1222474.63992677,2056967.05892447,-775370.058924466,664542.416049407,573975.815966254,-0.0958171700079279,2019,106.776315566932,229.456041045932,-0.605003022732158,775370.058924466,0.857064840717746,0.447859831106232,High,0,Reduce costs and extend runway
E-commerce,Growth,Cost Optimization,11568056,4260775.17074463,9121491.89369008,13382267.0644347,-1814211.06443472,9668709.88423574,4596175.70324295,-0.0279160920909753,63675,266.826764109316,516.365451562539,-0.156829381223147,1814211.06443472,5.32942945491757,0.397316169911604,High,100,Cut operational inefficiencies
Healthcare,Mature,Profit Maximization,369088347,90632197.9714727,117111954.372361,207744152.343834,161344194.656167,160284827.493065,246717784.252836,0.29195979243377,95839,55.7404158683438,219.243989276361,0.437142478129136,0,22.0319812060884,0.668451838856988,Low,100,Improve margins
Manufacturing,Startup,Growth,2793974,2120049.05219169,1997299.80813155,4117348.86032324,-1323374.86032324,1156598.32852921,220019.214215413,0.358403289037388,93533,100.626859957141,184.357947422916,-0.473653248141622,1323374.86032324,0.873976348807705,0.0787477672359918,High,100,Stabilize finances
E-commerce,Mature,Profit Maximization,241398878,72157203.127217,79581314.08122,151738517.208437,89660360.7915629,173826440.644797,6599959.07960608,0.0598260311276503,34931,210.295092764241,320.7956643367,0.371419956606273,0,13.4618934449167,0.0273404712328699,Low,100,Improve margins
SaaS,Mature,Survival,478053303,122247612.382602,169760895.865354,292008508.247956,186044794.752044,164694187.224147,324613969.557599,0.0490974389377994,99287,113.020165460403,296.935847888996,0.38917165425807,0,25.8860483662308,0.679033002220673,Low,100,Reduce costs and extend runway
Healthcare,Mature,Survival,192277505,107590025.405988,93830377.008989,201420402.414977,-9142897.41497678,222582782.020621,93326821.6281408,0.213391908525922,11905,359.318487964009,679.305290080984,-0.047550530754894,9142897.41497678,24.3448845500567,0.485375663825786,Medium,100,Reduce costs and extend runway
E-commerce,Growth,Cost Optimization,40252022,28125128.998592,21942850.5842854,50067979.5828774,-9815957.58287741,16177113.2626419,2698629.48446871,0.141447218299299,52028,488.605284863202,1765.60387377733,-0.243862471874765,9815957.58287741,1.64804229501365,0.0670433272760486,High,100,Cut operational inefficiencies
Healthcare,Mature,Survival,166268783,93323739.7961891,75815248.7710831,169138988.567272,-2870205.56727216,168628107.793802,66810104.3742119,0.260744586565836,33629,317.124745000887,657.922019509063,-0.0172624440708883,2870205.56727216,58.7512301267209,0.40181989167631,Medium,100,Reduce costs and extend runway
Fintech,Mature,Survival,247041292,55250270.9052283,101979909.710412,157230180.615641,89811111.3843595,255599395.011023,120446522.924044,0.221776061493709,44832,358.963925951495,998.852741307057,0.363546962765882,0,30.1389898292473,0.487556237861823,Low,100,Reduce costs and extend runway
Fintech,Startup,Profit Maximization,3187399,1324059.84385714,2308116.93232988,3632176.77618702,-444777.77618702,4001872.41779422,2516980.27196021,0.178440295073983,13380,173.5450631332,760.878951025716,-0.139542547446059,444777.77618702,8.99746487358556,0.789665891204776,High,100,Improve margins
E-commerce,Mature,Cost Optimization,433125796,136738959.978926,307246423.874261,443985383.853187,-10859587.8531867,384084641.900703,74239644.437774,0.0704415077461786,55897,169.068700346464,561.013312464119,-0.0250725954294966,10859587.8531867,35.3682521927382,0.171404347474548,Medium,100,Cut operational inefficiencies
SaaS,Mature,Cost Optimization,389705780,162022864.739686,163025771.593994,325048636.33368,64657143.6663197,361912028.534317,229546025.802972,0.185669764226539,35790,297.270308080319,1151.76411199642,0.165912714115556,0,26.5850186839663,0.589023919026737,Low,100,Cut operational inefficiencies
Healthcare,Startup,Growth,2187403,1350120.32549681,1265732.3395417,2615852.66503851,-428449.665038505,2190200.36326148,582406.305205605,0.27743626445428,57660,398.1413277749,1232.11096996735,-0.195871389514646,428449.665038505,5.11191988693619,0.266254688873338,High,100,Stabilize finances
Fintech,Mature,Cost Optimization,418171442,243022312.86023,202566885.183918,445589198.044148,-27417756.0441483,385877005.491067,84364242.3870253,0.00185869663883329,95840,301.428249586043,1111.45577065186,-0.0655658260951934,27417756.0441483,14.0739820162425,0.201745585455416,Medium,100,Cut operational inefficiencies
Fintech,Startup,Growth,3883847,2244556.95495609,1628151.55816832,3872708.51312441,11138.4868755862,5355860.80639325,1632335.78498657,0.262455135918042,56540,433.466486510005,1498.55891521805,0.00286790053150554,0,24.7711857499765,0.420288385455598,Low,100,Invest in expansion
SaaS,Startup,Profit Maximization,4026176,1911946.04937072,2750343.70790076,4662289.75727148,-636113.757271475,875520.737746283,168379.100327536,0.0267285648365081,17961,96.6986188856333,420.179617519179,-0.157994523158321,636113.757271475,1.37635875303454,0.0418210978177646,High,100,Improve margins
Manufacturing,Mature,Cost Optimization,146884786,47904741.9914869,95583869.8865912,143488611.878078,3396174.12192184,124401132.302478,11899451.5508696,0.336287009648822,31557,303.935479101424,577.740326378837,0.0231213471075339,0,35.9277720675012,0.0810121447899277,Low,100,Cut operational inefficiencies
Healthcare,Mature,Cost Optimization,185332787,70230520.2861077,101410975.539873,171641495.82598,13691291.1740196,234739547.701055,67353007.5185811,0.259779206632718,3635,309.705021461499,1225.95535689984,0.073874091010241,0,27.2182066819161,0.36341657948834,Low,100,Cut operational inefficiencies
SaaS,Growth,Survival,38767060,20219094.2879059,33405418.5931479,53624512.8810538,-14857452.8810538,28632501.2276133,931036.713278016,0.0986137647831163,1985,244.560196466044,1215.69604727596,-0.383249410222333,14857452.8810538,1.92714736885523,0.0240161805738691,High,100,Reduce costs and extend runway
E-commerce,Mature,Profit Maximization,225170289,135431620.099881,90607563.762386,226039183.862267,-868894.862266481,114758589.828828,64450028.1213073,0.370816590742601,38394,149.049423508624,328.520636971397,-0.00385883442316176,868894.862266481,132.074195408964,0.286227940673413,Medium,100,Improve margins
Healthcare,Mature,Survival,68814991,22858388.9780983,18899386.7302955,41757775.7083938,27057215.2916062,33483040.7891404,51218538.5521551,0.0823199955068915,5694,281.537121462008,527.628306658134,0.393187805424638,0,27.8428536719082,0.744293326321224,Low,100,Reduce costs and extend runway
E-commerce,Mature,Profit Maximization,469239166,254505343.407858,242918487.421174,497423830.829032,-28184664.8290322,536908115.023684,298316200.391273,0.273871712963805,64914,198.20908591248,393.209623347956,-0.0600646043025152,28184664.8290322,19.0496540682871,0.635744460408646,High,100,Improve margins
Healthcare,Growth,Growth,28986619,12030206.9224598,12843703.2966613,24873910.2191211,4112708.78087894,20469256.6661602,1647009.66567261,0.14393830299903,68347,443.219819523014,850.710207037806,0.141883010946497,0,22.826142899204,0.0568196541194613,Low,100,Invest in expansion
SaaS,Mature,Survival,314422294,135657153.037745,119591097.237238,255248250.274983,59174043.7250167,261527435.092441,39766204.281836,-0.0376319433891605,59130,110.938482418023,279.512625511967,0.188199262120442,0,15.4730552672765,0.126473869826279,Low,100,Reduce costs and extend runway
SaaS,Growth,Growth,42373560,29697924.4095521,21242827.4098711,50940751.8194232,-8567191.81942319,35546378.3142376,18306367.5040078,0.130516784048906,77822,264.044763916213,953.155749779338,-0.202182488783647,8567191.81942319,4.14912833323614,0.43202335380855,High,100,Stabilize finances
Manufacturing,Mature,Survival,267382454,154156435.841732,117849535.385333,272005971.227065,-4623517.22706473,201870773.222731,140631262.055272,0.347533361468107,27684,451.850613078424,1815.13952839909,-0.0172917749758731,4623517.22706473,43.6617326828671,0.525955461741972,High,100,Reduce costs and extend runway
Manufacturing,Growth,Survival,11911542,6072803.0714982,10191388.0105348,16264191.082033,-4352649.08203301,13633752.8787069,4962973.38288788,0.0342785703103205,2559,298.500026078231,1138.30249857069,-0.365414409153157,4352649.08203301,3.13228854928479,0.416652468915266,High,100,Reduce costs and extend runway
E-commerce,Startup,Profit Maximization,816177,655356.023418416,768778.258458906,1424134.28187732,-607957.281877322,762576.314887689,20477.272913778,-0.0148654314357029,25574,238.941667302022,783.387762694104,-0.744884114447383,607957.281877322,1.25432548900955,0.0250892550436707,High,100,Improve margins
Healthcare,Startup,Cost Optimization,2252304,1178089.85172295,1224709.89911785,2402799.7508408,-150495.750840802,2805562.87425767,1154718.66789232,0.0551990476479224,59104,469.690572803526,1699.02347288025,-0.0668185781496646,150495.750840802,18.6421401174672,0.51268330913248,High,100,Cut operational inefficiencies
SaaS,Startup,Cost Optimization,3440488,1990279.10094807,1441277.33058133,3431556.4315294,8931.56847060239,1950472.15088039,602691.275732787,0.148274906800916,87181,434.276808356545,913.145131597142,0.00259601791100634,0,18.5031169889093,0.175176101684641,Low,100,Cut operational inefficiencies
Healthcare,Mature,Cost Optimization,180108439,30184556.8848607,63315295.0308518,93499851.9157125,86608587.0842875,87078975.5752545,28799047.5699183,0.0159298069414242,406,470.593378718249,720.004216616688,0.480869122874845,0,13.147193031786,0.159898379719555,Low,100,Cut operational inefficiencies
SaaS,Mature,Growth,291353369,134741960.928311,129132436.390121,263874397.318432,27478971.6815678,323183872.184117,169793971.365689,-0.0999735865338516,10160,492.908322560742,2174.29426869788,0.0943149268391257,0,23.2751812962848,0.582776756446874,Low,100,Invest in expansion
Fintech,Growth,Survival,44059069,20402916.5445339,16792481.1725241,37195397.717058,6863671.28294201,37577164.3191817,5394331.47870401,0.152792915592199,51650,444.579139346791,863.014362165342,0.155783393492541,0,33.0050353067526,0.122434077731057,Low,100,Reduce costs and extend runway
Manufacturing,Startup,Growth,4909073,4343694.15232274,3170801.43215136,7514495.58447409,-2605422.58447409,3070764.06597403,948766.723198536,0.177433458499579,55300,78.9436504371126,229.591572924782,-0.530736166374811,2605422.58447409,1.17860499263073,0.193268000536667,High,100,Stabilize finances
Manufacturing,Growth,Survival,24520338,11492769.5914392,9910402.21957317,21403171.8110123,3117166.18898767,24234649.2545222,10449815.2231393,0.0962630992089136,11056,169.869938643511,789.570048965834,0.127125743086726,0,34.2567938270773,0.426169297631188,Low,100,Reduce costs and extend runway
Fintech,Mature,Cost Optimization,365108607,138944025.384267,127720105.68186,266664131.066127,98444475.9338735,279789700.785877,35804932.4112005,0.363967100618511,37670,380.519168145082,1059.7871127298,0.269630663442217,0,12.4531410858296,0.0980665252057464,Low,100,Cut operational inefficiencies
Manufacturing,Mature,Growth,219569515,78272239.0378083,75611122.4484191,153883361.486227,65686153.5137726,236715660.046639,123650292.610445,0.146260927010254,33026,270.138433091277,830.926418100444,0.299158804052433,0,16.7851396562551,0.563148725862265,Low,100,Invest in expansion
SaaS,Mature,Survival,165275579,54484553.0471565,90977983.9344521,145462536.981609,19813042.0183915,86904768.0073686,101917453.095743,0.0636105915807269,36151,210.621784076661,1045.38328348837,0.119878823830298,0,18.301736914463,0.616651617331457,Low,100,Reduce costs and extend runway
Fintech,Mature,Growth,79764622,24227579.4774792,36456897.526848,60684477.0043271,19080144.9956729,27927821.7866664,48837161.646268,0.293160903068039,22291,176.060353448921,354.067788201606,0.23920560916935,0,18.9402780925546,0.612265944747635,Low,100,Invest in expansion
E-commerce,Startup,Profit Maximization,1373871,880906.204316576,826802.345046163,1707708.54936274,-333837.549362739,783974.033831533,319049.860828886,0.170594027928512,18130,498.502673848756,2306.28933400971,-0.242990462250633,333837.549362739,2.34836984433913,0.232226941851808,High,100,Improve margins
Fintech,Growth,Growth,16861743,12440290.6810789,8992238.61709106,21432529.29817,-4570786.29816997,21537392.7307923,8682843.08091685,0.204651859478254,47771,231.849431484331,527.516271724263,-0.271074366284077,4570786.29816997,4.71196667834053,0.514943388765732,High,100,Stabilize finances
Healthcare,Startup,Cost Optimization,2206622,1434415.64095031,1620638.69314122,3055054.33409153,-848432.334091531,3151468.60173269,1592732.03306228,0.33785851827947,33171,89.8191030645563,143.022789763828,-0.384493734808921,848432.334091531,3.71446074731129,0.721796498476985,High,0,Cut operational inefficiencies
SaaS,Mature,Growth,464612506,104472830.951056,222796987.53299,327269818.484045,137342687.515955,163218542.798306,284567658.573142,0.14676541511631,97657,124.130303999476,338.84417243179,0.295606953627621,0,18.3567901875257,0.612483854606234,Low,100,Invest in expansion
Manufacturing,Startup,Growth,2573139,1661882.74110952,2048459.90947736,3710342.65058689,-1137203.65058689,3087905.26946486,1950509.04411393,0.0779229556224853,22261,327.297828332363,1062.42671092051,-0.441951892449995,1137203.65058689,2.71534941685357,0.758027080586756,High,0,Stabilize finances
Healthcare,Growth,Profit Maximization,49926170,22272738.1328601,15273343.6358462,37546081.7687063,12380088.2312938,63956508.3576774,7119477.5918158,0.352302626556435,27026,394.602931722076,1201.25176702593,0.247967914047758,0,29.195430303412,0.142600115166371,Low,100,Improve margins
SaaS,Startup,Growth,1629275,1139248.9688949,1758274.11087208,2897523.07976698,-1268248.07976698,1214392.22529292,878506.867079869,0.170753141061244,58044,262.452534904958,745.413135725825,-0.778412533038915,1268248.07976698,0.957535236730693,0.539201096855883,High,0,Stabilize finances
Manufacturing,Mature,Survival,70839391,35734589.9883596,36404136.3971336,72138726.3854932,-1299335.3854932,92006142.8904655,6368913.20217443,0.0738689177796578,73698,419.995019888467,1064.52272530082,-0.0183419897764678,1299335.3854932,70.8101571908947,0.0899063799429675,Medium,100,Reduce costs and extend runway
Healthcare,Growth,Growth,36615931,14384756.0063901,26263626.0458108,40648382.0522009,-4032451.05220094,41340575.2910477,5525212.72835933,-0.0432631811862805,77948,238.662162193535,520.039802946941,-0.11012832234693,4032451.05220094,10.2519720031031,0.150896415234105,Medium,100,Stabilize finances
Fintech,Mature,Cost Optimization,184564718,67946450.7972383,113927243.425171,181873694.22241,2691023.77759031,177425659.457653,65436324.4738343,0.216348020701757,67538,85.9353910620154,362.900472199187,0.0145803802956007,0,23.8326985085049,0.354544060115728,Low,100,Cut operational inefficiencies
Fintech,Mature,Profit Maximization,197952749,66116171.7392678,142441675.957419,208557847.696686,-10605098.6966863,27964169.806937,28229927.749872,0.393223863013368,81674,219.172268931482,739.060867539706,-0.0535738894774646,10605098.6966863,2.63686087293791,0.142609425191019,High,100,Improve margins
Fintech,Mature,Survival,319538639,92449408.2648717,118313305.612452,210762713.877324,108775925.122676,277615687.643348,242622482.185613,0.399308659582192,8988,377.140942105617,1064.70988150378,0.340415561207533,0,12.1945967252691,0.759289965510598,Low,100,Reduce costs and extend runway
Manufacturing,Growth,Growth,22337859,7139280.20945404,16133070.5925736,23272350.8020277,-934491.802027661,23716068.790794,5253924.99196502,0.179946550767975,67764,190.457724595148,294.082464981005,-0.0418344391030341,934491.802027661,25.3785734014305,0.235202710875963,Medium,100,Stabilize finances
SaaS,Startup,Survival,4083190,1924673.26531669,3618524.11448133,5543197.37979802,-1460007.37979802,4243923.11363537,2462776.6509875,-0.0448028828750331,42560,338.626961925492,1420.69571173199,-0.357565378980164,1460007.37979802,2.90678196039152,0.603150147553139,High,100,Reduce costs and extend runway
Healthcare,Mature,Growth,428203447,168671647.990618,186501672.665659,355173320.656277,73030126.3437228,283605298.830885,325119326.04822,0.288592954719805,21150,330.632524787592,1142.49225202067,0.170550066458766,0,13.4282986215354,0.759263682546254,Low,100,Invest in expansion
Healthcare,Growth,Survival,10884902,5143772.69759723,5174811.8224274,10318584.5200246,566317.479975373,16319677.9531316,2290790.44339691,0.188040439507247,66399,50.4076258607406,201.798309783692,0.0520277977675291,0,16.108433852043,0.210455771066833,Low,100,Reduce costs and extend runway
E-commerce,Mature,Cost Optimization,348537903,112337779.330626,141377011.00875,253714790.339376,94823112.660624,56601878.237247,270625275.249329,0.258031526709779,55576,117.912192221088,504.000479417226,0.272059686606378,0,33.3014990019044,0.776458666101888,Low,100,Cut operational inefficiencies
Manufacturing,Startup,Survival,4284094,3599900.46984335,3615133.58827851,7215034.05812186,-2930940.05812186,2477905.53682303,2343226.49731326,-0.0901583923092932,70692,250.970855497995,778.451274444949,-0.684144665855105,2930940.05812186,0.845430301434027,0.546959636579697,High,0,Reduce costs and extend runway
SaaS,Startup,Cost Optimization,131346,78294.1797432606,125215.791612387,203509.971355648,-72163.9713556476,166734.42737108,33293.052774957,0.262546561993271,2116,143.143836350054,674.733673769114,-0.549418873476524,72163.9713556476,2.31049406288019,0.253475954920264,High,100,Cut operational inefficiencies
Healthcare,Mature,Profit Maximization,384316608,85172665.0803515,171536377.919511,256709042.999863,127607565.000137,98822212.0925276,89537566.3732052,0.20709186199227,92051,454.662638141704,1674.58471471752,0.332037602184856,0,12.1351515059533,0.232978654862621,Low,100,Improve margins
Fintech,Startup,Survival,4160003,1759500.12383117,3861562.04998126,5621062.17381243,-1461059.17381243,2445537.4946414,596310.387184293,0.223535083129437,36392,312.750420517422,698.751351833845,-0.351215894270371,1461059.17381243,1.67381139550981,0.143343739700258,High,100,Reduce costs and extend runway
Manufacturing,Mature,Cost Optimization,435409428,124352598.509911,254178064.203976,378530662.713887,56878765.2861133,622961283.388026,341505324.633562,0.172728347696246,95625,130.750356911384,207.758708177618,0.130632828846585,0,12.9458288469694,0.784331488186246,Low,100,Cut operational inefficiencies
Manufacturing,Startup,Survival,4653804,1872107.61646649,2910792.39310195,4782900.00956844,-129096.00956844,5824351.69181557,814379.672498497,0.0214842292272853,23680,374.145312415352,1254.51862054337,-0.0277398896834589,129096.00956844,45.1164347471779,0.174992258483275,Medium,100,Reduce costs and extend runway
Fintech,Growth,Growth,9375979,7092892.34020819,5810985.44283495,12903877.7830431,-3527898.78304314,4673497.70918093,2725583.65763263,0.132256125252039,74383,92.5080916104891,458.93865481006,-0.376269910912038,3527898.78304314,1.32472556515627,0.290698566798478,High,100,Stabilize finances
SaaS,Growth,Profit Maximization,21138732,6678202.01986299,11483477.1198576,18161679.1397206,2977052.86027942,2733340.38630865,10216190.6347878,0.235351537072947,74604,65.2051179267119,233.176500120558,0.140834032063958,0,16.4815918583369,0.48329249998476,Low,100,Improve margins
Fintech,Growth,Cost Optimization,19441860,4833763.81594526,10757443.6665266,15591207.4824719,3850652.5175281,14743709.6349256,14844990.7685236,-0.0421623881759417,25638,202.075506970381,522.35113672888,0.198059883032184,0,34.3810350260635,0.763558155882391,Low,100,Cut operational inefficiencies
Healthcare,Startup,Growth,3742461,2720372.85605971,2356011.62589349,5076384.4819532,-1333923.4819532,4993983.11991366,2511033.37008948,0.19109036807232,28015,290.312478673123,820.731673842195,-0.356429494376347,1333923.4819532,3.7438302777317,0.67095779223604,High,29.3874305029547,Stabilize finances
Fintech,Growth,Growth,12346585,7335661.35888773,9007473.23046886,16343134.5893566,-3996549.58935658,15490179.0054425,3972206.3613832,-0.0488027686034117,55141,142.90035458729,558.14067427131,-0.323696762250985,3996549.58935658,3.87588810275123,0.321725105475174,High,100,Stabilize finances
E-commerce,Growth,Profit Maximization,41277456,12555408.7630381,23627928.8092732,36183337.5723113,5094118.42768872,59194944.5560896,13387235.3249998,0.068609954955113,49422,110.27354873,529.672648322173,0.123411637279408,0,31.3008697751467,0.324323168680739,Low,100,Improve margins
Manufacturing,Growth,Survival,11627735,6604640.36342298,7973084.16658407,14577724.5300071,-2949989.53000705,3244017.50621162,6874243.10198726,0.0984439891124595,65872,118.983272231924,559.415489988877,-0.253702851845785,2949989.53000705,1.09967085415516,0.591193650524995,High,100,Reduce costs and extend runway
Healthcare,Growth,Cost Optimization,37344439,17780128.2954274,13258526.3753859,31038654.6708133,6305784.32918668,30921097.4124958,23540169.3181384,0.0139215940382503,77898,344.164411807286,1448.51107164645,0.168854707636301,0,31.5318991582282,0.63035273653832,Low,100,Cut operational inefficiencies
Manufacturing,Growth,Profit Maximization,17252153,9885012.72370782,12567496.9026554,22452509.6263632,-5200356.62636321,11488347.7600775,6203636.30610435,0.385962275351168,73733,437.111514939859,1708.07673908631,-0.301432327105099,5200356.62636321,2.2091461385239,0.359586209680864,High,100,Improve margins
E-commerce,Startup,Survival,4411590,2167576.69448257,3482646.47656979,5650223.17105236,-1238633.17105236,3349672.45206209,3239333.20963203,0.0935336566956466,81411,198.63237896066,711.847800656222,-0.280767970516835,1238633.17105236,2.70432968399849,0.734277938256282,High,12.1355136636275,Reduce costs and extend runway
SaaS,Mature,Survival,94970156,56406308.1848984,45586179.9494729,101992488.134371,-7022332.13437124,101021980.196249,22402747.7574537,0.356706469082016,57901,139.512566181751,666.484167948162,-0.073942514471296,7022332.13437124,14.3858163161766,0.235892502455758,Medium,100,Reduce costs and extend runway
Healthcare,Growth,Profit Maximization,31548135,10041535.6362774,12519762.7582027,22561298.3944801,8986836.60551994,25284767.942476,8118280.8575961,-0.0339191112374882,61289,123.00599666326,363.756192703853,0.284861105276744,0,31.9915697927625,0.257329977115798,Low,100,Improve margins
Healthcare,Mature,Growth,374769844,139191225.657085,167810268.891645,307001494.548729,67768349.4512707,538230251.333854,143487000.595815,0.249553102699849,24955,303.209940105828,1457.6259882053,0.180826580730094,0,16.6936955304366,0.382866985946219,Low,100,Invest in expansion
E-commerce,Mature,Cost Optimization,137815685,43385681.7705467,71848197.3874518,115233879.157998,22581805.8420016,64438524.2159595,4327749.11785696,0.0527221132742408,22833,75.3237446500583,221.600872191623,0.163855121730169,0,25.8939967822252,0.0314024424567999,Low,100,Cut operational inefficiencies
Healthcare,Mature,Profit Maximization,114786885,43916739.9451047,61554569.8423351,105471309.78744,9315575.21256015,37177009.0731859,36561872.1006577,0.189983910101571,89982,278.327342230232,737.906800212568,0.0811553969128106,0,24.1994806626407,0.318519594818325,Low,100,Improve margins
SaaS,Startup,Cost Optimization,4876827,2968098.27232116,3852376.23135904,6820474.5036802,-1943647.5036802,2437121.63048563,1162801.4578376,0.0915507167952922,43003,485.245943063721,1472.86401930727,-0.398547560469174,1943647.5036802,1.25389075224343,0.238434018233085,High,100,Cut operational inefficiencies
Healthcare,Mature,Cost Optimization,123784653,43580168.6753915,50018754.0118997,93598922.6872912,30185730.3127089,52400312.6418372,73627362.7168263,0.165994159135391,58315,143.042235831393,314.535428124232,0.243856807618218,0,24.152873703653,0.59480202862326,Low,100,Cut operational inefficiencies
Manufacturing,Mature,Growth,59285773,10763109.3981278,25019735.9130256,35782845.3111534,23502927.6888466,43353617.5710116,16715397.5358254,0.177454916912705,95861,148.057011416923,557.707814576125,0.396434532258635,0,22.1221195268207,0.281946185231073,Low,100,Invest in expansion
E-commerce,Startup,Cost Optimization,3553796,1692715.29130238,1561451.25129231,3254166.54259469,299629.45740531,721469.6740452,1788593.17279137,0.2965051538128,62288,258.047823856677,1032.01184365358,0.0843125090481587,0,29.6624494064987,0.503290895929695,Low,100,Cut operational inefficiencies
Healthcare,Growth,Survival,41644439,21418069.6612267,23903132.8545751,45321202.5158019,-3676763.51580188,11794823.9793112,15244158.3722072,0.0341410977697439,59042,261.344415628231,1108.1707819176,-0.088289423608321,3676763.51580188,3.20793652586569,0.366055078139177,High,100,Reduce costs and extend runway
Manufacturing,Growth,Survival,48208362,13523883.0133421,20841399.9706072,34365282.9839493,13843079.0160507,47868543.7131132,360403.920430418,-0.0835115281587033,87311,282.955400703931,1248.22504462175,0.287150992934601,0,27.8250942864352,0.00747596278899536,Low,100,Reduce costs and extend runway
Healthcare,Startup,Profit Maximization,4234129,1887118.92046977,2329368.94923566,4216487.86970542,17641.13029458,4978721.39086262,750786.658075465,0.0347450250666817,37421,85.8451284188991,149.767243112675,0.00416641304376414,0,27.3607293204403,0.177317851694047,Low,100,Improve margins
Healthcare,Startup,Profit Maximization,1870358,1444146.58159478,1460882.13386649,2905028.71546127,-1034670.71546127,2104575.2060917,531788.276624951,0.310248222328928,21495,170.18237360709,539.296405638678,-0.553193942262,1034670.71546127,2.03405312882897,0.284324325409869,High,100,Improve margins
SaaS,Mature,Cost Optimization,267439032,82437415.0076656,81001131.5722374,163438546.579903,104000485.420097,226454762.041655,110057338.171628,0.0283847577689566,1880,234.621112249273,439.435531772092,0.388875493013664,0,33.7437396155809,0.411523094996948,Low,100,Cut operational inefficiencies
SaaS,Growth,Survival,6662060,1612778.48472926,3294307.7646157,4907086.24934496,1754973.75065504,6811378.97384834,3448875.23782806,-0.0834739025602801,10084,59.0052756329487,140.727135459092,0.263428091409421,0,24.4176309557992,0.517689008779276,Low,100,Reduce costs and extend runway
E-commerce,Startup,Growth,1641661,1418261.97630089,1111252.66739734,2529514.64369823,-887853.643698231,2310885.89100847,430037.121615789,-0.0320837857933672,77220,403.197342524507,887.046742945249,-0.540826421349007,887853.643698231,2.60277795491472,0.261952450363253,High,100,Stabilize finances
Fintech,Growth,Cost Optimization,41413656,24278886.9384643,20941438.435113,45220325.3735774,-3806669.37357738,46976631.0730301,20713836.312326,0.393191085814446,87694,166.798511899245,636.309180183678,-0.0919182159038888,3806669.37357738,12.3406123471351,0.500169227086012,High,100,Cut operational inefficiencies
E-commerce,Mature,Survival,402647273,218876448.970019,194514612.561714,413391061.531733,-10743788.5317332,52754556.2786509,161610637.975016,0.0373437469937084,86723,374.699247167058,1693.64772395698,-0.026682879165391,10743788.5317332,4.91023777346634,0.401370253350794,High,100,Reduce costs and extend runway
Manufacturing,Startup,Survival,4801713,2854392.58737688,3951471.60800667,6805864.19538355,-2004151.19538355,2929721.17538833,46575.6560944604,0.0245872486211833,10957,462.38998512539,774.539261082284,-0.417382545642264,2004151.19538355,1.46182642414244,0.00969980007019586,High,100,Reduce costs and extend runway
Healthcare,Startup,Survival,3591318,1473179.40481258,2917770.21333167,4390949.61814425,-799631.618144247,5369130.68910506,2261812.94598555,0.104370518379061,59085,369.609503867267,703.699351080254,-0.2226568680758,799631.618144247,6.71450523875672,0.62980024213549,High,100,Reduce costs and extend runway
SaaS,Startup,Growth,3296776,1936988.06047713,2120987.93973198,4057976.00020911,-761200.000209107,2654837.07819221,1703646.00394676,0.386447194693848,44888,381.155893640836,1690.33242062005,-0.230892241453198,761200.000209107,3.48769978647256,0.516761224889636,High,100,Stabilize finances
Healthcare,Growth,Cost Optimization,38695358,12501628.0624865,23579925.19903,36081553.2615165,2613804.73848355,49864708.0242036,16146783.9102537,0.366638206189533,72023,490.246464400271,1985.180330189,0.0675482764233257,0,27.4499647786302,0.417279610392897,Low,100,Cut operational inefficiencies
Healthcare,Mature,Growth,213746188,49872029.1411133,79391061.5851401,129263090.726253,84483097.2737466,176035263.290087,45034375.6949791,0.00493233863956058,37669,167.731162831324,542.956276102555,0.395249609194184,0,22.0409929225883,0.210690895198463,Low,100,Invest in expansion
Manufacturing,Startup,Survival,612193,474273.857691585,393275.282412606,867549.140104191,-255356.140104191,543466.595768209,472313.881760623,0.00861204957554071,88854,353.026165563426,1630.80060393566,-0.417117053125716,255356.140104191,2.12826915204178,0.771511405325808,High,0,Reduce costs and extend runway
Fintech,Mature,Profit Maximization,275500719,96154914.2995471,90512198.3495216,186667112.649069,88833606.3509314,60053311.4027661,178934785.625951,0.259453472302395,98483,407.32728164724,1992.33144344276,0.322444190611827,0,25.7586405300769,0.649489359866067,Low,100,Improve margins
E-commerce,Startup,Growth,2433180,922854.848969464,1317616.32570275,2240471.17467222,192708.825327783,750158.147094515,1086919.95450745,0.358674450753375,1097,483.567925395278,2265.97569999197,0.0792003983789869,0,27.1325074139562,0.446707582056178,Low,100,Invest in expansion
Fintech,Mature,Growth,61266511,16480418.0616155,17716788.4465549,34197206.5081705,27069304.4918296,44852864.3887235,45997338.4448483,-0.0387404287314531,95604,215.209775889619,1006.51176186827,0.441828725840607,0,19.3112599750458,0.75077456989265,Low,100,Invest in expansion
Healthcare,Startup,Growth,1778176,1187134.43483725,1395989.23604436,2583123.67088161,-804947.670881614,406474.09135402,633057.234361614,0.399752594854258,24211,452.056574375202,1980.5919692,-0.452681664178132,804947.670881614,0.504969585052445,0.356014946980284,High,100,Stabilize finances
SaaS,Mature,Survival,149403473,29321769.854664,45659797.9778217,74981567.8324857,74421905.1675144,37657199.6457041,56509574.2394758,0.238563744286951,24915,387.147724290904,1852.5210575389,0.498127009186154,0,13.2935589694509,0.378234676241266,Low,100,Reduce costs and extend runway
Fintech,Startup,Survival,3574484,2095861.4756667,1554823.53716145,3650685.01282815,-76201.0128281498,2710879.76788194,1627536.85914726,0.364053044739044,87318,224.208729037017,533.521913515338,-0.0213180455775295,76201.0128281498,35.5753771146793,0.455320784523657,Medium,100,Reduce costs and extend runway
Fintech,Mature,Cost Optimization,471892297,225130280.949897,225065798.460312,450196079.410208,21696217.589792,201799760.191592,222010695.512384,0.185344830788424,57065,435.868364181299,654.085068968624,0.0459770539331182,0,20.6983538685065,0.470468996683758,Low,100,Cut operational inefficiencies
Healthcare,Startup,Cost Optimization,1187462,492220.440259079,766269.364590972,1258489.80485005,-71027.8048500514,678645.998557093,539419.443639121,0.315799148220538,50506,387.541585784138,1724.68653698888,-0.0598148023684559,71027.8048500514,9.55465257570327,0.454262488937853,Medium,100,Cut operational inefficiencies
E-commerce,Mature,Cost Optimization,394358644,140643893.497034,149456231.037141,290100124.534174,104258519.465826,108027210.633223,182822832.104845,0.232566430091863,21273,459.420638374427,2088.71073496682,0.26437488071347,0,25.3975620067119,0.463595346232209,Low,100,Cut operational inefficiencies
SaaS,Mature,Cost Optimization,362974992,155004634.641752,129083627.760104,284088262.401856,78886729.5981439,99622076.6640134,249046140.376664,0.348754417554177,95125,245.95948628239,584.365831043633,0.217333787001348,0,28.4865205360009,0.686124790593462,Low,100,Cut operational inefficiencies
Fintech,Growth,Growth,40195887,20033591.7928085,25190264.8223775,45223856.615186,-5027969.61518598,52736255.6685409,1032538.45493938,0.221933963777563,40591,74.2863926423263,309.803441506489,-0.125086669071041,5027969.61518598,10.4885788309583,0.0256876643856466,Medium,100,Stabilize finances
Fintech,Startup,Survival,2785882,1261308.83478041,1326632.74807485,2587941.58285526,197940.417144742,1904341.07213655,1248541.8330614,0.114660670983818,95441,167.095115571089,354.183417517715,0.0710512567096318,0,12.6844805961276,0.448167522192756,Low,100,Reduce costs and extend runway
Fintech,Mature,Cost Optimization,197281658,66918717.3863716,49731704.0492357,116650421.435607,80631236.5643928,266313334.305145,103202161.859062,0.236117074900303,10336,493.192204751121,2255.07899718659,0.40871126784829,0,33.4825494175222,0.523120917095406,Low,100,Cut operational inefficiencies
SaaS,Growth,Survival,26410386,13564180.1363505,21444214.1032502,35008394.2396007,-8598008.2396007,23447039.2928526,2107146.78060581,0.360977815066375,26020,151.203562578683,522.176899738466,-0.325554054363336,8598008.2396007,2.72703149839521,0.0797847778751059,High,100,Reduce costs and extend runway
Manufacturing,Mature,Cost Optimization,54050338,13725352.6738219,14125072.3439169,27850425.0177388,26199912.9822612,72959284.4743056,38262196.3823598,0.249772236882773,47002,234.431452903258,782.360889521616,0.484731714022977,0,23.4511144174964,0.707899299026767,Low,100,Cut operational inefficiencies
Healthcare,Growth,Survival,42367093,17886021.5939516,27393310.6047049,45279332.1986565,-2912239.19865646,19549084.8370549,1279395.27076778,0.191597580941523,49323,366.255959620031,1129.78552958852,-0.0687382350886443,2912239.19865646,6.71273322812005,0.0301978535739467,Medium,100,Reduce costs and extend runway
Fintech,Startup,Survival,285846,270100.515514021,228045.732105062,498146.247619083,-212300.247619083,282939.196241357,69453.9357601815,0.391472460810111,86855,334.863007433484,1180.06063809551,-0.742708478058405,212300.247619083,1.33273135295168,0.242976762872951,High,0,Reduce costs and extend runway
SaaS,Growth,Cost Optimization,28825743,15605653.3921751,15810557.2081616,31416210.6003368,-2590467.60033677,22940480.6100476,739403.76275469,0.206155644420198,76849,328.119655605682,564.638601119877,-0.0898664641649227,2590467.60033677,8.85572960150717,0.0256508136756333,Medium,100,Cut operational inefficiencies
SaaS,Mature,Survival,471036319,188756494.798521,151895490.104505,340651984.903026,130384334.096974,593070942.194552,144259284.594576,0.194559367990118,93044,186.166468698852,454.382931006915,0.276803144126503,0,24.7738993714027,0.306259366370803,Low,100,Reduce costs and extend runway
E-commerce,Startup,Profit Maximization,1592669,895360.036697976,1545769.17841151,2441129.21510949,-848460.21510949,741674.481815712,652232.511664297,0.0598090627540356,81796,258.120594682517,889.530930528071,-0.532728529976718,848460.21510949,0.87414173181945,0.409521697015699,High,0,Improve margins
Manufacturing,Startup,Cost Optimization,2743265,956836.939533482,1936003.47032019,2892840.40985367,-149575.409853668,2627032.67427289,206755.194508342,0.277141166517608,13438,495.668394209587,1928.42966731745,-0.0545245938156423,149575.409853668,17.5632657590105,0.075368290889995,Medium,100,Cut operational inefficiencies
Manufacturing,Mature,Profit Maximization,355484300,115076087.635958,93698017.5325708,208774105.168528,146710194.831472,43293567.2081962,183704122.943625,0.117400766884914,95029,154.550995665808,569.336427870979,0.412705131651304,0,23.0477133613776,0.516771409999329,Low,100,Improve margins
Fintech,Startup,Cost Optimization,2909939,1404878.35419665,2991412.36393117,4396290.71812783,-1486351.71812783,1543447.78286161,670400.145910794,0.357516211735542,63272,228.916341189791,844.0668903741,-0.51078449346458,1486351.71812783,1.03841356257569,0.230382886346,High,100,Cut operational inefficiencies
Fintech,Growth,Profit Maximization,10719347,5915537.42088657,4524727.79278851,10440265.2136751,279081.78632492,4677044.39758883,2402989.52130013,-0.0734396879004995,82091,292.447663751802,702.40067610823,0.0260353346453772,0,20.7897883472068,0.224173125592457,Low,100,Improve margins
Manufacturing,Startup,Growth,1328386,900490.3818221,956829.428986379,1857319.81080848,-528933.810808479,1014961.02630543,416227.481782888,0.357738440609166,10210,353.494650410869,1030.83302862899,-0.398177796821465,528933.810808479,1.91888097445322,0.313333234303047,High,100,Stabilize finances
E-commerce,Growth,Growth,19021057,5007024.63636166,8589884.51005895,13596909.1464206,5424147.85357939,14567635.2411854,6457972.85996687,0.33018506864024,99954,393.193651440263,1178.0265509012,0.285165427640503,0,27.0394483994822,0.339517034198829,Low,100,Invest in expansion
E-commerce,Mature,Survival,460172454,142097000.728341,236693969.282953,378790970.011295,81381483.9887054,620071922.679491,122621435.246634,-0.0262380829113266,30855,56.0403118040574,166.999920425034,0.176849968487478,0,16.5026637250902,0.266468438475098,Low,100,Reduce costs and extend runway
Healthcare,Startup,Survival,1350033,844631.713611416,1450125.22235186,2294756.93596327,-944723.935963271,1891386.66445229,774848.147218017,0.281326744955742,64374,160.177797864284,641.982641046459,-0.69977840242666,944723.935963271,2.00205223182344,0.573947560702603,High,0,Reduce costs and extend runway
Manufacturing,Mature,Survival,288077299,124676671.477023,166473402.73887,291150074.215894,-3072775.21589381,416781224.163826,166601095.735948,0.222281577315911,87378,62.8058263297651,232.553789787511,-0.010666495508533,3072775.21589381,135.63674362122,0.578320805958222,High,100,Reduce costs and extend runway
SaaS,Growth,Profit Maximization,44860295,33795291.1314019,25782335.5470127,59577626.6784146,-14717331.6784146,65813912.8884991,25129468.9273008,0.151150858830871,92087,293.846077974299,534.610902595698,-0.328070327634149,14717331.6784146,4.47186448784233,0.560171727076267,High,100,Improve margins
E-commerce,Mature,Growth,436682871,250848155.20235,196783767.785445,447631922.987795,-10949051.9877948,429415866.634806,165234154.298696,0.2360572300494,91157,137.182519861165,331.451493335606,-0.0250732344108701,10949051.9877948,39.2194563614721,0.378384785096589,Medium,100,Stabilize finances
Fintech,Startup,Growth,4981178,3217031.08866774,4169569.82451716,7386600.9131849,-2405422.9131849,7253432.15682503,334120.3567345,0.0735235129768885,31451,424.13747986864,1043.80365466124,-0.482902420508743,2405422.9131849,3.01544984753684,0.0670765744035848,High,100,Stabilize finances
Fintech,Growth,Growth,30925598,12631576.6207131,19310501.4115919,31942078.032305,-1016480.03230497,14639708.1135503,23923671.9516463,-0.0199629472566347,12296,94.6530032372045,419.944337534169,-0.0328685651383353,1016480.03230497,14.4023568080853,0.77358801442243,High,100,Stabilize finances
E-commerce,Growth,Growth,17506080,12696350.7977665,10907094.1227516,23603444.9205181,-6097364.92051807,24358132.2415132,9331022.65483785,0.0178220197107109,96769,275.628415367896,1255.99584936736,-0.348299843284051,6097364.92051807,3.99486213455035,0.533016109536678,High,100,Stabilize finances
Manufacturing,Startup,Survival,1913318,1340564.34014844,1267348.70378214,2607913.04393057,-694595.043930573,2672314.88055915,135367.382180471,0.377184681114118,16588,74.2996814814675,205.150632387532,-0.363031677917927,694595.043930573,3.84729909018219,0.070750069868402,High,100,Reduce costs and extend runway
Fintech,Mature,Cost Optimization,174957522,62142315.9030541,128133982.734537,190276298.637591,-15318776.6375911,243387470.978444,67216820.2898519,0.211871122749771,57165,321.677022890809,1383.67377601372,-0.0875571193651857,15318776.6375911,15.8881793720518,0.384189370776821,Medium,100,Cut operational inefficiencies
E-commerce,Growth,Profit Maximization,16774646,12405659.3870041,10204391.5262686,22610050.9132728,-5835404.91327276,4237275.34153702,1450984.76970921,0.113934757426496,53079,328.591892872004,658.143479577844,-0.347870525152827,5835404.91327276,0.72613218868484,0.0864986819816768,High,100,Improve margins
Manufacturing,Mature,Cost Optimization,84872586,29464133.6510392,29094369.8337238,58558503.484763,26314082.515237,66001549.8145717,66422608.8652999,0.337051898033105,4223,119.462796453155,284.136610693653,0.310042190952412,0,29.7236153324665,0.782615588799191,Low,100,Cut operational inefficiencies
Manufacturing,Mature,Profit Maximization,383426425,129937130.552119,121264896.126714,251202026.678833,132224398.321167,525773035.472212,72294934.1331122,0.354129277338533,12221,237.824207465246,604.409690649018,0.344849467068336,0,33.9048242485707,0.188549691464568,Low,100,Improve margins
SaaS,Startup,Survival,3787975,2315791.46946385,2907447.33551275,5223238.8049766,-1435263.8049766,1564024.72506057,2138223.36942289,-0.00459525427684646,68249,410.231806069318,979.753237590555,-0.378900020453303,1435263.8049766,1.08971237178664,0.564476631821194,High,0,Reduce costs and extend runway
SaaS,Growth,Cost Optimization,27023611,9969264.28743154,13530938.7103004,23500202.997732,3523408.00226805,11507257.2339251,10622421.344502,0.33623276162927,50079,310.9828912408,563.348966526556,0.130382575528787,0,28.6558106013426,0.393079272215028,Low,100,Cut operational inefficiencies
Fintech,Mature,Growth,50243761,29494078.3550331,25722129.6737681,55216208.0288011,-4972447.02880114,25199139.0592625,16176285.8812574,0.269751727453041,33164,113.927724249378,451.926836222489,-0.098966457323948,4972447.02880114,5.06775414867274,0.321956110754874,High,100,Stabilize finances
SaaS,Growth,Survival,20965527,5446241.57004893,12563247.2342353,18009488.8042842,2956038.19571581,16540005.8927376,8912207.89091966,0.000625182275584807,27703,98.0975187891641,429.06744716461,0.140995177260071,0,22.4521206588782,0.425088665356213,Low,100,Reduce costs and extend runway
Manufacturing,Startup,Cost Optimization,1886741,771848.324005635,1566304.84587076,2338153.1698764,-451412.169876396,1862761.75838562,1328463.92792699,0.343876754706993,94026,399.850532714035,1135.88779004266,-0.239254974517645,451412.169876396,4.12652091080238,0.704105082746913,High,100,Cut operational inefficiencies
E-commerce,Startup,Survival,4474989,2923624.68956646,2466307.28403159,5389931.97359805,-914942.973598046,1227522.40122015,3474739.70164911,0.177465822187172,7138,259.152892671875,1293.50934334665,-0.204457032988918,914942.973598046,1.34163815302376,0.776480054285967,High,20.4364743143957,Reduce costs and extend runway
Manufacturing,Growth,Cost Optimization,42052291,28464498.451324,24933993.2973439,53398491.7486679,-11346200.7486679,50631566.9090891,23819217.7596811,0.0271089145333441,46712,58.6620337320023,257.423805041468,-0.269811714863951,11346200.7486679,4.46242473852171,0.56641902719833,High,100,Cut operational inefficiencies
Healthcare,Startup,Growth,4981083,2629393.34926433,4404873.54529552,7034266.89455985,-2053183.89455985,3964925.37765149,3225123.04432181,0.135268967395137,11855,73.0428571356481,300.152149455098,-0.412196282326523,2053183.89455985,1.93111069503176,0.647474262990962,High,0,Stabilize finances
SaaS,Startup,Survival,3049271,1722811.91940717,2739983.74253156,4462795.66193873,-1413524.66193873,4442631.70710103,1484834.51363509,0.0997008293705668,89428,487.839821189137,993.191657808773,-0.463561507632063,1413524.66193873,3.14294601765753,0.486947376482801,High,77.7800922305346,Reduce costs and extend runway
Fintech,Growth,Profit Maximization,8451345,3895016.48129846,3066608.30610199,6961624.78740045,1489720.21259955,7505299.38617385,6425344.47081473,-0.0637888435696576,13223,472.094539456774,2072.42424279818,0.176270192803578,0,28.7471287935006,0.760274781211124,Low,100,Improve margins
E-commerce,Mature,Profit Maximization,126243875,37576935.9600688,67910062.915371,105486998.87544,20756876.1245602,91844592.3446871,60700668.599558,0.0636883400576996,47936,195.624261245332,867.652293867945,0.164418876753904,0,14.4858375864724,0.480820701990952,Low,100,Improve margins
Healthcare,Mature,Growth,122049816,65737913.7490016,44376917.2763901,110114831.025392,11934984.9746083,124973249.480699,71614952.993492,0.0943280007717568,63101,255.175783595898,690.377613444409,0.0977878162029204,0,28.6497911687599,0.58676821760626,Low,100,Invest in expansion
Manufacturing,Growth,Cost Optimization,9428935,3144936.08922534,5205417.0090902,8350353.09831554,1078581.90168446,9041773.8566522,7128557.46678254,-0.0758640565210093,65465,378.005961105838,1827.17480478845,0.11439063920628,0,32.0392691875485,0.756029972290884,Low,100,Cut operational inefficiencies
SaaS,Growth,Cost Optimization,41453961,15900798.25685,26440749.7215279,42341547.9783779,-887586.978377864,25637129.4548948,671097.598914746,0.161996583732334,96304,257.437423515042,404.620104400416,-0.021411391263138,887586.978377864,28.8840756786999,0.0161889861119604,Medium,100,Cut operational inefficiencies
Manufacturing,Mature,Survival,260265198,52328792.7866464,105774915.787391,158103708.574037,102161489.425963,45005856.9737207,90789159.1304579,0.211573683667978,33169,412.667669036911,809.959476852624,0.392528429505827,0,29.1339500180072,0.34883326633036,Low,100,Reduce costs and extend runway
Manufacturing,Growth,Growth,18502619,11405493.2215803,8005812.62873858,19411305.8503188,-908686.850318834,20881893.124732,11068124.373153,0.0261670022066138,34574,87.0539733935248,315.382663514743,-0.049111255564352,908686.850318834,22.9802963665702,0.598192308513354,High,100,Stabilize finances
E-commerce,Growth,Survival,16252265,5973042.02886991,11474147.5272842,17447189.5561541,-1194924.5561541,2207229.47864579,10358656.314159,0.200070241606713,97382,325.474799325416,677.934571079476,-0.0735235707856166,1194924.5561541,1.84717057430791,0.637366934034058,High,100,Reduce costs and extend runway
E-commerce,Startup,Cost Optimization,2959453,850657.308111577,1912076.38975922,2762733.69787079,196719.302129208,3358311.89894376,752907.819953431,0.298150092983832,2875,373.645151435205,1713.53455343477,0.0664715074472236,0,27.3494903528151,0.254407763851439,Low,100,Cut operational inefficiencies
SaaS,Growth,Growth,26437512,13146534.7252155,19799404.47181,32945939.1970255,-6508427.19702547,14572791.8489227,11797532.0624792,0.330643166377382,17277,473.566188219081,1703.37751384243,-0.246181531644334,6508427.19702547,2.2390650471719,0.446242144967318,High,100,Stabilize finances
Manufacturing,Growth,Survival,49651722,21456661.6538697,17698363.358422,39155025.0122918,10496696.9877082,65076439.2569367,17694232.7659826,0.257035588071167,15489,63.8523960069381,263.032745784396,0.211406504445269,0,30.2110594249035,0.356366950696747,Low,100,Reduce costs and extend runway
E-commerce,Startup,Survival,3470725,1780417.93781737,2679659.83022325,4460077.76804062,-989352.768040621,785931.7392716,1562254.17559696,0.139520362837307,5385,421.385703054222,730.023960457449,-0.285056513564348,989352.768040621,0.794389791649455,0.450123295737047,High,100,Reduce costs and extend runway
SaaS,Startup,Growth,1761241,1309052.42909284,925123.463930602,2234175.89302344,-472934.893023439,2310045.75117213,417768.578761419,-0.0203584813252708,63953,230.854418580185,811.457337111959,-0.2685236676999,472934.893023439,4.8844899905866,0.237201256819151,High,100,Stabilize finances
Manufacturing,Mature,Profit Maximization,363754979,97167768.2342381,195994725.706868,293162493.941106,70592485.0588943,473466343.336003,90142727.5611772,0.385648730153296,5367,53.9743295402305,116.926827249518,0.194066031076634,0,34.5827086384957,0.24781166654815,Low,100,Improve margins
Healthcare,Startup,Growth,3060776,1775885.5556254,2477193.60901234,4253079.16463774,-1192303.16463774,1634627.58175629,615939.673548834,0.0717103080653369,52574,183.560092273328,502.941808146607,-0.389542771061242,1192303.16463774,1.37098317796794,0.201236442506356,High,100,Stabilize finances
Healthcare,Growth,Profit Maximization,38212023,24618144.1662891,19591995.5049002,44210139.6711893,-5998116.67118931,19181846.0132783,5616505.25350307,0.0894237324252775,19051,262.526433947961,902.677791980498,-0.15696935676997,5998116.67118931,3.19797814294182,0.14698267227315,High,100,Improve margins
Healthcare,Startup,Cost Optimization,3922379,2158187.35821253,1636792.30119621,3794979.65940874,127399.340591256,4799996.15120546,437821.531203884,0.288384135675036,97558,317.159428701659,1185.75124944587,0.0324801199963735,0,23.8933365690223,0.111621424447735,Low,100,Cut operational inefficiencies
Healthcare,Mature,Cost Optimization,255041371,78458229.5796706,77199625.9625462,155657855.542217,99383515.4577832,45750981.9384912,115034551.87485,0.00531586113715046,79841,200.993423983941,530.275758798746,0.389676055567405,0,34.1612320317774,0.451042712889315,Low,100,Cut operational inefficiencies
Manufacturing,Startup,Profit Maximization,500717,180878.124598454,280659.430989855,461537.555588308,39179.4444116917,517075.496680017,356853.781365909,0.028202796504142,34504,317.354659924635,1365.74493504612,0.0782466830798469,0,21.5329753033655,0.712685571622111,Low,100,Improve margins
Fintech,Growth,Growth,32895885,14398321.5397317,15323791.7040248,29722113.2437565,3173771.75624348,44866252.3672238,25324345.5130673,0.226801476267613,26585,143.747126087018,479.599268784121,0.0964792938765283,0,25.3219824345036,0.76983323333807,Low,100,Invest in expansion
Healthcare,Startup,Cost Optimization,3304991,2792222.94276507,2703356.22550651,5495579.16827158,-2190588.16827158,4643325.00048076,1896439.59674898,0.282309367006809,3492,238.79284003702,763.586350244782,-0.662812143292246,2190588.16827158,2.11967044638264,0.573810820286342,High,0,Cut operational inefficiencies
SaaS,Growth,Survival,45982357,19618910.801116,14955746.4324356,34574657.2335516,11407699.7664484,59167966.9536409,36513297.6238206,0.239696744056213,51205,213.032944665306,557.105712889496,0.248088625958179,0,33.4739813034192,0.794071900747076,Low,100,Reduce costs and extend runway
Fintech,Startup,Profit Maximization,4241747,2083905.68961468,2423954.227153,4507859.91676768,-266112.916767675,2055158.10741746,2479341.57508484,0.316264174396191,84084,446.921683703464,1365.51484377557,-0.0627366311021557,266112.916767675,7.72287994277136,0.584509537010302,High,100,Improve margins
Healthcare,Mature,Growth,163770054,30715549.8189751,51502374.0092613,82217923.8282364,81552130.1717636,177923134.942174,12996074.8424726,0.354443720193234,76859,142.067126431299,303.352790508838,0.497967291210416,0,12.3355611113128,0.0793556240903029,Low,100,Invest in expansion
Fintech,Mature,Profit Maximization,339849643,80317268.5908745,127983370.86103,208300639.451905,131549003.548095,260425889.771113,259467304.766139,0.0236756859088714,75193,466.085154918967,868.803045419822,0.387080010992083,0,21.3049599151461,0.763476761298641,Low,100,Improve margins
SaaS,Startup,Cost Optimization,4886431,2729461.08882631,6030463.96942727,8759925.05825358,-3873494.05825358,1366184.93655744,878145.504756214,0.30555302010008,33112,414.262944326946,2024.71417295149,-0.792704134828381,3873494.05825358,0.352700924801058,0.179711021143287,High,0,Cut operational inefficiencies
Fintech,Mature,Survival,85871597,22042007.7819641,39993900.4048882,62035908.1868523,23835688.8131477,61853852.8345642,11386506.1220674,0.391022311393192,56481,315.145275553679,1163.71284834013,0.27757360577733,0,24.9139090289773,0.132599212310764,Low,100,Reduce costs and extend runway
SaaS,Growth,Profit Maximization,23241510,12189195.7113202,8752538.97946736,20941734.6907876,2299775.3092124,27120525.3357903,18082164.0498084,-0.0812219651299052,32049,477.581319868119,1683.32527088458,0.098951200210847,0,20.7785164551125,0.778011585727794,Low,100,Improve margins
E-commerce,Growth,Cost Optimization,9813417,5870700.55356229,4495235.4919081,10365936.0454704,-552519.045470391,10512731.7772136,3098127.69864804,0.0862344694560542,72331,286.002227512513,1410.89845355291,-0.0563024118378329,552519.045470391,19.0269129424552,0.315703255924826,Medium,100,Cut operational inefficiencies
SaaS,Startup,Cost Optimization,3077659,1711709.5989264,1460694.55079688,3172404.14972327,-94745.1497232723,3998480.64665727,1186975.56556818,0.291610728526149,79958,271.435183941041,781.408944732385,-0.0307848107029636,94745.1497232723,42.2024838035072,0.385674815035771,Medium,100,Cut operational inefficiencies
Manufacturing,Startup,Cost Optimization,828927,495961.81711008,642965.675309356,1138927.49241944,-310000.492419436,755529.873410445,581677.904079994,0.333873695040865,68444,167.671806677429,675.594176876032,-0.373978037172678,310000.492419436,2.4371892686809,0.701723920296955,High,0,Cut operational inefficiencies
E-commerce,Growth,Survival,20552975,8201613.33314362,8402169.44119456,16603782.7743382,3949192.22566182,7310945.3152504,12340400.4897286,0.06954380663134,60363,470.541641738541,2314.55665856303,0.192146987268842,0,29.7539987373717,0.600419184557399,Low,100,Reduce costs and extend runway
SaaS,Mature,Survival,74823750,22263975.3619226,44140173.4085189,66404148.7704415,8419601.22955854,106820864.605567,13457075.3517801,0.399817812712722,26963,364.240995773252,1099.25720338527,0.112525785322956,0,16.8545563618087,0.179850319608148,Low,100,Reduce costs and extend runway
Healthcare,Startup,Survival,356094,186929.757746633,233584.324254816,420514.082001449,-64420.0820014488,193915.944783968,102768.086022152,0.23466558935137,87825,154.519576608886,717.154728716418,-0.180907518805284,64420.0820014488,3.01017848408834,0.288598196044167,High,100,Reduce costs and extend runway
E-commerce,Growth,Growth,28203646,11687866.4701108,16608161.1332489,28296027.6033596,-92381.6033596173,30746912.2073151,15154745.3662013,-0.00190969653101067,44253,233.819324997023,636.096082991079,-0.00327551988702515,92381.6033596173,332.82505487186,0.537332845767577,High,100,Stabilize finances
Healthcare,Startup,Cost Optimization,2904660,1537116.47543838,3265785.30785494,4802901.78329332,-1898241.78329332,4122528.49018976,2291932.06325906,-0.05571591308746,54895,124.697507303806,318.394256356469,-0.653515999563914,1898241.78329332,2.17176153558134,0.78905347381761,High,0,Cut operational inefficiencies
Manufacturing,Growth,Survival,21066180,7928102.25396108,11555346.4544356,19483448.7083967,1582731.29160334,9661186.91592133,4290916.76849135,0.374431922947398,86723,450.380900652376,1779.48747336026,0.0751313855479892,0,16.8407991031446,0.203687463436245,Low,100,Reduce costs and extend runway
Fintech,Growth,Cost Optimization,46748995,20248825.6227477,14282428.867059,34531254.4898066,12217740.5101934,13090100.3109498,26084490.6354207,0.15311551804544,16542,132.912263522495,248.887060207863,0.261347661274716,0,35.2617745808856,0.557969013781382,Low,100,Cut operational inefficiencies
Healthcare,Mature,Profit Maximization,422230948,124675069.893914,151150239.257347,275825309.151261,146405638.848739,613490173.361491,194210526.801811,0.344965527945049,95858,263.86093696424,1185.0328382848,0.346743031372346,0,23.3128346441519,0.459962794583713,Low,100,Improve margins
E-commerce,Startup,Profit Maximization,1906129,1706127.31491537,1167442.13387361,2873569.44878898,-967440.448788976,2090516.83206376,752148.585328101,0.328663911766777,48686,407.116038741046,1010.488778441,-0.507541960060928,967440.448788976,2.16087391702572,0.394594796746758,High,56.1570091442308,Improve margins
Manufacturing,Startup,Growth,4508355,3546584.8036111,3814027.04159083,7360611.84520193,-2852256.84520193,6444028.09321793,1224573.52016597,-0.0459270288314007,4212,244.601311822346,1066.1404371786,-0.63266021535614,2852256.84520193,2.25927342555355,0.271623135304555,High,0,Stabilize finances
E-commerce,Mature,Cost Optimization,65049132,31969950.7167972,25758275.0484607,57728225.7652579,7320906.23474211,49507396.5481437,37830174.5321041,0.399664960746543,3306,176.39747288042,826.559036934563,0.112544257081587,0,19.2986401762281,0.58156309498648,Low,100,Cut operational inefficiencies
Manufacturing,Startup,Survival,3558530,2042500.13137407,1481187.19952793,3523687.33090199,34842.6690980066,2221770.38841424,229964.204758614,0.093645586837665,57395,144.760635727225,517.585820743625,0.00979130964134251,0,30.1420299510033,0.0646233710994749,Low,100,Reduce costs and extend runway
Fintech,Startup,Cost Optimization,4992812,2701143.46553402,2151392.08128204,4852535.54681606,140276.453183936,1141629.07578595,3333018.41404947,0.0803942005393633,84815,118.799202041599,205.711572756123,0.0280956809877752,0,17.1825168964832,0.667563371913357,Low,100,Cut operational inefficiencies
Manufacturing,Mature,Growth,266297362,102635142.821442,112700879.140287,215336021.961728,50961340.0382718,321105446.852422,139803961.92896,0.204379162564777,35944,122.168405825002,460.153355304572,0.191370052093388,0,34.3062178806363,0.524991914598687,Low,100,Invest in expansion
Healthcare,Mature,Profit Maximization,74571210,30727942.905332,25958378.0394577,56686320.9447897,17884889.0552103,38142563.96427,15147675.2218263,0.209983145731417,3407,97.8747824363348,316.439015163788,0.239836379954279,0,26.6213439064645,0.203130339736023,Low,100,Improve margins
E-commerce,Growth,Cost Optimization,48266078,18189379.510497,16454082.6440815,34643462.1545785,13622615.8454215,19338051.8596991,32221419.8327354,0.110145130027128,88393,153.538658789001,367.868286543407,0.282239958370379,0,12.7684332796668,0.667578994770103,Low,100,Cut operational inefficiencies
Manufacturing,Mature,Survival,299452575,102611045.427821,221262868.738386,323873914.166207,-24421339.1662065,277892655.120955,205618377.685316,0.140370456204861,10896,330.041910404419,1259.39461947824,-0.0815532782318086,24421339.1662065,11.3790915899278,0.686647552405639,High,100,Reduce costs and extend runway
Manufacturing,Mature,Cost Optimization,207940042,73755590.665139,72571057.7086464,146326648.373785,61613393.6262146,37717684.3268331,154560394.721217,0.0112605220887232,38318,207.532090523729,500.556170904184,0.296303650964034,0,25.1259910267733,0.743293082153061,Low,100,Cut operational inefficiencies
Fintech,Startup,Profit Maximization,2327666,1639607.51902871,2254289.37859954,3893896.89762824,-1566230.89762824,2521687.66733151,1037330.74501331,0.326478056836874,98933,227.654379126821,934.429820837679,-0.672876133271803,1566230.89762824,1.61003570492072,0.445652746147134,High,0,Improve margins
E-commerce,Mature,Profit Maximization,120673981,30900098.5752272,56867266.4473462,87767365.0225734,32906615.9774266,166285656.741666,8935227.2922242,0.260844195614082,3930,225.224084600462,662.259058872514,0.272690232846687,0,15.81018996269,0.0740443566888226,Low,100,Improve margins
Fintech,Growth,Survival,18673209,13194707.7030945,12131171.6824906,25325879.3855851,-6652670.38558505,13838610.8403716,8505052.17105774,0.24630672171255,21411,185.101454411446,536.946304132348,-0.356268190731708,6652670.38558505,2.08015879914283,0.455468161420875,High,100,Reduce costs and extend runway
Fintech,Mature,Profit Maximization,356505913,183462225.578325,180898623.509564,364360849.08789,-7854936.08788973,365327787.863792,175299039.46662,0.324609572347053,50759,318.373438281453,1408.77828558019,-0.0220331158655698,7854936.08788973,46.5093265910887,0.491714255147909,Medium,100,Improve margins
Manufacturing,Mature,Growth,80825554,39834338.1396423,43775442.4209447,83609780.560587,-2784226.56058696,111905012.758163,35338384.3421974,0.152982781510002,8482,73.5569450643211,354.566288667213,-0.0344473551098327,2784226.56058696,40.1924952309096,0.437217966265934,Medium,100,Stabilize finances
Manufacturing,Mature,Profit Maximization,268579005,99019441.4286695,144214730.561771,243234171.990441,25344833.0095593,219634053.778016,145193114.020815,0.380126162600719,31666,259.836345491854,1172.45476229591,0.0943663969920481,0,24.5237573987989,0.540597408277742,Low,100,Improve margins
Healthcare,Growth,Growth,25492438,9498610.15467508,20887050.6918556,30385660.8465307,-4893222.84653066,34915003.0146443,9880314.4375716,0.130163492388916,85927,117.223046047053,368.324325672833,-0.191948014016182,4893222.84653066,7.13537970979583,0.387578247226554,Medium,100,Stabilize finances
Manufacturing,Mature,Growth,60542374,13119529.4647436,17720963.1681199,30840492.6328634,29701881.3671366,13312113.076939,4561005.6726011,0.0336647741813384,80483,288.459773852427,502.339882465094,0.490596575666765,0,35.2423506214193,0.0753357585977898,Low,100,Invest in expansion
E-commerce,Mature,Growth,425354487,198652634.936946,254537780.814678,453190415.751624,-27835928.7516241,227834219.240382,166860792.395213,0.286372072273206,85251,125.077205489376,197.721944115845,-0.0654417188541943,27835928.7516241,8.18489734160887,0.39228642813215,Medium,100,Stabilize finances
Healthcare,Startup,Growth,2936297,1634269.74337231,2195861.74795644,3830131.49132875,-893834.491328747,1331861.74223969,874498.91156157,-0.0459246219881671,51882,90.0389911412023,406.469576881827,-0.304408747251639,893834.491328747,1.49005409296724,0.297823725447927,High,100,Stabilize finances
Healthcare,Mature,Cost Optimization,464077425,98391122.0907216,147326799.858626,245717921.949347,218359503.050653,377297075.225825,197640450.235028,0.0338333798847213,27175,484.697184083747,2361.64999754981,0.470523863664889,0,22.6491664588858,0.425878182363703,Low,100,Cut operational inefficiencies
Fintech,Growth,Survival,9022610,2730573.89260202,5314795.0832731,8045368.97587512,977241.024124884,11249663.5342985,7190264.01843372,0.064771066761941,8025,226.413290661616,1056.7281801408,0.108310236630519,0,25.440095741494,0.796916193699354,Low,100,Reduce costs and extend runway
Fintech,Mature,Survival,323277168,186517019.821078,159933402.011819,346450421.832897,-23173253.8328967,50437180.931093,85942565.4738776,0.135272342475611,14742,481.091924124095,1712.61021978906,-0.071682308949504,23173253.8328967,2.1765256314369,0.265847928591968,High,100,Reduce costs and extend runway
Healthcare,Growth,Profit Maximization,26295678,11796529.5471674,24886057.056442,36682586.6036094,-10386908.6036094,4324671.98279877,7426410.01059238,0.384658601634668,45638,96.8341803882111,412.771883436286,-0.395004403522487,10386908.6036094,0.416357950939895,0.282419415486924,High,100,Improve margins
Manufacturing,Growth,Cost Optimization,21398255,8922184.77798801,15667277.5639254,24589462.3419134,-3191207.34191341,3050457.78686894,7423013.35062534,0.184755934672211,78960,417.069171500933,1214.25997147573,-0.149133999100086,3191207.34191341,0.955894575323933,0.346898069521339,High,100,Cut operational inefficiencies
Healthcare,Startup,Survival,4750699,2874033.89907959,2988130.37903017,5862164.27810976,-1111465.27810976,595838.140672217,2745756.97965277,0.317767750634083,9764,455.979271989868,1495.25411954805,-0.233958261323178,1111465.27810976,0.536083449845183,0.577969048271163,High,100,Reduce costs and extend runway
SaaS,Growth,Cost Optimization,34633079,24698455.1564996,17543315.9107042,42241771.0672038,-7608692.0672038,49046350.0209146,10592905.8087854,0.123493145070709,15165,454.992474595394,1778.38837660453,-0.219694358309979,7608692.0672038,6.44609475422484,0.305860931648192,Medium,100,Cut operational inefficiencies
E-commerce,Mature,Cost Optimization,337653014,69524333.9425443,122884437.17804,192408771.120585,145244242.879416,73611417.4755681,167484432.886257,-0.0263236169916307,87244,206.042032364031,930.983457677235,0.430158289300552,0,32.5024246237807,0.496025286142588,Low,100,Cut operational inefficiencies
Healthcare,Mature,Survival,301449390,124160230.415696,101744917.793764,225905148.20946,75544241.7905403,160906353.174661,227425190.965549,-0.0101830868139296,11664,481.608919817562,843.568551277126,0.250603399099731,0,25.9067620619686,0.754439048510096,Low,100,Reduce costs and extend runway
Fintech,Mature,Survival,389714215,131182768.789401,145515952.315121,276698721.104522,113015493.895478,161980949.383785,20233717.9980609,0.212966518424354,41501,429.499559701372,1723.59106841636,0.289995821413592,0,34.6472080955639,0.0519193737853798,Low,100,Reduce costs and extend runway
E-commerce,Growth,Cost Optimization,37803059,13945304.7657661,22369083.5856388,36314388.3514049,1488670.64859506,18265715.3628523,5283335.91122077,0.0627024811647936,34306,457.460911461837,1960.00539893458,0.0393796345580144,0,26.0119985430101,0.139759481136719,Low,100,Cut operational inefficiencies
Manufacturing,Mature,Survival,231440157,123050934.500408,120271744.028332,243322678.52874,-11882521.5287401,264346457.305303,154486835.009571,0.0758174866689244,41191,329.733310119446,642.585862612374,-0.0513416586074129,11882521.5287401,22.2466634431027,0.667502290925126,High,100,Reduce costs and extend runway
Fintech,Startup,Profit Maximization,1969060,1535677.9069396,1101393.85123431,2637071.75817391,-668011.758173908,823084.258811388,613757.604591171,0.203228887771773,49681,53.6381044385049,162.588521776917,-0.339254140642697,668011.758173908,1.23214037588409,0.311700813886408,High,100,Improve margins
SaaS,Startup,Profit Maximization,4229295,2693520.99672066,4911452.88197468,7604973.87869534,-3375678.87869534,650494.11841098,930629.120242321,0.317430959033198,25040,161.934469831032,487.875322853456,-0.798165859486118,3375678.87869534,0.192700236540979,0.2200435581444,High,0,Improve margins
Healthcare,Growth,Survival,47738045,15397147.0322971,32765836.3593133,48162983.3916104,-424938.391610377,31603586.8073473,29209874.5157526,0.357588168593299,62251,172.017662529749,436.665043881989,-0.00890146195996037,424938.391610377,74.3721617799232,0.611878314575987,High,100,Reduce costs and extend runway
Manufacturing,Growth,Growth,16356782,6216500.60034594,9743126.37447679,15959626.9748227,397155.025177272,16694244.7419807,10921992.8425412,0.179196058164337,99154,257.630535871509,803.719624240602,0.0242807555408681,0,25.0511638753106,0.667734817431764,Low,100,Invest in expansion
Manufacturing,Growth,Profit Maximization,13644157,6288613.12635278,11612197.6777652,17900810.804118,-4256653.804118,9499280.20847514,2043055.49299385,0.286652020057188,31886,483.239906340947,1313.56508646391,-0.311976313679035,4256653.804118,2.23163091141809,0.149738491941558,High,100,Improve margins
SaaS,Mature,Profit Maximization,144654708,36831244.6449677,85806261.4403156,122637506.085283,22017201.9147167,196863365.303566,65990085.0051258,0.0829982041449679,8798,453.109485878979,1115.20624277895,0.15220522179421,0,18.5539548077116,0.456190371661639,Low,100,Improve margins
SaaS,Mature,Survival,428573626,169393481.687554,157608051.536259,327001533.223813,101572092.776187,579806501.2419,231155256.612956,0.00223336009878775,15897,446.695002682669,1503.18056737059,0.237000334631388,0,30.2185535591782,0.539359499954289,Low,100,Reduce costs and extend runway
Fintech,Mature,Survival,109166966,47982361.0930833,63375930.7609898,111358291.854073,-2191325.85407306,17673590.4920887,21362898.4293193,0.282774177049658,47445,168.118004622415,396.52089695379,-0.0200731588901451,2191325.85407306,8.0652498391503,0.19569013605562,Medium,100,Reduce costs and extend runway
Fintech,Growth,Growth,25274535,6834017.55882713,14790969.0553142,21624986.6141414,3649548.38585863,24293307.1761375,958381.613497145,0.206361025970879,97017,457.095228083973,1445.71191294735,0.144396262319312,0,17.3745223994327,0.0379188623449312,Low,100,Invest in expansion
E-commerce,Mature,Growth,98100671,36922297.5436108,30174583.0374316,67096880.5810424,31003790.4189576,52219854.5520466,32189872.7851318,0.0738328353794333,27057,138.951921593421,475.172851098149,0.316040554085075,0,14.7852830252297,0.32813101538451,Low,100,Invest in expansion
Fintech,Startup,Cost Optimization,3444301,1100547.30074983,2209886.06306797,3310433.3638178,133867.636182203,2798242.27424759,1280924.32768123,0.375790154719935,48331,427.232352650344,1734.24223110161,0.0388664161994563,0,27.9440362670947,0.371896744123475,Low,100,Cut operational inefficiencies
Healthcare,Mature,Growth,145143527,59251578.0799025,65825172.2298316,125076750.309734,20066776.6902659,61636878.1203155,5422308.79283919,0.372594289879772,62597,336.029614129402,678.516884161646,0.138254713145189,0,30.3869220322831,0.0373582543080905,Low,100,Invest in expansion
Manufacturing,Startup,Cost Optimization,2710320,1609133.4782189,2056858.01137223,3665991.48959113,-955671.48959113,869080.068228902,1279947.55861866,0.271500959260474,20339,229.344671464422,480.386119865609,-0.352604670146377,955671.48959113,0.909392063794563,0.472249608392609,High,100,Cut operational inefficiencies
Fintech,Mature,Survival,379009792,93071708.562698,122682092.901457,215753801.464155,163255990.535845,484931375.63268,180906347.965494,0.26222918850467,42900,483.951995694953,1410.37251888659,0.430743463577439,0,27.6872525452255,0.477313124314988,Low,100,Reduce costs and extend runway
Fintech,Mature,Profit Maximization,187586138,103795545.177526,93780603.6795574,197576148.857083,-9990010.85708338,173646882.413598,115431023.468763,0.114427180653319,10322,136.567891518111,564.524145105124,-0.0532555921433991,9990010.85708338,17.3820514209426,0.615349431996743,High,100,Improve margins
Manufacturing,Mature,Cost Optimization,241866016,75945814.1435625,125949537.072955,201895351.216517,39970664.7834829,71273749.0419088,42371100.6293081,0.188881533748854,42989,409.199531714606,1234.04789403133,0.165259532713694,0,34.0205934535284,0.175184183913246,Low,100,Cut operational inefficiencies
SaaS,Growth,Cost Optimization,39254498,14847628.2186221,25461920.2417377,40309548.4603598,-1055050.46035983,14880994.7331425,13360070.3712587,0.277747328507108,694,376.116923816851,1024.61907755661,-0.0268771864146584,1055050.46035983,14.1045336618944,0.340344955405077,Medium,100,Cut operational inefficiencies
Healthcare,Startup,Survival,3119517,2357965.40333325,3228786.78211339,5586752.18544664,-2467235.18544664,359833.523256334,423736.820443242,0.226263438875209,80736,250.299965624058,930.978416900235,-0.790902946015887,2467235.18544664,0.145844840969708,0.135834111640758,High,0,Reduce costs and extend runway
E-commerce,Mature,Profit Maximization,362735891,157620961.619656,121383860.668091,279004822.287748,83731068.7122524,529149512.848793,123206031.723844,0.31740133397725,18430,427.80501791394,1525.50425711631,0.230832048302197,0,16.6050411144566,0.339657681472286,Low,100,Improve margins
SaaS,Mature,Growth,151538771,55232627.2007985,47535975.2363703,102768602.437169,48770168.5628312,36261304.4379739,99744508.4830789,0.237727809011625,26832,187.421666885809,888.267211483013,0.321832942427857,0,21.0169393291265,0.658211148373896,Low,100,Invest in expansion
E-commerce,Startup,Profit Maximization,4226030,2527580.21852742,4176093.41510687,6703673.63363429,-2477643.63363429,3062887.72962266,2348959.32139874,-0.0601918743362811,21259,95.095107072736,366.876045075677,-0.586281600848618,2477643.63363429,1.23620995692989,0.555831198879028,High,0,Improve margins
Fintech,Startup,Growth,1914099,1056525.8156853,2058385.91471291,3114911.73039821,-1200812.73039821,2771874.77941842,972111.401058931,0.343453362196088,98722,468.69057193045,2162.95099997079,-0.627351422469898,1200812.73039821,2.30833227300915,0.507868924783374,High,0,Stabilize finances
Healthcare,Mature,Cost Optimization,243309682,97217708.3871359,68137514.0093913,165355222.396527,77954459.6034728,239975379.210646,107872553.671918,0.25267816817771,35516,391.13307563936,1125.01897662784,0.320391934109194,0,31.8327164365552,0.443354957292319,Low,100,Cut operational inefficiencies
E-commerce,Mature,Profit Maximization,146135560,64402929.9534688,43694111.5380284,108097041.491497,38038518.5085028,35214438.1000092,49533308.8285063,0.0535749750949761,55472,441.20304855831,1028.8615347372,0.260296114843662,0,13.9485068892104,0.338954521599714,Low,100,Improve margins
SaaS,Startup,Survival,999321,877231.486385871,859857.523776569,1737089.01016244,-737768.01016244,467127.041188939,515674.686620632,0.324286204791023,81198,76.3658994695609,172.143013226508,-0.738269295013754,737768.01016244,0.633162504682317,0.51602506764156,High,0,Reduce costs and extend runway
Healthcare,Startup,Profit Maximization,1466825,754038.570589909,807245.183385811,1561283.75397572,-94458.7539757204,1637781.24723036,369025.753123916,0.314448555987939,88178,300.939077004421,1058.90318528542,-0.0643967439713124,94458.7539757204,17.3385861902364,0.251581308693208,Medium,100,Improve margins
Fintech,Mature,Cost Optimization,451281331,138434370.536153,154811953.651312,293246324.187465,158035006.812535,641057765.067112,260990453.826398,0.244736949703382,79644,237.066610228218,1008.5640574393,0.350191767211693,0,25.104590239698,0.578332042338348,Low,100,Cut operational inefficiencies
Fintech,Growth,Growth,27893874,10410608.323745,16898045.6140728,27308653.9378178,585220.062182229,41814846.6000359,6880973.98998301,0.342248267396932,78578,203.412384136441,692.084259382857,0.020980236097081,0,32.1728611187807,0.246684056505848,Low,100,Invest in expansion
SaaS,Growth,Growth,16955962,4954296.35721472,10893699.0964396,15847995.4536543,1107966.54634567,15896771.6122194,11595437.0682988,0.0907871939127589,65367,128.349161389956,362.397790640145,0.0653437738504998,0,31.2946447386253,0.68385604239375,Low,100,Invest in expansion
Healthcare,Mature,Growth,499103984,189823949.879967,180480103.888756,370304053.768723,128799930.231277,404340396.893916,321032781.980633,0.256271004566498,58165,390.414955478186,736.723622604065,0.258062316391523,0,32.1201076942412,0.643218231615305,Low,100,Invest in expansion
SaaS,Startup,Survival,1216741,703352.763415112,1378614.73363271,2081967.49704782,-865226.497047816,791054.827884293,828784.296650093,0.353127118368934,15882,317.347087223941,1262.57035969679,-0.71110162068001,865226.497047816,0.91427485240385,0.681150957064892,High,0,Reduce costs and extend runway
E-commerce,Startup,Survival,1843174,1334324.11402166,1668321.30439183,3002645.41841349,-1159471.41841349,1347125.73333045,625056.801189852,0.154605792623021,54710,104.794869919805,474.528759649673,-0.629062377406305,1159471.41841349,1.16184470952612,0.339119801597599,High,0,Reduce costs and extend runway
SaaS,Startup,Survival,1644718,726334.948043753,1083634.27270857,1809969.22075232,-165251.220752323,1293555.27539706,416949.897278138,0.0677638456749492,90316,164.163573498115,745.990467092437,-0.100473893246334,165251.220752323,7.82781070849591,0.253508441737817,Medium,100,Reduce costs and extend runway
Fintech,Mature,Growth,452468905,101975896.223595,125325293.733188,227301189.956782,225167715.043218,108737127.846571,273065330.043748,0.0380375680347052,49962,375.894423866012,1045.79460987966,0.497642407146669,0,12.8826670255942,0.603500764419928,Low,100,Invest in expansion
Manufacturing,Growth,Growth,49828060,33703804.9534288,33175322.3539369,66879127.3073657,-17051067.3073657,61559098.3534962,4343875.90660262,0.0253659130010272,32746,209.956933347862,858.625240285277,-0.342198096963151,17051067.3073657,3.61027830362877,0.0871773034431327,High,100,Stabilize finances
E-commerce,Mature,Profit Maximization,218365107,85563567.8273945,67524765.9388389,153088333.766233,65276773.2337666,182502904.638637,92298934.2196622,0.380733729525505,84217,201.271849243295,509.243159933707,0.298934083977834,0,32.9471118019066,0.422681698040989,Low,100,Improve margins
Fintech,Mature,Cost Optimization,162060201,34171056.2271343,59571183.1653988,93742239.3925331,68317961.6074669,165093836.138468,49919888.3181647,0.318236595832986,16590,74.6542611162112,295.747974754802,0.42155915632529,0,33.3903035739696,0.308032990272329,Low,100,Cut operational inefficiencies
SaaS,Startup,Profit Maximization,4757749,1576852.46024518,3255372.34744395,4832224.80768914,-74475.8076891368,6060315.16661836,3256245.95134719,0.315519763553564,63265,486.419353358468,772.197725452007,-0.0156535806510888,74475.8076891368,81.3729364562813,0.684408940309206,High,100,Improve margins
E-commerce,Mature,Profit Maximization,272390311,86694966.1019439,183374070.878356,270069036.9803,2321274.01969999,328953721.059034,131150775.1549,0.186496822056796,13037,392.251151983965,1255.00038571149,0.0085218670633993,0,20.2294101923755,0.481481058094243,Low,100,Improve margins
E-commerce,Growth,Survival,24174647,12626288.7990249,19266783.0278781,31893071.8269031,-7718424.82690305,15315921.4945214,11869020.2847406,0.211812973648632,44688,426.193002092064,822.333666841384,-0.319277664195181,7718424.82690305,1.98433253390469,0.490969745483383,High,100,Reduce costs and extend runway
Manufacturing,Growth,Survival,41735049,13040519.1093833,19100415.4077851,32140934.5171684,9594114.48283164,27718830.2823439,552142.16308696,0.307396000817948,6573,221.569573590071,720.82906352538,0.229881471633869,0,34.8275095537299,0.0132296996485366,Low,100,Reduce costs and extend runway
Healthcare,Startup,Cost Optimization,4675454,2147646.28210737,2769381.56685145,4917027.84895882,-241573.848958818,5794553.18388812,1423939.57205182,0.16924832537253,86943,333.338555404606,1427.68654235569,-0.0516685329293836,241573.848958818,23.9866740910186,0.304556428541875,Medium,100,Cut operational inefficiencies
Healthcare,Growth,Cost Optimization,40658147,26420715.3520804,25749373.6520231,52170089.0041035,-11511942.0041035,5270488.74394731,10951862.8654154,-0.0277621517026973,4452,496.511860620009,1434.31109243052,-0.283139858884949,11511942.0041035,0.457827944413602,0.269364535118027,High,100,Cut operational inefficiencies
E-commerce,Growth,Cost Optimization,32797690,17084236.8051672,20036806.9856369,37121043.7908041,-4323353.79080405,13301997.7691199,4309382.08644335,0.0183990172980594,80321,172.030003570042,828.601221426011,-0.131818850376476,4323353.79080405,3.07677752336943,0.131392853778524,High,100,Cut operational inefficiencies
SaaS,Growth,Cost Optimization,31077355,14996836.9240274,22621881.264604,37618718.1886314,-6541363.18863139,31539926.0422031,6951242.80700161,0.18537187086666,89851,467.603933798549,1128.77018055254,-0.210486484085643,6541363.18863139,4.82161365035015,0.223675496418586,High,100,Cut operational inefficiencies
Healthcare,Mature,Profit Maximization,274089235,98467490.0996643,68128293.1089907,166595783.208655,107493451.791345,239092794.674595,102643653.59505,0.392233686546308,44461,205.511393006914,414.999189738032,0.392184143209218,0,27.2649685231653,0.374489912363942,Low,100,Improve margins
Fintech,Growth,Survival,6035670,1905108.73343485,3400957.52773486,5306066.26116971,729603.738830293,737865.186642656,2592447.1131536,0.18052641976194,86832,231.239128436349,408.336159591921,0.120881979768657,0,28.6897715661433,0.429521016416338,Low,100,Reduce costs and extend runway
Healthcare,Startup,Survival,1111403,627295.085193043,494080.721105468,1121375.80629851,-9972.80629851064,878921.933258743,508708.605129951,0.184716341547427,5154,137.022196774471,599.812916860336,-0.00897316841731635,9972.80629851064,88.131856465517,0.45771750222912,Medium,100,Reduce costs and extend runway
Manufacturing,Growth,Growth,48481349,17218258.9772448,21129484.7909345,38347743.7681793,10133605.2318207,32496890.0052113,27106352.1630434,0.352084274773863,48502,368.86060627925,1358.14891198035,0.209020694366831,0,27.4655078947648,0.559108868093654,Low,100,Invest in expansion
Healthcare,Growth,Profit Maximization,47233754,27921905.7287329,30553605.5081322,58475511.2368652,-11241757.2368652,25256070.2823432,37576567.4752626,-0.0808462665801693,45688,52.5173701468413,86.6400817914787,-0.238002620686579,11241757.2368652,2.24663010863825,0.795544802034211,High,0,Improve margins
SaaS,Startup,Survival,1912867,1434509.00139911,1585954.52687669,3020463.52827579,-1107596.52827579,2697562.93490465,1327750.11064342,0.066323817667073,8466,459.373240358499,1507.82760355013,-0.579024327502013,1107596.52827579,2.43551046436013,0.6941152263296,High,0,Reduce costs and extend runway
Healthcare,Mature,Cost Optimization,335940074,105606348.889445,176305617.133549,281911966.022994,54028107.9770057,236637410.624045,170402379.744238,0.0284929689268905,45042,480.137756168632,1584.51377875351,0.160826624027611,0,31.1638688046375,0.507240406645376,Low,100,Cut operational inefficiencies
E-commerce,Growth,Cost Optimization,15615087,6240604.70694254,4889635.47856211,11130240.1855047,4484846.81449535,5830402.82240817,530647.709286615,-0.0199519311712777,88889,355.127169554454,900.704534278228,0.287212412873227,0,25.4787878349949,0.0339830133054408,Low,100,Cut operational inefficiencies
Fintech,Startup,Growth,4243904,3307929.58154419,3335519.75326152,6643449.33480572,-2399545.33480572,1781636.79446279,1436259.94604128,0.323138227334813,21959,496.398654056683,1062.3567595535,-0.565409899659775,2399545.33480572,0.742489324381548,0.338428943265748,High,0,Stabilize finances
Manufacturing,Startup,Survival,1951246,941357.39395788,934049.982263215,1875407.3762211,75838.6237789046,2919232.42997585,1217877.10528542,0.0452817557887277,77323,218.058897556725,1085.08239246383,0.0388667670703256,0,35.8755127032905,0.624153543574425,Low,100,Reduce costs and extend runway
Healthcare,Mature,Profit Maximization,272245148,129199554.858089,123790829.961648,252990384.819738,19254763.1802624,395771469.680628,65380692.5157911,0.278222738183766,59151,122.75255099917,287.47086065999,0.07072582678411,0,24.3731278578034,0.240153747444532,Low,100,Improve margins
SaaS,Startup,Profit Maximization,3378835,1565120.76484988,3210565.58833161,4775686.35318149,-1396851.35318149,2372821.38844721,1585709.73603135,0.354758658222526,49434,418.061581720999,1052.12957083756,-0.413412123759075,1396851.35318149,1.69869283731789,0.469306650378413,High,100,Improve margins
E-commerce,Mature,Cost Optimization,220686438,81484717.3828953,145047156.515639,226531873.898535,-5845435.89853469,265208827.358021,81531551.2303326,0.399545383898655,45997,289.940298966068,536.455181213899,-0.0264875175452997,5845435.89853469,45.3702396128409,0.369445227215696,Medium,100,Cut operational inefficiencies
Healthcare,Startup,Cost Optimization,3460408,1657292.2114691,1761358.66451876,3418650.87598786,41757.1240121359,2451929.3572147,1180527.31164504,0.163373926215023,63883,331.726789149273,533.081395948086,0.0120671100090324,0,35.2773922051623,0.341152636233946,Low,100,Cut operational inefficiencies
SaaS,Mature,Survival,212941406,70362195.4466063,82743122.0801007,153105317.526707,59836088.473293,305737617.571791,153717470.363397,0.295122237950574,57979,289.387280523424,795.463964222363,0.280997902649769,0,31.0132087957284,0.721876845142069,Low,100,Reduce costs and extend runway
SaaS,Startup,Growth,1919073,1817087.78554237,1307533.23831406,3124621.02385643,-1205548.02385643,2312522.55307986,199882.138149443,-0.0593604475795561,7546,376.972143969948,1491.00669054308,-0.628192895140741,1205548.02385643,1.91823345674968,0.104155567896293,High,100,Stabilize finances
E-commerce,Mature,Growth,401784804,97233541.8763515,216446943.061292,313680484.937643,88104319.0623567,175777421.498275,49681175.2938223,0.343222505698629,25827,335.711405890429,1509.71018675778,0.219282357583531,0,23.7746325194818,0.123651205319906,Low,100,Invest in expansion
Fintech,Startup,Survival,777510,434452.703373324,348487.422608964,782940.125982288,-5430.12598228816,1121037.63130349,596353.0413226,0.120982054473385,60621,229.080774783096,884.56310503999,-0.00698399503837655,5430.12598228816,206.447812621671,0.767003692971923,High,100,Reduce costs and extend runway
Manufacturing,Startup,Profit Maximization,3437864,1608106.76827403,2528566.0337916,4136672.80206563,-698808.802065629,666393.187877156,2463488.56398069,0.245909293062525,24189,361.346470782687,1380.60393065638,-0.203268309062147,698808.802065629,0.95361304251942,0.716575339798401,High,100,Improve margins
Healthcare,Startup,Growth,2501574,2638155.85367105,1768579.79678423,4406735.65045528,-1905161.65045528,2808510.63706796,455316.412990794,-0.049054676998302,55599,435.457356061701,1753.37986078313,-0.761585166161497,1905161.65045528,1.47415870794838,0.182011970459716,High,0,Stabilize finances
Healthcare,Growth,Cost Optimization,27885137,21829800.4207029,16998270.6384025,38828071.0591054,-10942934.0591054,41741209.7911531,5458486.30226018,0.321124792599617,5065,153.92316164933,283.916108159347,-0.392428915056267,10942934.0591054,3.81444405729752,0.195748950498618,High,100,Cut operational inefficiencies
Fintech,Growth,Cost Optimization,17628364,6954544.42009345,16131988.6207913,23086533.0408848,-5458169.04088475,2281722.53657577,6570039.20548476,0.0193573419675318,94342,384.520624239027,1674.41082006589,-0.309624253327464,5458169.04088475,0.418038085571257,0.372697046957095,High,100,Cut operational inefficiencies
Healthcare,Growth,Profit Maximization,30941316,16490535.4937501,22327067.0980851,38817602.5918353,-7876286.59183528,7141398.48302117,11988965.4332472,-0.0545809094692929,2435,134.550477622631,324.87290338922,-0.25455564307075,7876286.59183528,0.906696118755263,0.3874743218177,High,100,Improve margins
Fintech,Mature,Growth,411108903,91514027.2186868,138308715.418706,229822742.637393,181286160.362607,119464554.011153,51429267.4453719,0.241941986723135,76302,72.181399560712,283.690628854222,0.440968704495818,0,31.9734188040937,0.125098890026646,Low,100,Invest in expansion
Fintech,Growth,Growth,47210953,29272240.6844663,35303423.1182034,64575663.8026697,-17364710.8026697,65119989.7929376,36553066.6498691,0.323578728501554,22202,315.102354722448,1463.14991102258,-0.367811062883431,17364710.8026697,3.75013385094359,0.774249709593219,High,0,Stabilize finances
Healthcare,Mature,Survival,479632751,180993019.607908,236865923.062288,417858942.670196,61773808.3298042,213215353.951951,260612275.186251,0.336621972870661,28284,330.167208453211,677.986562388507,0.128793974558681,0,32.654507768393,0.543357964281824,Low,100,Reduce costs and extend runway
SaaS,Startup,Survival,4708668,3822772.13876521,3837064.23116518,7659836.36993039,-2951168.36993039,1468658.65557632,389099.716219335,0.18642937580927,17848,243.094002568515,1188.07352868921,-0.626752272602441,2951168.36993039,0.497653292350433,0.0826347740421145,High,100,Reduce costs and extend runway
Manufacturing,Startup,Growth,3933574,1350583.74636528,2545213.68826059,3895797.43462587,37776.5653741313,5680150.55953629,118901.626024708,0.388816168275236,25035,485.330733605853,2403.44331661061,0.00960362392423056,0,25.1847492346625,0.030227377449797,Low,100,Invest in expansion
SaaS,Growth,Survival,13192934,8005564.26636358,7509192.30289091,15514756.5692545,-2321822.5692545,2888695.44012815,1124160.79807401,-0.0363256118120574,81357,441.415564616265,1355.73905965139,-0.175989857089749,2321822.5692545,1.24414995287761,0.0852093096254412,High,100,Reduce costs and extend runway
Manufacturing,Startup,Profit Maximization,4445237,2677040.74162443,4608826.64501827,7285867.38664271,-2840630.38664271,5884849.79145328,936852.401162236,0.00266993966952825,97786,426.519824262558,900.345214845661,-0.639027882347489,2840630.38664271,2.07167036553759,0.210754207517447,High,70.5846437498989,Improve margins
E-commerce,Mature,Growth,476243420,146263620.856857,176584508.18925,322848129.046107,153395290.953893,492789798.222339,10003709.75068,0.0883693726654773,16166,163.66779190361,794.110295573112,0.322094299914721,0,12.7238729161641,0.0210054550479248,Low,100,Invest in expansion
Fintech,Mature,Growth,57936154,11890197.7693785,18775016.0343711,30665213.8037496,27270940.1962504,69569457.3796985,34874876.7693147,0.00442020821139602,55018,330.5785144803,909.754940378232,0.470706774844778,0,32.2657346950096,0.601953605158443,Low,100,Invest in expansion
Manufacturing,Growth,Profit Maximization,9453293,3036142.43302625,4213354.90099969,7249497.33402593,2203795.66597407,13958146.4442003,6114089.59623384,-0.0200295988165357,73611,198.417113985363,749.27847239947,0.233124654654634,0,30.1678742277517,0.646768231581719,Low,100,Improve margins
SaaS,Growth,Profit Maximization,37445411,13826029.5437067,15632889.2339766,29458918.7776833,7986492.22231675,53667584.5391605,23755178.5574267,0.189350323846121,69292,135.317970579512,218.032707084142,0.213283604293107,0,28.1815547939648,0.634394921114009,Low,100,Improve margins
Manufacturing,Growth,Survival,22472485,15237770.9886352,10512782.8729905,25750553.8616257,-3278068.8616257,4394993.60502966,7513319.12288738,0.0229489667632405,66886,464.21253527625,1872.60780236273,-0.14587033261456,3278068.8616257,1.34072644308333,0.33433414786515,High,100,Reduce costs and extend runway
E-commerce,Startup,Growth,2456263,1086037.45136368,1196169.44581548,2282206.89717915,174056.102820848,2149935.5333716,681152.053868166,0.000757062712054196,19040,74.2379515047934,129.460224813164,0.0708621604530328,0,22.5725218556195,0.277312345570554,Low,100,Invest in expansion
Healthcare,Growth,Growth,36799048,22384799.911846,19710847.4453767,42095647.3572226,-5296599.35722262,20406931.8984105,21800313.6031256,0.3311516180132,92654,442.866020686762,1815.5549482965,-0.143933053844834,5296599.35722262,3.85283660743245,0.592415151694294,High,100,Stabilize finances
Healthcare,Growth,Survival,20008397,9830483.97516966,15341434.0696476,25171918.0448172,-5163521.04481723,25742617.7980299,12148009.3790929,0.0485402749389992,37304,485.702622932785,2350.57962407165,-0.25806770251596,5163521.04481723,4.98547746287749,0.607145558891745,High,100,Reduce costs and extend runway
Fintech,Mature,Cost Optimization,350902662,135026211.381683,228982634.864531,364008846.246214,-13106184.2462144,204782681.050856,211364131.568753,0.112280619103279,71569,391.998721248936,1066.81757113587,-0.0373499139947089,13106184.2462144,15.6248895333519,0.602344052803889,High,100,Cut operational inefficiencies
Healthcare,Growth,Growth,27293394,11608028.0616773,13882301.5033585,25490329.5650357,1803064.4349643,11381925.7451213,12648148.0832966,0.189347539358823,45211,408.038605198456,1514.13158534034,0.0660623019242057,0,19.6262521637989,0.463414263660159,Low,100,Invest in expansion
E-commerce,Startup,Profit Maximization,166538,57265.3531927512,127056.34174943,184321.694942181,-17783.6949421807,204233.149201816,82004.4510213838,-0.0495589859732702,72653,482.385009553151,1855.08349517811,-0.106784607369974,17783.6949421807,11.4842922050693,0.492406844212035,Medium,100,Improve margins
Healthcare,Startup,Growth,236322,108158.62647655,242459.997846245,350618.624322795,-114296.624322795,28565.2728238295,24464.6207259638,0.0258322175227354,61140,240.501399109872,1137.92959329033,-0.483647837792484,114296.624322795,0.249922278921867,0.103522400478854,High,100,Stabilize finances
Manufacturing,Startup,Survival,4694641,3690793.88224536,4077341.33941684,7768135.2216622,-3073494.2216622,3118413.80313095,3554791.25929503,0.0232606479196842,49312,325.422329651669,917.408684978623,-0.654681416888363,3073494.2216622,1.01461515077925,0.757201937122568,High,0,Reduce costs and extend runway
Healthcare,Startup,Cost Optimization,4244101,1360590.38484615,2857672.32451931,4218262.70936546,25838.2906345371,2489511.8023021,2087273.95864926,0.318759657682387,158,356.511964582576,582.181339569773,0.00608804800699538,0,26.5327025973905,0.491805910992519,Low,100,Cut operational inefficiencies
SaaS,Mature,Survival,465129684,223678139.017288,257353711.990284,481031851.007573,-15902167.0075725,315722217.759403,27045302.5429401,0.257060763701153,2176,337.615132155416,1476.30271090237,-0.0341886737281909,15902167.0075725,19.8540373528374,0.0581457246726488,Medium,100,Reduce costs and extend runway
SaaS,Mature,Growth,450596294,104181441.415637,172194066.561211,276375507.976847,174220786.023153,78702092.9298179,348004571.948542,0.326005424744188,30635,412.558154994602,852.203315905257,0.386644959896525,0,19.0280549390463,0.772320093579247,Low,100,Invest in expansion
E-commerce,Mature,Survival,61025063,20188772.4012894,39341238.1366318,59530010.5379212,1495052.46207885,71262666.5417097,3336934.16393107,-0.0937036936662526,45804,311.602647619534,851.109645655357,0.0244989908831204,0,17.5822712871324,0.054681371880453,Low,100,Reduce costs and extend runway
E-commerce,Mature,Profit Maximization,93055176,25029606.0327748,48951822.0077441,73981428.040519,19073747.9594811,9953319.29556007,50463682.0247047,0.174954193563581,68385,126.037467517051,394.938861780747,0.204972455905957,0,14.4068753394937,0.542298496374932,Low,100,Improve margins
Manufacturing,Startup,Profit Maximization,3428367,1338000.50656495,2782653.04026192,4120653.54682686,-692286.546826864,2984097.71670029,744006.616028455,0.207467088958574,64060,129.114447534766,339.445030477473,-0.201928949504783,692286.546826864,4.31049502605254,0.217014869186541,High,100,Improve margins
SaaS,Startup,Profit Maximization,1497581,1001416.92456353,1180906.66387299,2182323.58843651,-684742.588436514,1747975.45494445,46904.8889992086,0.367986554104734,12403,435.021182174313,2064.36128335301,-0.457232422444271,684742.588436514,2.55274826549877,0.0313204354216624,High,100,Improve margins
Fintech,Startup,Profit Maximization,4170199,1284880.60233609,2592807.05321299,3877687.65554907,292511.344450927,1639671.134841,3236330.03688149,0.23393011111984,82084,145.681137213578,409.60119456164,0.0701432580198036,0,12.1873606677334,0.776061295128001,Low,100,Improve margins
SaaS,Growth,Cost Optimization,44036597,22138734.5721006,25983449.1406216,48122183.7127222,-4085586.71272215,55170558.087546,34585540.668614,0.105521282710465,44358,94.8933518171601,400.34649127856,-0.0927770761378803,4085586.71272215,13.5037050898344,0.785381773905327,High,100,Cut operational inefficiencies
Fintech,Startup,Growth,2826921,1675910.98430589,1792499.34100657,3468410.32531245,-641489.325312452,754647.224581163,2089738.00910034,-0.0611637933635807,60408,482.333049313813,792.523768406649,-0.22692156070596,641489.325312452,1.17639872528447,0.739227593944204,High,21.6808160041095,Stabilize finances
SaaS,Mature,Survival,250329802,131926839.009657,135169834.187776,267096673.197433,-16766871.1974331,100727552.031595,145920710.899897,0.222855172372819,60682,146.253081368656,525.42842191725,-0.0669791253916827,16766871.1974331,6.00753419320209,0.58291385897352,High,100,Reduce costs and extend runway
SaaS,Growth,Cost Optimization,25098669,7609708.72088899,10160221.0564168,17769929.7773058,7328739.22269423,16928365.3418857,19845816.3255457,0.13490103784884,41638,491.844783358673,1946.14981849022,0.291997126329457,0,23.9069206593947,0.79071190291189,Low,100,Cut operational inefficiencies
Manufacturing,Mature,Survival,84000727,20607456.0615786,31761528.4830864,52368984.544665,31631742.455335,44596814.0239026,19421393.7802402,0.134269022607845,55823,173.295770212666,566.314723030342,0.3765651034822,0,35.0085756938821,0.231205067787571,Low,100,Reduce costs and extend runway
Fintech,Startup,Growth,3930278,1883946.10843977,2895655.80038302,4779601.90882279,-849323.908822788,4157815.70198101,677716.025195298,0.109827372429503,14112,257.192070064971,1202.22119085244,-0.216097667600813,849323.908822788,4.89544172581222,0.172434628083636,High,100,Stabilize finances
E-commerce,Startup,Survival,2675326,1372849.76905785,3166093.57235021,4538943.34140805,-1863617.34140805,2670096.25471717,146046.438228261,0.0362971431899927,93626,460.429003794375,1004.28947668877,-0.696594486581468,1863617.34140805,1.43274919984367,0.0545901464824326,High,100,Reduce costs and extend runway
SaaS,Mature,Cost Optimization,442621749,191460683.109328,283887790.844705,475348473.954034,-32726724.9540335,109684280.475368,66693137.9792462,0.150247447538307,72202,140.007317569622,686.943177813252,-0.0739383571367016,32726724.9540335,3.35152022175838,0.15067749863156,High,100,Cut operational inefficiencies
Healthcare,Mature,Profit Maximization,352221248,139069572.177511,176925945.21622,315995517.393731,36225730.6062688,435643656.642031,43934249.6477928,0.294974134883519,99372,462.267138401176,2163.23560937836,0.102849361905244,0,17.4197853063368,0.124734807730262,Low,100,Improve margins
SaaS,Growth,Cost Optimization,30214662,13234416.4924254,18421312.3830557,31655728.8754811,-1441066.87548109,23463140.5334996,19100881.7138917,0.138638816266618,58173,398.67249499458,1068.7027627931,-0.0476942907877338,1441066.87548109,16.2817846504637,0.632172609241555,High,100,Cut operational inefficiencies
Fintech,Mature,Growth,168768654,54010666.6881684,45371549.1735609,99382215.8617293,69386438.1382707,116252372.519765,103286730.021564,0.377230213769317,90984,228.473959700455,638.587548614962,0.411133445066586,0,18.8352089819892,0.612001859193379,Low,100,Invest in expansion
SaaS,Mature,Cost Optimization,324547901,167938959.543574,162661044.065168,330600003.608742,-6052102.60874212,316396155.770561,3822886.5585169,0.274027034544058,55516,275.339873633444,884.794543648207,-0.0186477946401574,6052102.60874212,52.2787163775998,0.0117791134890652,Medium,100,Cut operational inefficiencies
SaaS,Startup,Growth,805051,686848.754442753,674428.776654477,1361277.53109723,-556226.53109723,690327.208951347,618754.366355087,-0.040021896125904,15884,422.366431890653,1165.90536876694,-0.690920862277334,556226.53109723,1.24109004219843,0.768590271119577,High,0,Stabilize finances
SaaS,Startup,Profit Maximization,3674541,2128638.32068822,1940474.06377115,4069112.38445936,-394571.384459364,3083975.35029307,1208857.44344952,0.0343985480834888,46215,135.404049845559,291.667465986764,-0.107379774632904,394571.384459364,7.81601370945512,0.328981890105328,Medium,100,Improve margins
E-commerce,Startup,Profit Maximization,1686282,572750.601102886,1127628.66585084,1700379.26695373,-14097.26695373,1503191.85442584,364366.084281896,0.0961995511205572,95151,114.253182562804,211.818334898765,-0.00835997001315914,14097.26695373,106.630019801682,0.216076601826917,Medium,100,Improve margins
Manufacturing,Growth,Survival,18050513,10246488.5206769,7021842.0419527,17268330.5626296,782182.437370438,12783160.1907934,2172538.81725048,0.132983374093068,90526,306.752023283404,935.02170480584,0.043332975487757,0,25.3540591466916,0.120358840618573,Low,100,Reduce costs and extend runway
E-commerce,Growth,Profit Maximization,11858839,3146988.92479642,6721117.85499749,9868106.77979391,1990732.22020609,8231330.48636296,148099.084835382,0.0591486929166678,43026,267.509436376505,711.820107533306,0.167869065446127,0,16.3559430785002,0.0124884978061834,Low,100,Improve margins
Healthcare,Growth,Survival,26625209,9746810.99702083,18414837.2386065,28161648.2356274,-1536439.23562735,25635086.6448729,3304929.23410188,0.188336658879601,25042,499.238118671895,1963.19321472348,-0.0577061849778288,1536439.23562735,16.6847383550484,0.12412782315068,Medium,100,Reduce costs and extend runway
E-commerce,Growth,Survival,7028366,3396191.91444649,3825741.90845771,7221933.8229042,-193567.822904203,8488058.90496329,3147350.04793237,0.0791497067597912,55538,378.46203328066,1721.61755444652,-0.0275409423618809,193567.822904203,43.8505676078407,0.447806794343433,Medium,100,Reduce costs and extend runway
Healthcare,Mature,Profit Maximization,102530820,49462600.4511922,50858756.7940227,100321357.245215,2209462.75478505,122426331.369069,35441517.9098937,0.197388107395418,25700,111.512783520066,382.450590105528,0.0215492547000506,0,26.5296089268803,0.345666970281654,Low,100,Improve margins
SaaS,Growth,Profit Maximization,14388817,7837846.97272659,9060845.13352322,16898692.1062498,-2509875.1062498,9515529.4406481,4959162.07716275,-0.0712824029025281,65067,89.74072454836,395.351519803845,-0.17443234605387,2509875.1062498,3.79123623201554,0.344653912629701,High,100,Improve margins
E-commerce,Growth,Survival,25230419,11161791.9201924,19548149.4489541,30709941.3691466,-5479522.36914655,16420201.0471469,1294527.42929589,0.0131347923792176,8933,411.978401111841,916.568264348937,-0.217179206145826,5479522.36914655,2.99664823700763,0.0513082017899066,High,100,Reduce costs and extend runway
E-commerce,Growth,Cost Optimization,49565779,34330634.6033166,34789845.4465641,69120480.0498807,-19554701.0498807,42573787.9802335,30354023.5967364,0.320038579843862,56398,189.954652320167,488.412273032905,-0.394520200113886,19554701.0498807,2.17716383756699,0.61239880032424,High,0,Cut operational inefficiencies
Healthcare,Mature,Cost Optimization,53261365,20788400.6937649,35786131.1747891,56574531.868554,-3313166.86855397,40239208.0985294,10674151.6252798,-0.0599539195598773,7693,194.608537616851,965.934967154186,-0.0622058197072864,3313166.86855397,12.1452403983781,0.200410778531113,Medium,100,Cut operational inefficiencies
SaaS,Mature,Growth,234015846,136850991.85391,118999136.261092,255850128.115003,-21834282.1150026,46794202.0688761,163326806.045666,0.216651663199336,20505,203.769359208603,636.945528793374,-0.0933025796680562,21834282.1150026,2.14315276419019,0.697930541189362,High,100,Stabilize finances
Manufacturing,Startup,Survival,2438782,2306290.42740224,1898049.72477215,4204340.15217439,-1765558.15217439,3591792.07874531,632634.853263152,0.0178765900023917,52876,199.882983223824,695.241261378204,-0.723950788620874,1765558.15217439,2.03436634150045,0.259406069613091,High,0,Reduce costs and extend runway
Healthcare,Startup,Growth,1958558,1026380.27005269,2233568.67886737,3259948.94892006,-1301390.94892006,2634098.40236514,1042693.9197227,0.208369040287451,65503,147.978065411161,354.939537286543,-0.664463829470486,1301390.94892006,2.02406387146846,0.53237837210984,High,0,Stabilize finances
Healthcare,Startup,Growth,896184,362683.524912939,822984.207433189,1185667.73234613,-289483.732346128,1009982.96255402,299470.406003632,0.162679384236802,18402,348.093488039608,1269.12341457641,-0.323018188615427,289483.732346128,3.4889109462856,0.334161741342885,High,100,Stabilize finances
E-commerce,Mature,Growth,103218280,38904639.6597692,61326020.4985589,100230660.158328,2987619.84167194,119557556.497814,31584936.5907238,0.105580482923175,58276,455.987353272204,1299.5927513553,0.0289446776450058,0,30.6985004961275,0.306001384548588,Low,100,Invest in expansion
E-commerce,Growth,Growth,47914160,17984810.3231623,35058839.2088978,53043649.5320601,-5129489.53206013,69679015.8250537,31102327.1276797,-0.04513809937644,74742,276.679735388705,571.677536114177,-0.107055816736851,5129489.53206013,13.5840058527362,0.649126002160525,High,100,Stabilize finances
Manufacturing,Startup,Growth,2788154,1296609.65219032,2647685.69393224,3944295.34612256,-1156141.34612256,904707.184395868,190635.683547622,0.090655319976039,38723,420.090039507325,948.444417606239,-0.414661939807688,1156141.34612256,0.782522991181011,0.0683734411899851,High,100,Stabilize finances
Healthcare,Growth,Survival,15823042,11112425.3778855,10462956.248863,21575381.6267485,-5752339.6267485,21108784.0992107,8084930.08295874,0.0938299502793995,46845,331.50039787512,1071.82471372816,-0.363541955254148,5752339.6267485,3.66959975747162,0.510959275906538,High,100,Reduce costs and extend runway
Fintech,Startup,Survival,4184338,2452376.39365804,3105693.41162329,5558069.80528132,-1373731.80528132,2693868.89482538,2747186.55394374,0.125582001843798,29428,319.475306592763,1525.59152296114,-0.328303259746542,1373731.80528132,1.9609860414302,0.656540306720856,High,0,Reduce costs and extend runway
Fintech,Mature,Profit Maximization,261235970,51489809.7439206,84611385.8157816,136101195.559702,125134774.440298,128055334.291092,190046101.625211,0.224621366418985,36185,421.886717981997,1484.00319724184,0.479010507015162,0,32.9780811006585,0.727488261379975,Low,100,Improve margins
Fintech,Growth,Cost Optimization,16264264,7965180.55539386,14128937.0778596,22094117.6332535,-5829853.6332535,8679936.46008306,3126939.82213955,0.0793807837330689,97892,319.681211999064,567.744755800786,-0.35844558556437,5829853.6332535,1.48887725252186,0.192258304595865,High,100,Cut operational inefficiencies
Manufacturing,Growth,Profit Maximization,6269343,2154752.23077629,2515512.33376411,4670264.5645404,1599078.4354596,6935803.30549596,1079984.74835885,0.260954786996152,77115,235.35386526295,967.885078342056,0.25506315980153,0,21.696718807883,0.172264422022985,Low,100,Improve margins
E-commerce,Startup,Cost Optimization,3215084,1427751.63612075,2655201.5371549,4082953.17327565,-867869.17327565,1240065.2348582,1783458.5428272,0.358522795077238,54531,81.284693113938,135.492723785581,-0.26993670251715,867869.17327565,1.42886194491475,0.554716002078702,High,100,Cut operational inefficiencies
Healthcare,Startup,Survival,1225521,708593.817589767,652005.546784167,1360599.36437393,-135078.364373934,136011.862013222,528670.668073547,0.296883403514877,96806,321.481179775408,1234.8575525347,-0.11022117480968,135078.364373934,1.00691078577694,0.431384421869187,High,100,Reduce costs and extend runway
Manufacturing,Startup,Cost Optimization,3857523,2148151.70967628,1696829.60893017,3844981.31860645,12541.6813935512,1246097.48760251,1493205.0300457,0.00921156433152978,50949,92.4241900545212,327.185585236979,0.00325122660151376,0,13.2398922198958,0.387089080232496,Low,100,Cut operational inefficiencies
E-commerce,Mature,Cost Optimization,160207735,80366494.7102261,73110087.6811142,153476582.39134,6731152.60865971,71157544.868997,93410360.5523367,0.27388831913605,59890,144.689217683683,481.011754902369,0.042015153691922,0,34.1135421120047,0.583057744074196,Low,100,Cut operational inefficiencies
Manufacturing,Growth,Profit Maximization,27883707,12338764.3656279,21164705.926717,33503470.2923449,-5619763.2923449,41330334.0157514,12489361.2246354,0.247819629021569,94892,162.795191018706,323.814662312066,-0.201542904332803,5619763.2923449,7.35446172119928,0.44790892490139,Medium,100,Improve margins
E-commerce,Mature,Profit Maximization,88176842,26313160.3484653,57563792.7154154,83876953.0638808,4299888.93611924,33756297.0918616,55866377.5727953,0.271388320553948,33382,408.766561541648,1266.94385835269,0.0487643789297789,0,19.8785350453956,0.633571993571682,Low,100,Improve margins
E-commerce,Mature,Profit Maximization,446945628,85526010.4227462,170686130.846987,256212141.269733,190733486.730267,89941016.1540127,265938851.32621,0.255941042614645,87485,426.780436576318,1555.84893560246,0.42674874700926,0,16.1387792057536,0.595013877898835,Low,100,Improve margins
Fintech,Startup,Growth,1850914,971485.727784539,1917672.80983585,2889158.53762039,-1038244.53762039,758500.285810485,484584.011322816,0.00903839103057649,41595,197.240009917518,729.735571899862,-0.560936130809096,1038244.53762039,0.730560343278025,0.261807956135626,High,62.1516512664907,Stabilize finances
E-commerce,Startup,Profit Maximization,2798177,2555962.29052266,1811250.63174973,4367212.92227239,-1569035.92227239,606814.685505448,12613.6443558194,-0.0851001181352084,10208,393.27504138614,1095.17751964045,-0.560735050810719,1569035.92227239,0.386743653788766,0.00450780788914331,High,100,Improve margins
E-commerce,Growth,Survival,9384679,4054579.76677973,7441751.72475241,11496331.4915321,-2111652.49153214,5824642.30790932,212355.978039091,-0.031466028729776,70423,410.875844020281,1661.52654495866,-0.225010625460087,2111652.49153214,2.75833373685609,0.0226279426327838,High,100,Reduce costs and extend runway
Fintech,Startup,Growth,1253331,942177.047724969,941391.451809794,1883568.49953476,-630237.499534762,1027305.16908224,364315.481172582,0.265097633080778,4360,238.941315891638,871.297528518366,-0.50285000493466,630237.499534762,1.63002863181038,0.290677786771876,High,100,Stabilize finances
Fintech,Mature,Survival,87588019,36222086.6704683,56721956.2136878,92944042.8841561,-5356023.88415608,52800642.9336597,50289772.545409,0.205652758527693,21888,419.252635309594,1132.07384999454,-0.0611501886365997,5356023.88415608,9.85817914103258,0.57416268936747,High,100,Reduce costs and extend runway
Healthcare,Growth,Cost Optimization,32486965,19079466.586671,20321825.0620344,39401291.6487055,-6914326.64870546,12633349.9972898,3770187.5187157,-0.0396563474190136,92664,111.278364062707,264.431408302277,-0.212833875023581,6914326.64870546,1.82712657922447,0.116052315712339,High,100,Cut operational inefficiencies
Healthcare,Startup,Profit Maximization,4818642,3153843.74936467,4197165.38875512,7351009.13811978,-2532367.13811978,5143915.02822676,2008780.74957147,0.388465708398658,65129,406.208259018513,1967.65232428875,-0.525535438847664,2532367.13811978,2.03126748519015,0.4168769436641,High,0,Improve margins
SaaS,Startup,Profit Maximization,604204,404463.799007272,400907.51487586,805371.313883131,-201167.313883131,428367.253388115,270066.334508526,-0.0709768314907481,21264,384.899752764188,1608.01109708508,-0.332946014728686,201167.313883131,2.12940783032464,0.446978726570042,High,100,Improve margins
Manufacturing,Startup,Cost Optimization,3714773,2585824.94900872,2338562.24255187,4924387.19156059,-1209614.19156059,3551649.3981765,298922.305049928,0.0983030626754862,29472,51.137397424359,94.8102026068802,-0.325622640080725,1209614.19156059,2.93618363851561,0.0804685252772991,High,100,Cut operational inefficiencies
Healthcare,Growth,Profit Maximization,9938291,4504980.23332425,5422143.50161027,9927123.73493452,11167.2650654782,3037016.87189647,4381047.94644722,-0.0276725489965116,35639,434.54592578088,2171.22310851797,0.00112366050314668,0,19.6361445959622,0.440825082144126,Low,100,Improve margins
E-commerce,Growth,Survival,10899198,4903202.67783751,3492240.28091644,8395442.95875394,2503755.04124606,2280867.96937187,5452706.59357806,0.111968627946791,59415,345.479877262908,1629.27694451531,0.229719199637079,0,21.6142889785265,0.500285121306913,Low,100,Reduce costs and extend runway
Manufacturing,Startup,Survival,2183913,1383074.72679756,1053802.01561883,2436876.74241639,-252963.742416388,3187735.87211339,1373763.19135915,0.171386751079902,41816,474.423407534007,2179.61754962892,-0.115830503511993,252963.742416388,12.6015524662276,0.629037508068844,High,100,Reduce costs and extend runway
E-commerce,Growth,Growth,28808250,16018567.3562519,12430846.0062498,28449413.3625017,358836.637498304,24156303.2346108,7702526.18019855,0.00394417705249853,6002,181.156287946054,346.090246505461,0.0124560373329968,0,27.6883839757713,0.267372234696608,Low,100,Invest in expansion
E-commerce,Growth,Growth,33855415,24978946.908126,21768775.7568075,46747722.6649334,-12892307.6649334,10007098.6608621,23105963.8807531,0.099980036691237,96320,130.417754419674,462.627824244099,-0.380804892361633,12892307.6649334,0.776206938349839,0.68248945938938,High,0,Stabilize finances
Manufacturing,Growth,Profit Maximization,35011464,13407062.822385,24747611.2931506,38154674.1155356,-3143210.11553562,50827006.5570854,14759798.7267831,0.17677939691863,37175,349.837395407732,1193.92435653487,-0.0897765976177296,3143210.11553562,16.1704132682279,0.421570452660393,Medium,100,Improve margins
E-commerce,Growth,Cost Optimization,31201816,23081340.7236692,16117829.5379491,39199170.2616183,-7997354.26161826,6260350.209463,6697808.50546289,-0.059896146093137,47653,479.145402933472,2032.86042576582,-0.256310538515395,7997354.26161826,0.782802662564083,0.214660855171471,High,100,Cut operational inefficiencies
Manufacturing,Startup,Cost Optimization,1206331,886078.805892832,1261927.44833863,2148006.25423147,-941675.254231466,301215.836496102,476547.932534137,0.336999005806542,98610,200.028707496335,537.051629891103,-0.780611004965856,941675.254231466,0.319872307510019,0.395039116572597,High,0,Cut operational inefficiencies
E-commerce,Startup,Survival,1236422,838978.136881872,937275.564898883,1776253.70178075,-539831.701780754,1531145.91120117,777768.34382492,0.345052736721352,56252,308.402876447448,778.226949501091,-0.436607971858115,539831.701780754,2.83633937419819,0.629047642168224,High,0,Reduce costs and extend runway
E-commerce,Startup,Cost Optimization,4203386,2540215.89498354,2709013.33344916,5249229.2284327,-1045843.2284327,749681.375828246,1703081.26093591,0.335445285013333,92761,370.223477422263,1745.007519872,-0.248809704469849,1045843.2284327,0.716820031384357,0.405168895013664,High,100,Cut operational inefficiencies
Fintech,Growth,Profit Maximization,21440147,6713190.01620088,10175441.6305242,16888631.6467251,4551515.35327487,19103170.1119905,15119159.0313282,0.29555705910072,83711,202.31622966559,769.373802475039,0.212289372515724,0,29.2253341138438,0.705179821357017,Low,100,Improve margins
Manufacturing,Startup,Cost Optimization,2120779,861004.259040948,1371952.47164968,2232956.73069063,-112177.730690629,1051218.92994988,1142541.35306141,-0.0908256691631837,23753,142.965100477667,269.731307245632,-0.0528945876447424,112177.730690629,9.3710126196883,0.538736640197497,High,100,Cut operational inefficiencies
Manufacturing,Startup,Cost Optimization,4746523,2400612.41443077,4327846.9093732,6728459.32380397,-1981936.32380397,4483959.35670102,118935.659166433,-0.0405804328030203,2255,181.548282129185,539.681448379252,-0.417555402934732,1981936.32380397,2.26241343016251,0.0250574281777278,High,100,Cut operational inefficiencies
E-commerce,Mature,Survival,483334960,201638205.687351,299040374.346074,500678580.033425,-17343620.0334249,723783000.880754,1355141.12607801,-0.0861851220957925,79555,131.28222927271,494.445260429591,-0.0358832310276602,17343620.0334249,41.731945204396,0.00280373082484662,Medium,100,Reduce costs and extend runway
E-commerce,Mature,Profit Maximization,269473501,133950328.432476,92584385.1649863,226534713.597462,42938787.4025378,360216299.261668,203841255.941818,-0.0431988152630102,64064,416.753499642691,1096.546908035,0.159343264711352,0,35.5743494725367,0.756442675013962,Low,100,Improve margins
SaaS,Startup,Growth,1986338,1332502.3982764,979474.814923615,2311977.21320002,-325639.213200018,676196.388518642,103718.613011039,0.12183909982773,7649,204.782276112605,958.066137605484,-0.163939477168547,325639.213200018,2.07652015208408,0.052215993960262,High,100,Stabilize finances
Fintech,Growth,Growth,42712184,13456445.680139,30319042.3814156,43775488.0615547,-1063304.06155468,58608372.0873182,17713854.7501532,-0.0625279936507516,71878,464.249377120875,2215.48682961457,-0.0248946310391124,1063304.06155468,55.1191086410652,0.414726035787661,Medium,100,Stabilize finances
Manufacturing,Growth,Survival,28477923,8525046.27590672,18714646.734209,27239693.0101157,1238229.98988428,41692952.0097889,391240.884610143,0.373825826540545,71131,54.5406822598467,213.365892998737,0.0434803475620143,0,35.5329672967525,0.0137383925298956,Low,100,Reduce costs and extend runway
Manufacturing,Startup,Cost Optimization,2498895,1247718.61504388,1408914.19766183,2656632.81270572,-157737.812705716,2479470.48193265,1478182.18189605,-0.00947481976392625,97656,194.639575015252,812.119869471792,-0.0631230254595394,157737.812705716,15.7189353611647,0.591534330932693,High,100,Cut operational inefficiencies
Fintech,Startup,Cost Optimization,4983486,4906583.30115506,3466601.22612953,8373184.52728459,-3389698.52728459,5210217.06022603,2188502.57540505,-0.0982445745446747,47759,164.914531934135,757.858615145939,-0.680186224519261,3389698.52728459,1.53707387789433,0.43915094281494,High,0,Cut operational inefficiencies
SaaS,Mature,Cost Optimization,94166004,28734590.6066252,38691968.6169507,67426559.2235759,26739444.7764241,22450387.6315202,3191243.08297072,0.236972224536512,50899,214.572135730571,867.354121674154,0.283960703869563,0,22.9456783224963,0.0338895455622256,Low,100,Cut operational inefficiencies
Fintech,Mature,Profit Maximization,119232563,53080966.0586869,76347322.1587224,129428288.217409,-10195725.2174093,46591046.0840289,86972231.9781225,-0.0125803553422134,48316,302.23498320279,1491.42356336446,-0.0855112476061533,10195725.2174093,4.56966474581665,0.729433552293282,High,100,Improve margins
Healthcare,Growth,Growth,9659710,4220019.72721933,6362248.58339774,10582268.3106171,-922558.310617065,2863639.23756102,2868487.48433746,0.252510017434406,9375,64.6165949161526,282.56750153687,-0.0955057978569817,922558.310617065,3.10401977263165,0.296953788916795,High,100,Stabilize finances
SaaS,Growth,Survival,46043737,14876545.5856407,26643500.5262362,41520046.1118769,4523690.88812307,67385460.5006116,13321201.8867447,0.20068810572158,91369,302.213066978076,1420.8351214718,0.0982476919308933,0,28.1865857128048,0.289316262204016,Low,100,Reduce costs and extend runway
SaaS,Startup,Growth,4732505,3848804.94294641,2728492.41597117,6577297.35891758,-1844792.35891758,4616826.87455608,3093045.82137168,0.226780362772596,66241,164.054162241664,450.702649386624,-0.389813081849376,1844792.35891758,2.5026268415731,0.653574760379901,High,0,Stabilize finances
E-commerce,Mature,Cost Optimization,82851197,28096181.8975261,48219501.9175006,76315683.8150267,6535513.18497329,8760853.80860571,22730067.8723238,0.384429667733894,91033,318.40081200448,783.373793032612,0.0788825439054705,0,18.0719937722843,0.274348092669364,Low,100,Cut operational inefficiencies
Fintech,Startup,Profit Maximization,3695195,2036794.56003922,3982007.40390004,6018801.96393926,-2323606.96393926,4276309.43581212,634214.362151423,0.38869447160412,85030,208.46231760211,625.442704536713,-0.628818496436388,2323606.96393926,1.84037554637141,0.171632176962629,High,100,Improve margins
Fintech,Growth,Growth,42089486,19026676.4049205,21484222.4394671,40510898.8443876,1578587.15561238,53446627.9164694,612809.183237955,0.301089049762236,90580,150.355688635345,502.144186093868,0.0375054985373872,0,14.1900136627739,0.0145596737208422,Low,100,Invest in expansion
SaaS,Growth,Growth,23894563,10300932.1565617,11960103.1333573,22261035.289919,1633527.71008096,34463638.0283974,3938156.67674941,0.227415679197002,3085,361.551274209376,1695.67376445318,0.0683639918453818,0,24.0375396796952,0.164813923433101,Low,100,Invest in expansion
Fintech,Growth,Profit Maximization,15089617,8504352.37695749,6222698.28303061,14727050.6599881,362566.340011897,19418248.9383113,4546680.88844516,0.186957154473131,57605,235.38185595311,891.696680678291,0.024027537611584,0,35.8812660595019,0.301311881437757,Low,100,Improve margins
Healthcare,Mature,Survival,335575788,115150111.380418,145512516.205834,260662627.586252,74913160.4137478,193675376.888038,256290263.329573,0.248342016757551,63511,377.033254353194,1811.70617765161,0.223237680108637,0,26.6579638789034,0.763732880900134,Low,100,Reduce costs and extend runway
SaaS,Mature,Profit Maximization,244259779,71477193.1582246,94676584.619245,166153777.77747,78106001.2225305,52780759.2983492,19965271.2356701,0.135115193499358,30185,106.024504220577,498.535099875647,0.319766117624017,0,15.3664131230201,0.0817378584284646,Low,100,Improve margins
Manufacturing,Growth,Growth,32051252,18665727.7273744,21814899.8786434,40480627.6060178,-8429375.60601775,43947003.8570926,1500030.20574051,0.194156922745736,79093,289.453937092118,874.101230762331,-0.262996765493521,8429375.60601775,5.21355387529756,0.0468009862997087,High,100,Stabilize finances
Manufacturing,Startup,Survival,2754589,1329976.31798313,1865168.02012687,3195144.33811,-440555.33811,2692577.04142544,1219647.10599059,0.380551937485268,25393,91.9462666517143,152.700232444874,-0.15993505314586,440555.33811,6.1117794031885,0.442769177539948,Medium,100,Reduce costs and extend runway
SaaS,Growth,Growth,22939324,6867943.94591886,14585495.242119,21453439.1880378,1485884.81196217,15834271.5975868,7236790.45530866,0.393243533964845,2033,426.903230604346,1183.96814442609,0.0647745684206811,0,13.744413864063,0.315475314586806,Low,100,Invest in expansion
Fintech,Startup,Cost Optimization,4123360,4110925.88593796,2754378.58522416,6865304.47116212,-2741944.47116212,3345777.71620899,1138720.39474256,-0.00704914422186651,36890,311.803486787536,576.343219466058,-0.664978190398636,2741944.47116212,1.22022081460714,0.276163224831827,High,0,Cut operational inefficiencies
SaaS,Mature,Cost Optimization,228105190,68872954.4384432,119341648.350814,188214602.789257,39890587.2107429,230418353.114043,165030334.888098,-0.0572556813242143,9854,126.604864597249,273.994760441861,0.174878034168109,0,34.2360148570613,0.723483472200251,Low,100,Cut operational inefficiencies
E-commerce,Growth,Profit Maximization,9188851,4490356.01950725,3222466.65031576,7712822.66982301,1476028.33017699,10715653.641813,5118047.34842794,0.0194644085389293,54381,402.762429355641,1868.90404794048,0.160632524150951,0,22.5302932956391,0.556984474819315,Low,100,Improve margins
Manufacturing,Startup,Survival,373591,192044.016002688,384960.830104446,577004.846107134,-203413.846107134,178821.853090928,13938.2021514768,0.116173869169066,97317,376.912194573124,839.046952059277,-0.544482726048362,203413.846107134,0.879103642712436,0.0373087203692723,High,100,Reduce costs and extend runway
E-commerce,Startup,Growth,1283132,831555.549893804,766837.020901917,1598392.57079572,-315260.570795721,1813162.180485,543273.014741218,-0.0950145142216886,40052,229.385450680491,616.383403911754,-0.245696133208213,315260.570795721,5.75131287718143,0.423396045567578,High,100,Stabilize finances
Healthcare,Startup,Cost Optimization,1468051,1038268.87530002,699926.964282212,1738195.83958223,-270144.839582229,1033513.85526219,1021527.61378417,0.348254917806932,36466,92.6736974798456,251.516372168324,-0.184015977361978,270144.839582229,3.8257767827825,0.695839322873773,High,100,Cut operational inefficiencies
Fintech,Startup,Survival,1419021,847188.226386224,845593.270416577,1692781.4968028,-273760.496802801,1566085.27963631,659771.364983253,0.379348870682699,71094,134.049787986232,455.891809800316,-0.192922089808961,273760.496802801,5.72064011399139,0.464948274185691,High,100,Reduce costs and extend runway
Fintech,Growth,Survival,7670111,3024063.6525336,3270921.3752711,6294985.0278047,1375125.9721953,8414596.32450819,1945592.80496245,0.169753286992148,11271,114.539271143101,533.197550350183,0.179283712086474,0,16.1867175885826,0.253659015490447,Low,100,Reduce costs and extend runway
Healthcare,Startup,Growth,235513,164750.951700035,142019.423486986,306770.37518702,-71257.37518702,288032.900488071,135590.500218359,-0.0889356627892092,42838,386.37183014663,1180.82508228182,-0.302562385885365,71257.37518702,4.04214861594478,0.575724058622491,High,100,Stabilize finances
Manufacturing,Mature,Survival,106500598,21182462.1568056,32153056.8851659,53335519.0419715,53165078.9580285,43442450.1211472,82748305.5357278,0.26362115978499,58035,190.922514287981,667.343209823197,0.499199816305525,0,27.5621860408988,0.776975031968626,Low,100,Reduce costs and extend runway
SaaS,Startup,Survival,2497358,1450477.94064448,1386851.96385581,2837329.90450029,-339971.904500293,869258.739220517,927559.527999989,-0.0899828079613924,80184,187.591769214577,583.139242215208,-0.136132626760077,339971.904500293,2.55685463332094,0.371416323971168,High,100,Reduce costs and extend runway
Healthcare,Startup,Cost Optimization,1741345,760988.275787665,1003872.65450207,1764860.93028973,-23515.9302897321,1958904.39214723,952012.303504899,0.0402302434259226,1212,467.47045890481,1269.80653484641,-0.0135044636701699,23515.9302897321,83.3011651256069,0.546710906514734,High,100,Cut operational inefficiencies
E-commerce,Mature,Cost Optimization,247536808,121227348.180629,99314916.6147476,220542264.795376,26994543.2046239,183931212.050426,134562459.380313,0.225942711941498,87540,132.537332829099,613.297290596793,0.109052643211849,0,34.5334115367605,0.543605859942706,Low,100,Cut operational inefficiencies
Healthcare,Startup,Cost Optimization,4770660,2224777.08109533,3132387.26106936,5357164.34216469,-586504.342164686,846691.002326585,3090897.71047656,0.392087742557539,43302,299.738900683647,759.384577310381,-0.122939874601142,586504.342164686,1.44362273466143,0.647897295233062,High,100,Cut operational inefficiencies
SaaS,Growth,Cost Optimization,46066561,22782448.5019118,17875189.4548662,40657637.956778,5408923.04322199,46155836.2058258,749625.708133069,0.262315668449697,24298,405.963444655288,1449.18942667609,0.117415386037217,0,17.5159326656004,0.0162726648540808,Low,100,Cut operational inefficiencies
E-commerce,Startup,Growth,3098811,1617639.13683055,3606471.00747762,5224110.14430817,-2125299.14430817,4196352.3628858,1616544.79249381,0.268769093774189,57949,415.581117814092,1316.43266121162,-0.685843423270464,2125299.14430817,1.97447609863495,0.521666146303795,High,0,Stabilize finances
Healthcare,Growth,Survival,24829249,8591081.80541193,9094688.44601866,17685770.2514306,7143478.74856941,18400290.258957,11265815.7951618,0.349669704509202,68389,415.903006386041,1992.85012664925,0.287704181007223,0,20.0566594154492,0.453731637036697,Low,100,Reduce costs and extend runway
E-commerce,Growth,Survival,10783881,4687084.41864597,6117887.90579327,10804972.3244392,-21091.3244392332,5737572.02021941,5239727.17121148,-0.00741747729189871,5464,380.159806674136,1057.20699336793,-0.00195581947160147,21091.3244392332,272.034695438406,0.485885106782195,Medium,100,Reduce costs and extend runway
SaaS,Startup,Survival,3675314,2724843.68163681,2405491.55409494,5130335.23573175,-1455021.23573175,2275925.09984796,2147755.59459978,0.10533812414135,91250,324.375821385032,1266.38638618621,-0.395890320046601,1455021.23573175,1.56418686130265,0.584373360915497,High,0,Reduce costs and extend runway
SaaS,Growth,Survival,9826616,6179661.07549355,5473194.68187217,11652855.7573657,-1826239.75736572,13303273.435702,2787175.81598748,0.375738626426297,50557,146.746500614776,239.213452929376,-0.18584625239917,1826239.75736572,7.28451638512757,0.283635365011463,Medium,100,Reduce costs and extend runway
SaaS,Startup,Cost Optimization,4935620,2095923.7419182,4386987.81800794,6482911.55992614,-1547291.55992614,7125147.7669066,3470697.6112158,0.277341260434071,4882,178.258059166806,723.168428077775,-0.313494871956541,1547291.55992614,4.60491606846658,0.70319384620692,High,100,Cut operational inefficiencies
Manufacturing,Mature,Profit Maximization,88483441,34961666.3556502,51588140.6501132,86549807.0057634,1933633.99423663,104778370.264914,18578429.4401933,0.0642960815140274,89931,470.784477191211,1185.67624783432,0.0218530605544221,0,24.4949391641148,0.209965042387912,Low,100,Improve margins
SaaS,Startup,Profit Maximization,1496629,1076352.86025012,1422829.80143044,2499182.66168056,-1002553.66168056,942038.966290026,895278.464189263,0.356447990153117,79145,53.6262300029908,222.829402478031,-0.669874539168062,1002553.66168056,0.939639445045673,0.598196656746103,High,0,Improve margins
Healthcare,Growth,Cost Optimization,15676366,7165014.54900929,12932164.0024192,20097178.5514284,-4420812.55142844,18785211.8246274,7476532.97250545,0.346670820913804,16643,328.409307370387,568.006237575765,-0.282004933504898,4420812.55142844,4.24926675946881,0.476930238328542,High,100,Cut operational inefficiencies
Manufacturing,Startup,Survival,4708903,2970180.03905931,5402197.10534136,8372377.14440067,-3663474.14440067,2851392.4883448,2836151.34866496,0.228889203619089,28788,143.773341465403,439.89932795077,-0.777988874351558,3663474.14440067,0.778330179483572,0.602295555602857,High,0,Reduce costs and extend runway
Fintech,Startup,Cost Optimization,4672763,2823818.07775964,3598481.26452831,6422299.34228795,-1749536.34228795,7006983.34885192,1453284.06569582,0.0934995296271544,48292,62.0467635664075,113.035725154634,-0.374411529599928,1749536.34228795,4.00505161252528,0.311011721693528,High,100,Cut operational inefficiencies
Fintech,Growth,Cost Optimization,24789633,16451482.1345413,15907743.5232148,32359225.6577562,-7569592.65775615,2760110.41854816,12230457.8770335,-0.0531375669701418,81171,100.08304824068,225.532616100213,-0.305353155399927,7569592.65775615,0.364631300961753,0.493369864613708,High,100,Cut operational inefficiencies
Manufacturing,Growth,Survival,5419794,3196263.69320549,4181117.94598268,7377381.63918817,-1957587.63918817,5561740.54807834,2985583.30261183,0.335790362627241,33639,219.147779658053,1040.3083117975,-0.361192259187003,1957587.63918817,2.84111956815627,0.550866564783059,High,100,Reduce costs and extend runway
E-commerce,Startup,Profit Maximization,4452183,2318138.38177538,4319050.57569928,6637188.95747466,-2185005.95747466,794146.561634901,431027.29347292,0.364992391567067,86398,359.274475274194,941.864894965947,-0.490771820806706,2185005.95747466,0.363452812985802,0.0968125733989191,High,100,Improve margins
E-commerce,Mature,Profit Maximization,207236947,61040816.1084071,133414912.154411,194455728.262818,12781218.7371818,180200304.387956,77422306.5453627,0.363921133303097,76413,488.21083397735,799.170288531852,0.0616744211020526,0,34.7087406355208,0.373593163121452,Low,100,Improve margins
E-commerce,Growth,Survival,13537187,5979665.66801983,4654837.8678368,10634503.5358566,2902683.46414337,2484011.79361081,3440942.26014017,0.395575822574094,95420,227.15428275006,581.434050840163,0.214422942088587,0,23.0559298730569,0.254184437294112,Low,100,Reduce costs and extend runway
Healthcare,Startup,Cost Optimization,4905742,2310347.84300711,3788625.72133008,6098973.56433719,-1193231.56433719,797646.100401682,1051826.34211353,-0.073111547333474,65892,347.774302576728,1600.86746201872,-0.243231618038043,1193231.56433719,0.668475528339512,0.214407186948179,High,100,Cut operational inefficiencies
Fintech,Startup,Survival,986358,981882.196444144,740815.114625895,1722697.31107004,-736339.311070039,579294.473664834,88009.4420180792,0.252077375394437,53426,453.573070178318,763.950925936268,-0.746523383061768,736339.311070039,0.786722187659667,0.0892266722813412,High,0,Reduce costs and extend runway
Healthcare,Startup,Profit Maximization,4631867,1805725.31692719,2503062.92025503,4308788.23718222,323078.762817781,4251249.92406456,2734325.72236122,0.0580753458891643,72143,232.0949380571,696.671943631334,0.0697513039164943,0,17.4424692804184,0.590329066521387,Low,100,Improve margins
Fintech,Growth,Profit Maximization,27703851,6861167.57516314,15347984.9604723,22209152.5356355,5494698.46436453,38977490.9501305,11674397.2679868,0.168918911574654,74462,316.599433434084,585.333112541379,0.198336991646559,0,35.8841237369769,0.421399799904598,Low,100,Improve margins
Fintech,Startup,Profit Maximization,4995201,4717590.52517463,3257410.47073749,7975000.99591212,-2979799.99591212,3009651.8826911,1619522.36999691,0.352788029498284,23379,54.3011837666309,126.51961916257,-0.596532551124994,2979799.99591212,1.01001808403918,0.324215656186189,High,0,Improve margins
Fintech,Mature,Cost Optimization,469115915,278280790.723297,215338877.553205,493619668.276501,-24503753.2765014,346982701.606739,154207747.922916,0.177504543237426,65767,211.700839724267,360.099355419106,-0.0522338989000222,24503753.2765014,14.1603899488936,0.328719923993445,Medium,100,Cut operational inefficiencies
Healthcare,Growth,Growth,20153543,9295453.10077041,11477251.6865761,20772704.7873465,-619161.78734652,2535474.79302489,2385449.75194799,0.0890774092803709,63974,161.082007384213,415.973313075095,-0.0307222301977632,619161.78734652,4.09501174788406,0.118363791019177,High,100,Stabilize finances
Manufacturing,Startup,Profit Maximization,3303028,2734917.68312414,3209987.87390662,5944905.55703076,-2641877.55703076,4152494.51648551,2616658.43259202,0.0873364449209911,87577,101.405010128982,202.115267484387,-0.79983504742641,2641877.55703076,1.57179673427127,0.79219989433696,High,0,Improve margins
E-commerce,Growth,Cost Optimization,8470150,5327462.43310572,5282404.68255035,10609867.1156561,-2139717.11565607,8072366.92719185,327550.215379259,0.336137598001596,12652,104.172334148579,208.607299467872,-0.252618562322518,2139717.11565607,3.77263277847676,0.0386711233424744,High,100,Cut operational inefficiencies
Fintech,Startup,Profit Maximization,2122601,885643.851941516,1530354.53474173,2415998.38668324,-293397.386683242,2215214.5926714,177317.750911476,0.12703100236169,42830,221.601639611826,476.097519676523,-0.138225406792535,293397.386683242,7.5502192358073,0.0835379569271265,Medium,100,Improve margins
E-commerce,Mature,Cost Optimization,263377584,104115183.674536,135315606.486455,239430790.160991,23946793.8390086,115448855.466574,298821.913960648,0.179982073572922,77484,296.031626592741,1021.10765192084,0.0909219132293681,0,29.3606066812515,0.00113457610713237,Low,100,Cut operational inefficiencies
E-commerce,Mature,Profit Maximization,491671134,177635276.485709,296179687.333667,473814963.819376,17856170.1806239,468300434.329052,270526518.657015,0.135618343645824,40222,292.328992856351,698.804190120757,0.0363173042829557,0,13.7345800809888,0.550218428436385,Low,100,Improve margins
Healthcare,Startup,Cost Optimization,2549798,2519417.70978567,1840804.72921558,4360222.43900125,-1810424.43900125,3104341.72586395,1255526.35563919,-0.0357270211977448,58960,75.180137186582,345.719386007719,-0.710026613481246,1810424.43900125,1.71470383352564,0.492402282705999,High,0,Cut operational inefficiencies
E-commerce,Mature,Growth,477425151,116761539.341708,136916499.575595,253678038.917303,223747112.082697,249105527.595281,108840813.83985,0.0948279573515913,87040,259.997396774078,832.767343993829,0.468653801782422,0,32.7151419801375,0.227974612589797,Low,100,Invest in expansion
SaaS,Startup,Cost Optimization,2704590,1392193.68240128,1452256.69760704,2844450.38000832,-139860.380008318,594820.131608503,2048710.47567489,0.0458619435901805,1416,108.11138182985,520.124687920614,-0.0517122299529016,139860.380008318,4.25295663842131,0.757493917996772,High,100,Cut operational inefficiencies
Healthcare,Startup,Profit Maximization,608566,365605.237531686,596980.975170823,962586.212702509,-354020.212702509,819397.539101212,476738.419573053,0.147137180703062,73985,235.846427086799,478.696173596459,-0.581728543333852,354020.212702509,2.31455015759162,0.783379977805289,High,0,Improve margins
Fintech,Growth,Growth,12875904,4373379.62526171,6695548.403111,11068928.0283727,1806975.9716273,5135920.20725703,9331106.91953039,0.349511863606683,34243,259.042308585989,1066.8361766931,0.140337794661042,0,17.3199322340973,0.724695285047978,Low,100,Invest in expansion
Fintech,Startup,Cost Optimization,2902143,2819382.04503453,2379572.52690362,5198954.57193814,-2296811.57193814,1054806.6169662,492160.549373545,0.070112620761196,74400,301.311484578531,715.830425926437,-0.791419158855419,2296811.57193814,0.459248216028496,0.169585216639409,High,0,Cut operational inefficiencies
SaaS,Growth,Cost Optimization,16864437,12361239.27611,10180912.1709191,22542151.447029,-5677714.44702904,5550062.23309427,11753437.7436999,0.0361237681852356,99906,345.570037931395,1309.12861019817,-0.336667891553631,5677714.44702904,0.977516971815734,0.696936265568778,High,0,Cut operational inefficiencies
E-commerce,Growth,Survival,33139199,14640370.2829425,28519050.7149823,43159420.9979249,-10020221.9979249,18426449.5121133,15304479.2674773,0.238194784704217,44361,155.544845336624,338.254062155535,-0.302367658250426,10020221.9979249,1.83892627487987,0.461824055176387,High,100,Reduce costs and extend runway
E-commerce,Growth,Survival,38694080,13311338.871642,16369487.1992303,29680826.0708723,9013253.92912766,48250722.1865389,23974979.0813132,0.368849633097046,4421,489.97558034269,2090.7613001885,0.23293625094918,0,23.7626754392749,0.619603285084261,Low,100,Reduce costs and extend runway
Healthcare,Growth,Growth,25785099,10111148.8475026,11380784.7273122,21491933.5748148,4293165.42518522,31970821.9703537,15847476.0025122,0.301496008933576,87934,168.43662688104,451.97913381414,0.166497922896678,0,14.5764953915064,0.614598222117053,Low,100,Invest in expansion
Fintech,Mature,Growth,359838113,138543227.542282,241333351.794212,379876579.336494,-20038466.3364935,164769454.901945,85503358.9264899,0.284269048505708,74810,403.184170560105,1916.42164385488,-0.0556874483623515,20038466.3364935,8.22265796868251,0.237616183048653,Medium,100,Stabilize finances
Healthcare,Mature,Growth,53453705,31152767.4302215,22427556.7935787,53580324.2238002,-126619.223800235,79708287.0443335,5356813.61825322,0.206636634663267,37589,168.12933841067,690.935112917685,-0.00236876421943501,126619.223800235,629.511733305902,0.100214075305972,Medium,100,Stabilize finances
E-commerce,Growth,Cost Optimization,22362914,8767943.68475574,20201179.2591036,28969122.9438594,-6606208.94385936,3383157.69629041,10675596.0298602,0.0944915508002196,76674,228.173493116288,559.050686712503,-0.295409128875573,6606208.94385936,0.512117876537215,0.477379469860691,High,100,Cut operational inefficiencies
Manufacturing,Growth,Cost Optimization,36842171,14100058.3522535,32469723.5806619,46569781.9329154,-9727610.93291538,19802948.3785548,5140530.44590564,0.19451947030417,45017,417.859405029932,805.614122757993,-0.264034682780105,9727610.93291538,2.03574634256263,0.139528434573132,High,100,Cut operational inefficiencies
Manufacturing,Startup,Cost Optimization,1006030,694588.593824861,973613.11043469,1668201.70425955,-662171.704259551,999831.87754391,758925.03973858,0.00592945143204213,85970,158.69426572219,510.45729832291,-0.658202741726938,662171.704259551,1.50992842356793,0.754376151544765,High,0,Cut operational inefficiencies
Manufacturing,Growth,Survival,36797603,12287555.8954193,23739560.5406364,36027116.4360558,770486.563944235,39102678.465121,29229174.7803402,0.0978234105983562,70541,102.025349686587,189.753967039771,0.0209384987371116,0,30.1046927804146,0.794322792719412,Low,100,Reduce costs and extend runway
SaaS,Mature,Survival,499313227,154667838.134275,248408912.544188,403076750.678463,96236476.3215373,162590948.210114,170278155.928349,-0.0344927227831928,45213,106.256160552114,209.760833997042,0.19273768672172,0,31.733375992723,0.341024725003628,Low,100,Reduce costs and extend runway
Healthcare,Mature,Profit Maximization,206857464,44502310.7735317,70872512.1607144,115374822.934246,91482641.0657539,272481497.458191,11960004.1386362,0.337942860683476,7239,233.720048266892,603.905019966729,0.442249650057365,0,19.1308117950682,0.0578176098041896,Low,100,Improve margins
E-commerce,Mature,Profit Maximization,399166951,194255329.817914,165726920.312392,359982250.130306,39184700.8696942,183601041.62426,197361811.908912,0.130033119478976,6329,306.128656038383,1014.03429323102,0.0981661953013095,0,27.707037427821,0.494434249665405,Low,100,Improve margins
Manufacturing,Startup,Growth,1928864,1255474.72170528,2055463.46787544,3310938.18958072,-1382074.18958072,951640.019749683,637223.979986956,-0.030280836425013,41577,344.563160086157,641.659734276534,-0.716522362167949,1382074.18958072,0.688559287861662,0.330362316880276,High,0,Stabilize finances
Healthcare,Growth,Cost Optimization,35111855,12478845.0147897,28565503.0143351,41044348.0291247,-5932493.02912474,13569877.3905183,19180546.4587225,0.282199601281287,68052,357.512357693013,1442.50614584839,-0.168959829354636,5932493.02912474,2.28738193604255,0.546269812823119,High,100,Cut operational inefficiencies
Fintech,Growth,Survival,43822304,13231579.8036226,18923951.0375895,32155530.8412121,11666773.1587879,21132547.6474126,13536970.8804725,-0.0199621705156492,74560,416.132546100341,1525.16296924837,0.266229113804421,0,32.1155799690326,0.308905959861729,Low,100,Reduce costs and extend runway
Fintech,Growth,Survival,33578626,14043203.9103853,31129847.9709834,45173051.8813688,-11594425.8813688,43604609.6671455,6200435.26637509,0.324368163876984,25625,139.148921602208,232.616085481729,-0.345291849683449,11594425.8813688,3.76082525459189,0.184654228150225,High,100,Reduce costs and extend runway
SaaS,Mature,Growth,86114341,44089638.3988258,40543791.7569953,84633430.1558212,1480910.84417884,120169258.798123,30783068.2379726,-0.0134372804174221,88302,204.534551210008,840.785787632908,0.0171970292866648,0,27.0258549853472,0.357467384415943,Low,100,Invest in expansion
Healthcare,Mature,Growth,315692779,150563265.387853,164795415.63441,315358681.022264,334097.977736473,189832199.603284,225841068.69792,-0.0649016942961432,25481,189.400804991508,862.819548700332,0.00105830098108286,0,20.0859320781951,0.715382434192198,Low,100,Invest in expansion
SaaS,Startup,Cost Optimization,1567962,1025752.94872091,728753.549418229,1754506.49813913,-186544.498139133,940809.539853971,817679.573659311,0.271426615557198,60144,85.1493599380203,255.103473598385,-0.118972588710143,186544.498139133,5.04335185030369,0.52149195813375,High,100,Cut operational inefficiencies
Fintech,Startup,Survival,3560762,3386073.71901978,2929692.18322472,6315765.9022445,-2755003.9022445,5157705.70717893,2014738.17972434,-0.0601182872744645,15928,200.971492685145,556.748457777559,-0.773711891512127,2755003.9022445,1.87212283183227,0.565816580755564,High,0,Reduce costs and extend runway
Manufacturing,Startup,Survival,647929,320338.041999701,283197.251293202,603535.293292903,44393.7067070969,720379.247550648,499658.703166726,0.365355611166272,42792,284.183944107169,629.449372419334,0.0685163138354617,0,25.0856572398138,0.77116274031063,Low,100,Reduce costs and extend runway
E-commerce,Mature,Survival,92120337,32167964.561466,57541325.7913878,89709290.3528537,2411046.64714627,86552661.2053674,24479944.8275876,-0.0953971663046785,42178,100.949292470052,449.1755861581,0.0261727944736706,0,18.2041500515475,0.265738767625086,Low,100,Reduce costs and extend runway
E-commerce,Mature,Growth,297313542,57914326.214865,92452409.1593354,150366735.3742,146946806.6258,79388487.4149751,24453102.1100899,-0.0612563549321253,29705,135.206475633436,373.757991056066,0.494248615913363,0,32.6884251871204,0.0822468493886832,Low,100,Invest in expansion
Fintech,Startup,Cost Optimization,2520056,1666001.94726006,1506629.9965619,3172631.94382195,-652575.943821954,510173.085381255,180392.428724111,0.22598685696148,9722,140.752145690373,247.777951940515,-0.25895295335578,652575.943821954,0.781783469358853,0.0715827063859339,High,100,Cut operational inefficiencies
Healthcare,Startup,Survival,2028337,1917081.37546267,1425569.25274534,3342650.62820801,-1314313.62820801,925076.074303653,1253555.14206268,0.0327366124988245,9964,308.175146765409,1083.81702340604,-0.647975966620936,1314313.62820801,0.703847281538837,0.618021138530076,High,0,Reduce costs and extend runway
E-commerce,Growth,Cost Optimization,34798829,13543919.5550817,24821073.9248792,38364993.4799609,-3566164.47996086,32324285.3435934,15036343.2073276,0.146952996954678,59770,123.794587381492,386.508001815974,-0.102479439177705,3566164.47996086,9.06415997501837,0.432093367490256,Medium,100,Cut operational inefficiencies
Fintech,Startup,Cost Optimization,4502050,1949852.03503776,4082073.68125315,6031925.71629091,-1529875.71629091,1652629.67952162,1156028.08920795,0.109673496962953,18732,179.973243463824,527.596436633523,-0.339817575613533,1529875.71629091,1.08023786633357,0.256778154220401,High,100,Cut operational inefficiencies
E-commerce,Growth,Growth,49484248,23095351.0030564,26511223.4528685,49606574.4559249,-122326.455924891,62672318.6829653,31763366.7921869,-0.0499783577849944,21095,85.0415289378649,184.620690312306,-0.00247202818813961,122326.455924891,512.336584993899,0.641888440785982,High,100,Stabilize finances
Healthcare,Growth,Profit Maximization,45411044,19647437.0666108,22641214.5815161,42288651.6481269,3122392.35187315,17229971.5750793,737855.638752718,0.181072227254288,32632,420.141208511062,1227.25090445325,0.0687584357645058,0,35.6324532939657,0.016248374266681,Low,100,Improve margins
E-commerce,Growth,Survival,26222003,16185784.7390049,12261513.9734757,28447298.7124806,-2225295.71248061,13632249.4996667,3814294.43273317,0.122875810409727,55844,144.790518935992,493.664753146019,-0.0848636815608863,2225295.71248061,6.12603952958254,0.145461596992921,Medium,100,Reduce costs and extend runway
Fintech,Mature,Cost Optimization,292057364,79118127.9685486,66952727.6538754,146070855.622424,145986508.377576,164223058.874326,74815279.8272404,0.0915314060672337,58101,303.34167703187,653.739271590519,0.499855598154259,0,31.2149677539076,0.256166387323966,Low,100,Cut operational inefficiencies
Manufacturing,Growth,Cost Optimization,5889515,3145035.46240222,2853167.88816177,5998203.35056399,-108688.350563989,2910838.92518553,93666.4163770107,0.170610314016447,14947,226.074584933126,671.547984735217,-0.0184545502582113,108688.350563989,26.7815171550682,0.0159039269578243,Medium,100,Cut operational inefficiencies
Fintech,Growth,Profit Maximization,46387786,30059397.236884,20683803.1079628,50743200.3448468,-4355414.34484675,49375766.0869471,33214870.1955614,0.249689432866611,36179,422.115759035088,864.117507516814,-0.0938914037597472,4355414.34484675,11.3366403693296,0.716026201284136,High,100,Improve margins
E-commerce,Mature,Survival,250601989,49381052.5199182,78279851.1885079,127660903.708426,122941085.291574,250107307.654632,37279972.4941797,0.0513552845621356,95118,321.228410228421,691.984899894256,0.490583038794532,0,25.0088492521468,0.148761678400644,Low,100,Reduce costs and extend runway
SaaS,Growth,Profit Maximization,38406453,12679497.4988844,16125186.3118452,28804683.8107296,9601769.18927039,13272341.040086,4335252.70956087,-0.0370510117291375,61064,281.968209224282,554.58796757539,0.25000406023619,0,35.5054975263898,0.11287823714314,Low,100,Improve margins
E-commerce,Startup,Growth,2862660,2027637.23105847,1821296.10914187,3848933.34020034,-986273.340200337,2374699.04913639,654172.476999798,0.024198304366969,89021,103.207179076819,288.45196245722,-0.344530380904591,986273.340200337,2.407749406117,0.228519096574444,High,100,Stabilize finances
Fintech,Mature,Cost Optimization,394409041,121198036.096809,208747350.713044,329945386.809853,64463654.1901471,321174207.15135,164337060.380754,0.195201862826953,74776,487.805887038518,1526.36237526373,0.163443652373443,0,34.2367625783785,0.416666565158058,Low,100,Cut operational inefficiencies
Manufacturing,Startup,Profit Maximization,2161369,1198874.96430023,1076113.19316979,2274988.15747002,-113619.157470017,2735180.61997109,1522610.87560474,0.203415714456867,46413,349.60181159479,1381.12255603265,-0.0525681442965163,113619.157470017,24.0732344868238,0.704465954496773,High,100,Improve margins
Fintech,Startup,Cost Optimization,4062513,2417197.9009643,3053901.84332879,5471099.74429309,-1408586.74429309,2173383.24504162,2828825.85452559,-0.014783399060002,65704,106.978923070261,465.786576487189,-0.346727935219676,1408586.74429309,1.54295307253679,0.69632413595368,High,0,Cut operational inefficiencies
Manufacturing,Startup,Survival,851247,481053.628169944,529755.966002148,1010809.59417209,-159562.594172092,177238.895829396,175608.853528185,-0.0528888106262463,7566,490.52381548162,1362.57004815876,-0.187445705150317,159562.594172092,1.11077973348967,0.206296002838407,High,100,Reduce costs and extend runway
E-commerce,Growth,Profit Maximization,29874402,14928142.7951112,10857144.7854396,25785287.5805508,4089114.41944924,39266686.0640999,435098.034749441,-0.0357159470724085,14525,270.198874230906,1174.47389289558,0.136876862654832,0,14.3700712483605,0.0145642424825589,Low,100,Improve margins
Manufacturing,Startup,Survival,3227757,1658216.2747528,1925425.59013943,3583641.86489223,-355884.864892228,1326898.91496442,379385.463348137,0.186567467327035,94970,156.620007127285,429.714636546979,-0.11025763863024,355884.864892228,3.72844997318513,0.117538421680485,High,100,Reduce costs and extend runway
E-commerce,Mature,Cost Optimization,175379250,56861506.8636256,128269609.972591,185131116.836217,-9751866.83621699,30196242.0101923,134514944.283463,0.0385803069220974,74767,452.4701444429,1509.31016130331,-0.0556044505619507,9751866.83621699,3.09645758267001,0.76699463752675,High,100,Cut operational inefficiencies
Manufacturing,Mature,Survival,268593975,147399427.071951,99948426.1683203,247347853.240271,21246121.7597289,192879869.13708,111345082.759265,0.160907850691628,24348,319.430800773079,1250.33455776909,0.0791012596605298,0,28.5160108211741,0.414547953874488,Low,100,Reduce costs and extend runway
Manufacturing,Startup,Growth,1756094,1082460.34286131,821890.890823327,1904351.23368464,-148257.233684637,2458617.40522512,1371008.34825517,0.36954065244351,31085,426.936644907293,1960.02344513716,-0.0844244292643999,148257.233684637,16.5834566322404,0.780714670316719,High,100,Stabilize finances
Fintech,Mature,Survival,485032239,186386097.058065,312887531.810226,499273628.868291,-14241389.868291,113415685.434582,170984964.714376,0.23819849324687,17569,241.409873447908,1203.28878721364,-0.0293617387117458,14241389.868291,7.96380735893666,0.352522886039285,Medium,100,Reduce costs and extend runway
E-commerce,Mature,Profit Maximization,284361913,122825219.292253,101249078.840604,224074298.132857,60287614.8671429,353740019.27135,208378590.240015,0.0489250056430514,3423,174.892543764786,771.543798955913,0.212010160682605,0,14.2928546246795,0.732793601089662,Low,100,Improve margins
Manufacturing,Growth,Survival,5276016,2317784.36443956,4070314.3192122,6388098.68365175,-1112082.68365175,7536442.0891058,256545.934549944,0.349139853771898,515,62.5873537739115,178.410419750019,-0.210780764056014,1112082.68365175,6.77687207965359,0.0486249349035227,Medium,100,Reduce costs and extend runway
Healthcare,Startup,Survival,3213798,2494362.24152256,2419147.02717846,4913509.26870102,-1699711.26870102,2599110.83951598,1384065.37737325,0.271315873406572,76829,306.036515192559,1415.7931837638,-0.528879309994288,1699711.26870102,1.52914844266598,0.430663463407858,High,0,Reduce costs and extend runway
Manufacturing,Mature,Growth,112128680,43909521.294516,57069569.1621313,100979090.456647,11149589.5433526,119425381.08847,6252990.07787142,0.329925735957832,45738,366.733708309781,1617.24722416228,0.0994356621637981,0,12.9659249805169,0.0557661971751689,Low,100,Invest in expansion
E-commerce,Startup,Cost Optimization,2821503,2425983.25846452,2032800.50819052,4458783.76665505,-1637280.76665505,299853.455628283,1131383.71361705,0.252418098758668,24254,242.593777495666,467.657860248455,-0.580286736060549,1637280.76665505,0.183141133600978,0.400986181342727,High,0,Cut operational inefficiencies
E-commerce,Growth,Profit Maximization,14473103,4127776.34465316,7481220.98459351,11608997.3292467,2864105.67075333,5589872.95992401,2763793.06607296,0.0132769242631456,32328,303.700235442857,1013.83152654145,0.197891611132273,0,29.3783338265372,0.190960643759183,Low,100,Improve margins
Manufacturing,Growth,Survival,13446563,5017866.31723335,11114774.7910857,16132641.108319,-2686078.10831904,8458424.60562412,8708868.78769031,0.37930427502221,67328,312.066753421257,1546.02951106583,-0.199759455878728,2686078.10831904,3.14898683676681,0.647665041817029,High,100,Reduce costs and extend runway
SaaS,Startup,Survival,233783,94335.0266876788,178528.736529391,272863.76321707,-39080.76321707,68572.5560879425,24740.5456876877,-0.0429426214066107,13020,449.73986996711,1948.83280693153,-0.167166830851987,39080.76321707,1.75463707571583,0.105826966407684,High,100,Reduce costs and extend runway
SaaS,Growth,Survival,24334361,11549112.1652724,20789109.1114193,32338221.2766917,-8003860.27669166,35908500.0017033,15723708.0989715,0.254914896141032,23367,70.2092734289292,142.258771341233,-0.328911873900928,8003860.27669166,4.48639765817424,0.646152496010537,High,100,Reduce costs and extend runway
E-commerce,Mature,Growth,356428559,89934847.6827285,115887607.388849,205822455.071577,150606103.928423,171218464.640974,100343209.543099,-0.0528436742686262,65030,492.465924932706,1305.48563443181,0.42254219008422,0,33.0343025962184,0.281524044606929,Low,100,Invest in expansion
E-commerce,Mature,Profit Maximization,381250376,184893815.711672,186469101.468132,371362917.179804,9887458.82019615,495327435.612457,23071650.3544116,0.131415328599404,33862,398.855852581068,1163.5184365986,0.0259342926397433,0,34.8234824314502,0.0605157445258797,Low,100,Improve margins
Healthcare,Mature,Survival,253271780,118998491.697182,87141133.7881629,206139625.485345,47132154.5146553,317869880.847976,170985797.895499,0.236504550481526,62455,271.584854021917,584.530142428155,0.1860931940963,0,27.8614812945343,0.675107972532506,Low,100,Reduce costs and extend runway
Healthcare,Mature,Cost Optimization,391549399,194026739.473811,141972595.765405,335999335.239216,55550063.7607841,543676869.451071,90183507.0683087,0.267810488879942,27531,53.8496465531766,237.887623227728,0.141872427598297,0,14.0983847398474,0.230324723517986,Low,100,Cut operational inefficiencies
Fintech,Startup,Growth,4101175,3526572.62238988,2399880.84760323,5926453.4699931,-1825278.4699931,1802693.05397921,2118866.74879521,0.0518268228688005,60065,78.383828454335,334.072177045222,-0.445062322381538,1825278.4699931,0.98762631763581,0.516648704040966,High,0,Stabilize finances
E-commerce,Mature,Growth,296877866,75305099.0739746,80348088.3505978,155653187.424572,141224678.575428,364731245.257332,103978392.464524,0.177290335767812,50828,324.727778318819,742.542291680981,0.475699588110848,0,26.7132486208675,0.350239625019819,Low,100,Invest in expansion
Manufacturing,Startup,Growth,2213685,1518685.96146776,1732689.82412697,3251375.78559473,-1037690.78559473,635010.166423184,509071.600245829,0.14643794856765,57021,221.259173620148,927.70143994478,-0.468761718851026,1037690.78559473,0.611945461247629,0.229965690803266,High,100,Stabilize finances
Fintech,Startup,Profit Maximization,2030917,922937.433415905,1903966.69023923,2826904.12365513,-795987.12365513,3034594.15220812,1457867.91655542,-0.0894596697857315,30166,332.81053240406,549.183818341687,-0.39193483714752,795987.12365513,3.81236588133916,0.717837270826636,High,0,Improve margins
Manufacturing,Mature,Profit Maximization,179847537,71528596.1477915,60655597.9654804,132184194.113272,47663342.8867281,241151145.68128,35777974.5926594,0.318195530143153,82189,206.914052912737,600.159060263692,0.26502082642771,0,33.4573107048515,0.198935026798056,Low,100,Improve margins
Manufacturing,Growth,Profit Maximization,19508208,7058146.63047033,8911793.23377946,15969939.8642498,3538268.13575021,28478369.1680079,5811359.35842689,0.0857865542581,98469,320.92415281717,1194.58816767388,0.181373303778092,0,13.0267987436111,0.297893038582882,Low,100,Improve margins
E-commerce,Startup,Profit Maximization,3367101,1877405.65449567,1274554.15928899,3151959.81378466,215141.186215345,1941574.7283818,840351.753996597,0.352977604874691,72654,66.0823482773604,276.4577191211,0.0638950795403361,0,28.0970454800178,0.249577233945937,Low,100,Improve margins
E-commerce,Growth,Survival,22326850,13682939.3903221,10136476.4412797,23819415.8316018,-1492565.83160175,32658172.8160684,4682635.44248856,0.00642538547995689,48163,302.239222472973,854.904252918087,-0.0668507125546931,1492565.83160175,21.8805577111605,0.20973112832704,Medium,100,Reduce costs and extend runway
Fintech,Mature,Profit Maximization,179818730,97001919.1820688,91282288.0839148,188284207.265984,-8465477.26598358,44488952.2695157,34444650.8050722,-0.00657549027335649,84819,155.982752506191,367.423310372422,-0.0470778392550297,8465477.26598358,5.25533893384647,0.191552074720315,High,100,Improve margins
Manufacturing,Startup,Growth,433060,381989.502879882,271691.43687677,653680.939756652,-220620.939756652,430404.945195941,260409.952506179,0.275790207641419,61557,455.999128943168,763.426987444921,-0.509446588825226,220620.939756652,1.95087984699314,0.601325341768297,High,0,Stabilize finances
Manufacturing,Mature,Growth,327210868,144544625.241152,111022025.042991,255566650.284143,71644217.7158567,198363857.710037,244086329.31901,0.215304235825305,52812,429.330302705802,914.91752056971,0.218954272985385,0,13.5095581825646,0.745960336864515,Low,100,Invest in expansion
Fintech,Growth,Survival,13911707,6425938.76615051,8131801.79943638,14557740.5655869,-646033.565586891,20015647.5906167,4827116.17966332,0.292813402143999,68872,189.143481438197,531.770333817247,-0.0464381233436624,646033.565586891,30.9823647822902,0.346982306316782,Medium,100,Reduce costs and extend runway
SaaS,Startup,Growth,458773,296942.595013064,328583.566418772,625526.161431836,-166753.161431836,344921.005157413,257486.728128798,0.259300831421071,90552,492.101310671184,841.457540611697,-0.363476406483895,166753.161431836,2.06845256902915,0.561250832391614,High,100,Stabilize finances
SaaS,Mature,Growth,428192320,138029787.196623,233178252.154217,371208039.35084,56984280.6491602,562801323.466838,112049251.679107,0.0645314084504548,80993,175.180854518736,552.738372153578,0.133081043231136,0,32.3179506212411,0.261679732320063,Low,100,Invest in expansion
E-commerce,Mature,Growth,284805731,115089632.383599,129781802.857506,244871435.241104,39934295.7588956,289315811.111458,70119060.8339095,-0.036786886422486,18640,345.265269151711,1706.58159678557,0.14021591355862,0,25.6976459754274,0.246199613286256,Low,100,Invest in expansion
Fintech,Growth,Cost Optimization,13919983,4571621.46317632,6299866.82954995,10871488.2927263,3048494.70727373,10325385.0634187,9450307.62521875,0.279324296371224,71709,422.452011006137,1300.83687422849,0.219001324015535,0,15.578153970438,0.678902238976783,Low,100,Cut operational inefficiencies
Fintech,Mature,Profit Maximization,105996904,43214514.4233418,58838051.857564,102052566.280906,3944337.71909419,37881599.4094532,79829336.4970748,0.16617556325857,81746,203.942752591742,545.242806927252,0.0372118200649916,0,35.6529715361769,0.753128945134801,Low,100,Improve margins
SaaS,Startup,Profit Maximization,4071473,1559538.95361194,2762830.85725164,4322369.81086358,-250896.810863579,1044676.13646421,2085443.39368971,0.3952007672911,25159,209.723884020159,1035.80962481272,-0.0616231056582172,250896.810863579,4.16376809600915,0.512208577507382,High,100,Improve margins
E-commerce,Startup,Growth,3981610,3901014.43681012,3247083.67192187,7148098.10873198,-3166488.10873198,3495793.6846743,1544040.82882895,0.317514980633423,99870,495.142936609142,1429.91699657321,-0.795278319255774,3166488.10873198,1.10399709856298,0.387793085919754,High,0,Stabilize finances
Manufacturing,Startup,Survival,4888664,1828041.65739917,2963408.87456632,4791450.5319655,97213.4680345031,5744730.52798036,3335728.48364007,0.289446322551286,74497,281.284930635191,1119.64482486592,0.0198854877394935,0,21.3800051824133,0.68233948654276,Low,100,Reduce costs and extend runway
Manufacturing,Growth,Survival,49258363,17047261.2087859,25007124.3340251,42054385.5428111,7203977.45718893,6344479.64503946,38497480.0966528,-0.0666741014359796,52001,190.844471381205,678.728325374538,0.14624881986413,0,28.3035729591841,0.781542011387036,Low,100,Reduce costs and extend runway
Healthcare,Mature,Growth,374124417,121115873.149057,181803220.849417,302919093.998474,71205323.0015264,182325014.846842,196325143.219452,-0.0400796692293981,899,136.45819724084,523.290055755416,0.190325249478508,0,25.7889051486289,0.524758968670714,Low,100,Invest in expansion
Healthcare,Growth,Survival,37549414,19307813.8973225,29678683.0392757,48986496.9365983,-11437082.9365983,16642435.0399786,22584732.2205882,-0.0912037560030426,27426,391.071982822775,1432.30388992931,-0.304587521301884,11437082.9365983,1.45512934829941,0.601466968847721,High,100,Reduce costs and extend runway
E-commerce,Growth,Survival,31841508,16373628.0798767,16893495.7718146,33267123.8516913,-1425615.85169133,21639535.7187674,7612052.09233281,0.375344034069814,14124,217.000248699465,855.251498056099,-0.0447722467067618,1425615.85169133,15.1790790577242,0.239060665478934,Medium,100,Reduce costs and extend runway
Healthcare,Startup,Cost Optimization,1552303,650285.68030404,779058.942815891,1429344.62311993,122958.376880069,1207620.76072304,550125.675544655,0.0511718809195045,23366,198.596851322012,670.206936016548,0.0792102939181776,0,15.2904765137839,0.354393230925055,Low,100,Cut operational inefficiencies
E-commerce,Mature,Growth,277795791,162762044.075179,129196233.381265,291958277.456444,-14162486.4564443,105190717.631175,194604313.006463,0.00459306504042126,87904,406.279801849844,852.229140777694,-0.0509816452058637,14162486.4564443,7.42741876256557,0.700530099127611,High,100,Stabilize finances
Healthcare,Growth,Profit Maximization,37039296,22207268.9068911,26342520.275786,48549789.1826771,-11510493.1826771,4857721.91954496,21237254.0266194,-0.0448835456393837,51441,469.729521689163,1207.44132223984,-0.310764361792327,11510493.1826771,0.422025524228247,0.573370887681541,High,89.5830803145977,Improve margins
Fintech,Mature,Survival,405917734,144666907.080283,260292914.697069,404959821.777352,957912.222648144,499299789.95173,213510798.921407,-0.00362824639381579,59051,171.215845341212,427.033466396103,0.00235986788063845,0,14.9760718709794,0.525995247405001,Low,100,Reduce costs and extend runway
E-commerce,Growth,Profit Maximization,46531533,18101115.0972205,26509773.4515495,44610888.54877,1920644.45122996,48207774.9861874,14454472.6947513,0.0275576966690004,98094,171.006937052667,290.045202198144,0.041276191163312,0,21.8077843730361,0.310638222358831,Low,100,Improve margins
Healthcare,Startup,Profit Maximization,2904700,2533415.68714559,1714245.71560934,4247661.40275493,-1342961.40275493,2073335.3868195,153960.014594292,0.378503458909677,6203,204.549927482304,746.039548199798,-0.462340827884094,1342961.40275493,1.54385329508822,0.05300375756336,High,100,Improve margins
E-commerce,Growth,Survival,6530520,4866466.27359305,3890057.94146022,8756524.21505327,-2226004.21505327,5954305.03889731,2718505.72789324,0.365362897272699,54741,486.198556408247,942.654448213543,-0.340861710101688,2226004.21505327,2.67488488953953,0.416277069497259,High,100,Reduce costs and extend runway
Healthcare,Startup,Cost Optimization,2867544,1215473.28485484,2762644.7814613,3978118.06631613,-1110574.06631613,535556.999642142,2037287.65733115,0.334435397769693,7121,243.848485506868,653.745958213551,-0.38729102894886,1110574.06631613,0.482234382996742,0.710464305807044,High,0,Cut operational inefficiencies
Healthcare,Growth,Cost Optimization,22280043,16670157.8419254,12264126.4240953,28934284.2660206,-6654241.26602064,30363323.6832217,16969859.0804076,0.321054311064638,45899,159.861569363108,350.885499950561,-0.298663753297991,6654241.26602064,4.56300312377755,0.761661863956349,High,90.7347854111823,Cut operational inefficiencies
SaaS,Mature,Profit Maximization,197152835,86396909.1424447,103487943.334911,189884852.477355,7267982.52264473,187999745.955829,114150921.363318,-0.0874874492180667,3828,447.887512052766,699.089970902241,0.0368647122048472,0,21.7243704912231,0.578997108326229,Low,100,Improve margins
Healthcare,Mature,Profit Maximization,82471010,38006718.4907872,25927884.1779566,63934602.6687438,18536407.3312562,31260916.9506519,4305329.08390421,0.329711295430652,6189,234.459944675812,909.409949493957,0.224762705479855,0,35.4728205332564,0.0522041513000048,Low,100,Improve margins
SaaS,Growth,Profit Maximization,11964240,6910938.68246101,5481502.82835223,12392441.5108132,-428201.510813244,16201597.5011409,9152415.77288512,0.339781618806391,21291,250.072519656245,1053.2990666575,-0.035790113773482,428201.510813244,37.8363856549004,0.764980957660923,High,100,Improve margins
Healthcare,Growth,Growth,44523901,18810556.7213657,29092935.4638449,47903492.1852106,-3379591.18521055,32783440.1217038,25448027.2110054,0.101215362823896,86414,488.42940020567,1399.93131557868,-0.0759051006157468,3379591.18521055,9.70041591573786,0.571558795151516,High,100,Stabilize finances
E-commerce,Mature,Profit Maximization,438514936,130503349.592792,138536703.318579,269040052.911372,169474883.088628,522328606.898688,198827781.155834,0.0148978418026297,94788,180.633867369815,794.46250362259,0.386474596816534,0,28.1277089136558,0.453411651081901,Low,100,Improve margins
Fintech,Growth,Cost Optimization,14670026,5731043.6473335,9685222.13792414,15416265.7852576,-746239.785257639,13586362.3180844,5202413.55297447,0.123360777994937,20339,388.941154313223,881.625810639935,-0.0508683341977471,746239.785257639,18.2064298721272,0.354628788863392,Medium,100,Cut operational inefficiencies
Fintech,Startup,Survival,3836739,1860163.33347892,2323129.32071579,4183292.65419471,-346553.654194714,2988129.3152042,2733300.49824379,0.0484459146997144,33844,253.403729594187,840.494826034834,-0.0903250531752913,346553.654194714,8.62241467961926,0.71240198987833,High,100,Reduce costs and extend runway
Fintech,Startup,Survival,4431997,3494991.80460249,2539049.91039554,6034041.71499802,-1602044.71499802,5016909.59247581,2001145.65812336,0.343334878326104,41332,341.294213039195,806.23920547592,-0.361472427665909,1602044.71499802,3.1315665196536,0.45152234040848,High,100,Reduce costs and extend runway
Healthcare,Growth,Growth,28034165,14651657.6748233,22472703.0149225,37124360.6897459,-9090195.68974587,11260759.7729482,13315016.8239682,-0.0664014509486434,13532,378.443305689188,1560.11878222061,-0.324254198038211,9090195.68974587,1.2387807872663,0.474956783052685,High,100,Stabilize finances
SaaS,Growth,Profit Maximization,15536117,6494767.95508046,11403389.8248448,17898157.7799253,-2362040.77992529,10630999.286211,10718895.8467867,0.00646977381617139,44811,308.963875048864,596.708524563639,-0.152035465485056,2362040.77992529,4.50076873209074,0.689934032215815,High,100,Improve margins
Healthcare,Growth,Cost Optimization,12381455,6164135.169401,8359976.11449557,14524111.2838966,-2142656.28389657,3389245.34206965,4159253.12479114,-0.00288353515220916,7288,162.650553680603,309.056749492394,-0.17305367453959,2142656.28389657,1.58179609466156,0.335926038158774,High,100,Cut operational inefficiencies
SaaS,Mature,Growth,147439251,33555204.6387864,76719566.1005744,110274770.739361,37164480.2606392,165949653.459076,70341468.8627238,0.0720859415839097,91480,310.649535306998,973.333428602045,0.252066393504937,0,22.0761307765218,0.477087806575494,Low,100,Invest in expansion
E-commerce,Mature,Survival,173837515,106967408.46964,78688143.395446,185655551.865086,-11818036.8650861,183955860.618284,65069819.5020311,-0.0535702635282394,30788,453.084550305941,978.028575553934,-0.0679832363289716,11818036.8650861,15.5656868156963,0.37431402250562,Medium,100,Reduce costs and extend runway
Fintech,Growth,Cost Optimization,21656913,13845606.1332256,10201244.6306149,24046850.7638406,-2389937.76384055,14127993.1311931,1198109.64340895,0.0739754307154962,94308,142.292189175625,569.76561967562,-0.110354498069072,2389937.76384055,5.91144813264505,0.0553222725422109,High,100,Cut operational inefficiencies
E-commerce,Growth,Survival,33148419,13791043.6796401,15848082.945974,29639126.6256141,3509292.37438593,8638386.86845324,25002009.0811036,0.0454534036649434,97152,196.625947776865,832.994161763318,0.105866055765312,0,17.9084965790701,0.754244390391698,Low,100,Reduce costs and extend runway
SaaS,Startup,Growth,1735543,1173611.76438119,1308204.75437353,2481816.51875472,-746273.518754716,333142.980383619,345826.842030065,0.185919644928271,28704,471.109924188181,1461.72081078532,-0.429994254682665,746273.518754716,0.446408685302843,0.199261465737274,High,100,Stabilize finances
Fintech,Mature,Cost Optimization,402017052,150924277.528882,171300032.216093,322224309.744975,79792742.2550255,230298710.944333,23043814.9658646,0.37175176781662,30873,425.062445756022,1660.52283132224,0.198480989445755,0,20.546541588455,0.0573204913851877,Low,100,Cut operational inefficiencies
Fintech,Mature,Profit Maximization,376776078,237168701.084981,166473132.345612,403641833.430592,-26865755.4305923,420016378.778979,266394547.705989,0.35949808153953,88360,248.514619716084,766.003403849457,-0.0713043024737688,26865755.4305923,15.6338942288108,0.707036787261182,High,100,Improve margins
Healthcare,Growth,Growth,16434838,8213002.30324463,11039471.4595642,19252473.7628088,-2817635.76280879,21716560.1927472,4372494.59808884,-0.0336589767195753,20425,323.739062646602,925.691748515245,-0.171442868059228,2817635.76280879,7.70736958956639,0.266050361925615,Medium,100,Stabilize finances
Fintech,Mature,Profit Maximization,495739995,148916945.355659,279600336.774141,428517282.129799,67222712.8702006,398083099.459324,342083135.874072,0.235748335016231,61661,321.280136053858,1606.18156865208,0.135600745447623,0,23.8318182985088,0.690045466019081,Low,100,Improve margins
Healthcare,Growth,Cost Optimization,39744043,17053627.8840915,16476980.4236194,33530608.3077108,6213434.69228918,45210830.482186,8238088.17274357,0.0720498820148683,25857,218.41901053283,909.235935047664,0.156336251253784,0,22.8654102391186,0.207278564305689,Low,100,Cut operational inefficiencies
Manufacturing,Startup,Survival,729275,340793.970740925,471415.652842456,812209.623583381,-82934.6235833811,847146.25891137,379738.442890968,-0.0111008307173756,2351,408.396039957797,1179.3105425459,-0.113722016500471,82934.6235833811,10.2146271642466,0.520706788099096,High,100,Reduce costs and extend runway
Fintech,Growth,Growth,49982287,17768533.1689898,36905428.4923019,54673961.6612916,-4691674.66129162,17984243.2190211,8770019.39313777,0.0289321268224224,18230,351.990578523163,1708.10254315322,-0.0938667464594332,4691674.66129162,3.833224704901,0.175462547224735,High,100,Stabilize finances
SaaS,Startup,Profit Maximization,1791043,1409232.79375366,1789468.23961307,3198701.03336673,-1407658.03336673,2353938.63268946,1216121.73132797,0.155759778731437,97454,335.795241868037,1567.35555095111,-0.785943181356743,1407658.03336673,1.67223755833617,0.679001973335075,High,0,Improve margins
Healthcare,Mature,Growth,263234273,83725138.5951521,170001955.795932,253727094.391085,9507178.60891548,351066318.709018,64061644.1396664,0.227196682415287,62339,154.056621825966,725.187327202685,0.0361167962688334,0,21.745053818379,0.243363614508003,Low,100,Invest in expansion
Manufacturing,Mature,Profit Maximization,238346563,123819629.807734,93019735.0782717,216839364.886006,21507198.1139942,100959602.021196,16408643.9651697,-0.0722671513674753,25932,236.68158641442,797.926640196001,0.0902349832248017,0,12.484678154024,0.068843635748881,Low,100,Improve margins
SaaS,Growth,Growth,9859778,5626292.44529266,6224015.3076398,11850307.7529325,-1990529.75293245,2964184.99998926,3513278.91661785,0.0775473831815949,83945,441.648065549342,1861.77406063675,-0.201883830744714,1990529.75293245,1.4891437797513,0.356324342862268,High,100,Stabilize finances
Healthcare,Mature,Cost Optimization,465611747,86968240.5619802,193989872.601014,280958113.162994,184653633.837006,340657889.07073,322440823.426407,-0.0245852811694857,41501,57.588291536947,116.94092896577,0.396582850468775,0,14.2099318349669,0.692510069825208,Low,100,Cut operational inefficiencies
Healthcare,Growth,Survival,23940921,14948808.9219021,14434074.574913,29382883.4968151,-5441962.49681513,18732758.7390746,6994904.21657863,0.0877933104824054,80767,151.476396134433,552.960728072375,-0.227307984384357,5441962.49681513,3.44228001388062,0.292173564107188,High,100,Reduce costs and extend runway
E-commerce,Growth,Profit Maximization,41160545,12495962.0833675,26184659.8789303,38680621.9622978,2479923.03770222,26759384.6910577,22059626.6825732,0.13494495402072,17975,103.620670493209,244.263624246416,0.060250004894304,0,14.4034389057204,0.535941073729059,Low,100,Improve margins
Fintech,Growth,Profit Maximization,11972305,6337643.1888401,6819112.92497834,13156756.1138184,-1184451.11381843,7323941.6399998,731130.872310107,0.227663035691326,75424,111.595489986766,532.931615784644,-0.0989325876527896,1184451.11381843,6.18340559146328,0.0610685137331623,Medium,100,Improve margins
Fintech,Startup,Survival,608102,247102.325760568,314798.421050117,561900.746810685,46201.2531893151,109918.449010551,90682.8040845172,0.180254367038987,36592,151.578845808376,506.517936012385,0.0759761572718312,0,15.0723855648825,0.149124331254489,Low,100,Reduce costs and extend runway
Fintech,Startup,Cost Optimization,2726186,2266602.46194758,2065004.47196713,4331606.93391471,-1605420.93391471,3720364.47471058,18507.5578701706,0.00834212199450132,33439,238.006549714215,1076.83809179321,-0.588888995070295,1605420.93391471,2.3173763317255,0.00678880966675441,High,100,Cut operational inefficiencies
E-commerce,Startup,Growth,2460532,1079572.62909423,2395047.74722043,3474620.37631465,-1014088.37631465,2015005.70412948,1199795.38450242,-0.00435341289894639,60884,338.980735377642,1636.66346742636,-0.412141917404307,1014088.37631465,1.98701193228573,0.487616249047939,High,100,Stabilize finances
SaaS,Mature,Growth,147359789,47613169.3267005,106625590.075332,154238759.402033,-6878970.40203294,173740147.478973,13007127.1921957,-0.0862574025853145,59715,192.555983522576,918.127088852761,-0.04668146207805,6878970.40203294,25.256708100914,0.0882678190601624,Medium,100,Stabilize finances
E-commerce,Growth,Growth,41025744,17911916.5494875,37299706.6753176,55211623.2248051,-14185879.2248051,43642771.4811505,7442340.63122417,-0.0824073286291907,26722,472.264256835617,896.253384869699,-0.345779938196979,14185879.2248051,3.07649394087875,0.181406597555529,High,100,Stabilize finances
SaaS,Mature,Cost Optimization,390928496,148003786.941289,135060165.347872,283063952.289161,107864543.710839,307293069.14032,134550865.417046,0.103494044395063,65306,165.9104521241,442.499695827412,0.275918856810171,0,22.5964487162608,0.344182802721666,Low,100,Cut operational inefficiencies
Healthcare,Growth,Growth,12360529,6705737.15320805,6059626.98543859,12765364.1386466,-404835.138646642,7771359.69292421,8594761.75106104,0.0934763520438799,68950,126.161418849303,237.176371134972,-0.0327522502189544,404835.138646642,19.1963566179155,0.695339313637874,High,100,Stabilize finances
E-commerce,Mature,Cost Optimization,379664719,133438122.554417,118177898.967603,251616021.52202,128048697.47798,337006384.428675,169972839.869788,-0.0168923490648796,18806,284.600338572531,703.001193672172,0.337267834143895,0,17.0467870247692,0.447691953883627,Low,100,Cut operational inefficiencies
Healthcare,Growth,Profit Maximization,5125312,3305596.18109481,2261761.47250772,5567357.65360253,-442045.653602528,1039528.93860737,1164132.20440712,0.0214987964304149,60896,403.245188447966,1863.20727805821,-0.0862475598758724,442045.653602528,2.35163252966192,0.227133919731545,High,100,Improve margins
Healthcare,Mature,Cost Optimization,432839111,174321270.764326,207503155.681026,381824426.445352,51014684.5546478,306323247.898392,66475605.8319103,0.144109679599619,1072,326.896707028177,1628.87158467836,0.117860616700712,0,16.2660768867729,0.15358040468739,Low,100,Cut operational inefficiencies
SaaS,Startup,Survival,2860330,2203085.11608655,1749769.52309959,3952854.63918614,-1092524.63918614,518896.952565572,1204806.73072425,0.169713257288118,63579,181.75524356905,395.074789573503,-0.381957550068048,1092524.63918614,0.474952174032539,0.421212493217304,High,100,Reduce costs and extend runway
E-commerce,Growth,Survival,32773308,15858981.3774,21742580.427475,37601561.804875,-4828253.80487501,47853271.7886558,12188040.0047743,0.384879985629426,99767,116.423068620915,316.789188341699,-0.147322748282688,4828253.80487501,9.91109285521385,0.371889221703659,Medium,100,Reduce costs and extend runway
Healthcare,Mature,Profit Maximization,315576738,119869244.016321,137342430.646177,257211674.662497,58365063.3375028,203434617.774976,252006416.31915,0.388253595150313,62022,219.107706029626,771.654173401365,0.184947292716812,0,22.5278084257705,0.798558277508876,Low,100,Improve margins
Healthcare,Startup,Growth,2554497,2353728.9350926,1749558.05703809,4103286.99213068,-1548789.99213068,2803939.80802401,863996.976502251,-0.0671048789917874,19676,167.373986011254,719.255371795767,-0.606299397545067,1548789.99213068,1.81040671896815,0.338225872452483,High,0,Stabilize finances
Fintech,Mature,Cost Optimization,404860340,131948421.013731,118260070.942662,250208491.956393,154651848.043607,403920856.12554,299144072.145958,0.291494178632868,87454,471.088837162191,1639.25886920949,0.381988139523883,0,15.0809375647816,0.738882134382334,Low,100,Cut operational inefficiencies
Healthcare,Growth,Survival,48505284,24439751.9580929,25336489.8079908,49776241.7660837,-1270957.76608367,25084041.996149,7085540.56077198,0.208293919035623,97535,407.821213721944,1196.06047979439,-0.0262024600471089,1270957.76608367,19.7363300854937,0.146077704869679,Medium,100,Reduce costs and extend runway
Fintech,Mature,Cost Optimization,229019914,89889700.6711111,127996772.611824,217886473.282935,11133440.7170651,178728246.486911,74584452.3718974,0.225287395554673,56876,483.695442474039,2310.37827187336,0.0486134175959263,0,32.3526696637748,0.325667978252308,Low,100,Cut operational inefficiencies
Manufacturing,Mature,Profit Maximization,220283808,94617610.7122425,86424451.6068017,181042062.319044,39241745.6809558,236717926.176802,156961658.195252,0.258165513628348,90028,204.965099743214,772.465555650497,0.178141761926305,0,21.4201036150995,0.712542876484377,Low,100,Improve margins
SaaS,Mature,Cost Optimization,375711422,122985333.873043,119338976.367093,242324310.240136,133387111.759864,71851350.7543649,289503801.879919,0.0744950540070788,67324,193.29411473479,718.029182976225,0.355025436942569,0,35.606179007624,0.770548311623912,Low,100,Cut operational inefficiencies
Healthcare,Startup,Survival,2734659,2286632.28941021,1660141.69178505,3946773.98119526,-1212114.98119526,3529099.05074708,148051.236866867,0.396694939369534,36358,123.026370941311,189.885828783259,-0.443241728199114,1212114.98119526,2.91152168358406,0.0541388293263867,High,100,Reduce costs and extend runway
SaaS,Startup,Survival,765522,293875.849788889,415483.04933708,709358.899125968,56163.1008740317,513319.34726957,297089.987501868,0.234505512364769,14036,145.911696937905,670.764087491173,0.0733657567960577,0,35.5449270403491,0.388088111774538,Low,100,Reduce costs and extend runway
Fintech,Mature,Cost Optimization,237381752,64114794.4173243,103244427.231982,167359221.649306,70022530.3506942,135304974.911223,121326336.907425,-0.00464199488510256,81338,364.636939091619,1217.20013248066,0.294978572534481,0,32.0337109146472,0.511102205140961,Low,100,Cut operational inefficiencies
Manufacturing,Startup,Survival,3958414,1938410.76067642,2889956.71293189,4828367.47360832,-869953.473608315,2263816.59817781,99028.0475792574,-0.0239417984955801,38477,373.923640287479,1652.11900270887,-0.219773240901107,869953.473608315,2.60222720737944,0.0250171021978139,High,100,Reduce costs and extend runway
E-commerce,Mature,Profit Maximization,374987822,84953074.1436322,105271676.291308,190224750.43494,184763071.56506,375695676.978262,275448586.577389,0.0906679085611421,98729,289.387696377629,650.918672053583,0.49271752501088,0,27.0068100211104,0.734553418583787,Low,100,Improve margins
SaaS,Growth,Profit Maximization,45187798,11314693.0487318,21874437.7956963,33189130.8444281,11998667.1555719,9731924.72200322,30478625.9276506,-0.0946962883148403,77394,253.07050791707,383.171139649893,0.265528919014198,0,21.639484253089,0.674487965261122,Low,100,Improve margins
Healthcare,Mature,Cost Optimization,224402279,90889839.7459355,112781096.184324,203670935.93026,20731343.0697402,35169971.2937246,117789439.214036,0.321019391802761,76872,466.696190263935,1055.79209032433,0.0923847260470121,0,28.640702764193,0.524903043493762,Low,100,Cut operational inefficiencies
SaaS,Startup,Profit Maximization,2174632,1887570.77348431,1912901.22930987,3800472.00279417,-1625840.00279417,922068.503609113,437961.254281318,0.13329643671781,16968,334.350352490834,1112.67679291148,-0.747639142068254,1625840.00279417,0.567133606027927,0.201395571426024,High,0,Improve margins
Healthcare,Startup,Survival,1226161,907503.028925015,1211602.45780506,2119105.48673007,-892944.48673007,749271.325124168,786921.995752936,0.164741441189697,3577,147.421494724402,281.451367991767,-0.728244077841385,892944.48673007,0.839101798890066,0.641777055177041,High,0,Reduce costs and extend runway
E-commerce,Mature,Cost Optimization,353976777,116673843.506555,198963996.981764,315637840.488319,38338936.511681,251815263.275857,242185350.087258,-0.0111720460735806,28425,189.500833752037,780.292970559273,0.108309185807636,0,25.3635628312654,0.684184290675255,Low,100,Cut operational inefficiencies
Healthcare,Mature,Cost Optimization,139115741,66954626.5750855,60363475.4083443,127318101.98343,11797639.0165703,43414539.0633717,44582628.2242075,0.141408747175206,21653,207.442890815069,885.585920274687,0.0848044867659533,0,27.0327442674398,0.320471485855849,Low,100,Cut operational inefficiencies
Healthcare,Mature,Survival,330021217,63764229.4403118,133662974.313099,197427203.75341,132594013.24659,339788004.971242,240799293.964628,0.130296718385261,46484,490.600476385161,1758.43922293142,0.40177420849457,0,29.3930276991451,0.729647918256806,Low,100,Reduce costs and extend runway
SaaS,Startup,Survival,3211055,2617761.33545155,1840845.17990993,4458606.51536148,-1247551.51536148,4361372.94940148,1208204.62536117,0.247911615511909,66385,281.422172949148,1010.31333034189,-0.388517641510807,1247551.51536148,3.49594617592826,0.376264070643814,High,100,Reduce costs and extend runway
SaaS,Growth,Cost Optimization,31646458,12533738.6641533,16517425.8388636,29051164.5030169,2595293.4969831,19066300.653383,14334701.733213,0.0189620811224917,39156,307.789701785084,640.963020133034,0.082008972283189,0,33.4640546102047,0.452963858805716,Low,100,Cut operational inefficiencies
E-commerce,Startup,Survival,1484792,945119.422554976,696036.264968741,1641155.68752372,-156363.687523717,1609492.83525954,912964.622214404,0.0885181790921264,40058,405.233578552725,1672.43576124287,-0.105310162988295,156363.687523717,10.2932647646559,0.61487711559222,High,100,Reduce costs and extend runway
E-commerce,Mature,Profit Maximization,70975345,35241704.8329907,26264406.8873568,61506111.7203475,9469233.27965251,85684596.3390317,31988812.7406429,-0.0618931576099006,57999,81.278508431837,266.595354835739,0.133415811922471,0,13.9789938716149,0.450703166580492,Low,100,Improve margins
Fintech,Growth,Survival,6926458,3621654.80975976,4487018.55105155,8108673.3608113,-1182215.3608113,1558408.07505925,2146878.47205048,-0.0527669410308835,66841,375.036948198292,1632.44543937237,-0.170681084157487,1182215.3608113,1.31820996978908,0.309953293884188,High,100,Reduce costs and extend runway
SaaS,Growth,Profit Maximization,43984834,16481532.3306646,29659016.0292405,46140548.3599051,-2155714.35990512,38433657.571591,14336791.6420804,0.0950191388271525,1387,137.195957701052,351.549986061054,-0.0490104011738483,2155714.35990512,17.8287338463907,0.325948522212915,Medium,100,Improve margins
Healthcare,Startup,Growth,3429854,2160583.24235166,3671704.79293911,5832288.03529077,-2402434.03529077,693865.340070093,1617103.65801731,0.343025420095038,16064,341.470100690674,788.776870921745,-0.700447901074147,2402434.03529077,0.288817644887434,0.471478861204388,High,0,Stabilize finances
Manufacturing,Startup,Cost Optimization,4388439,1776080.10074645,2588692.99943484,4364773.10018129,23665.8998187101,4368700.76117445,121903.350827231,0.245307600075414,80639,75.6265769143017,212.521229232594,0.00539278313284292,0,23.1317212504239,0.0277782944749218,Low,100,Cut operational inefficiencies
E-commerce,Mature,Growth,335057768,149964053.008711,216533436.562178,366497489.57089,-31439721.5708895,431330763.94828,143395800.283651,-0.0347802727333268,82431,226.5116815971,552.736168101166,-0.0938337342797839,31439721.5708895,13.7192933778286,0.427973364532324,Medium,100,Stabilize finances
Fintech,Growth,Cost Optimization,45177710,32757220.4563548,28284990.8155203,61042211.2718751,-15864501.2718751,33381246.8917144,7424839.16975632,0.0040400784548669,45139,177.954759418907,674.235500125394,-0.351157711886572,15864501.2718751,2.10414726058193,0.164347399851748,High,100,Cut operational inefficiencies
E-commerce,Growth,Survival,18385148,9181086.08996897,11372932.2812832,20554018.3712522,-2168870.37125217,18974871.8703411,5462051.2525403,0.372242387546725,19577,159.672709475387,251.996630624371,-0.117968610927264,2168870.37125217,8.74873488146099,0.297090415184055,Medium,100,Reduce costs and extend runway
E-commerce,Growth,Profit Maximization,47791308,34376080.0273839,24726032.1898941,59102112.2172779,-11310804.2172779,33370842.6629943,29598372.5684193,0.135203809733405,5236,453.538114075879,2140.70122350589,-0.236670739735308,11310804.2172779,2.95035101147081,0.619325433997733,High,100,Improve margins
Fintech,Startup,Growth,2170203,1284744.66540845,1096996.86393035,2381741.5293388,-211538.529338798,866341.054829588,463915.226911149,0.0166271609112742,38182,194.822378676086,397.349236977741,-0.0974740747012135,211538.529338798,4.09542912838383,0.213765821405255,High,100,Stabilize finances
Healthcare,Growth,Survival,47943638,29701338.9526559,23007273.3236557,52708612.2763116,-4764974.27631158,17941518.9899844,6404267.96385173,0.18778856284921,47467,267.02440676896,446.90395066712,-0.0993869984649804,4764974.27631158,3.76529188818044,0.133579098938043,High,100,Reduce costs and extend runway
Fintech,Mature,Cost Optimization,338884521,148809333.692588,205880530.099964,354689863.792552,-15805342.7925523,334621836.45764,233230430.127263,0.391845929208588,20164,143.549624868415,414.567442041881,-0.0466393175643224,15805342.7925523,21.1714380921443,0.688229811851639,High,100,Cut operational inefficiencies
SaaS,Growth,Profit Maximization,7336506,2265926.50506352,3205823.4235586,5471749.92862212,1864756.07137788,770692.69618714,3610896.19002131,0.112707580220248,28494,108.286974455159,481.920720067365,0.254174953496648,0,29.9256877285326,0.492181999172537,Low,100,Improve margins
E-commerce,Growth,Cost Optimization,35426034,23323456.2697304,25445102.4368728,48768558.7066033,-13342524.7066033,43277075.0009935,7498728.79504975,0.0050264600896526,51227,108.734629740138,406.266249268058,-0.37663049458495,13342524.7066033,3.24354467783564,0.211672827814983,High,100,Cut operational inefficiencies
Manufacturing,Mature,Survival,323066900,149475238.985877,151133395.88063,300608634.866507,22458265.1334935,290317488.431442,257772800.35048,0.390229585427289,61958,254.832506300418,794.415423278816,0.0695158344401531,0,22.2802173677608,0.797892945239763,Low,100,Reduce costs and extend runway
SaaS,Growth,Survival,26104521,17133629.4474495,15858626.2709644,32992255.7184139,-6887734.7184139,19539795.0165929,6765020.45196554,0.204365241292424,11216,331.163085979967,1074.39241940933,-0.263852177881904,6887734.7184139,2.83689715347988,0.259151296128573,High,100,Reduce costs and extend runway
Healthcare,Startup,Cost Optimization,4622020,2216269.94224724,3969059.73474727,6185329.6769945,-1563309.6769945,6033941.39379335,937232.304530153,0.216715170055911,24374,425.502480806493,1758.94867045028,-0.338230833487199,1563309.6769945,3.85972240982588,0.202775475772531,High,100,Cut operational inefficiencies
Fintech,Startup,Survival,4279388,2807735.23677375,3125872.43005729,5933607.66683104,-1654219.66683104,4037670.50290449,2191496.55795754,0.0358843488368988,1404,61.7132974177107,143.770092117411,-0.386555195937139,1654219.66683104,2.44083091494093,0.512105132312738,High,100,Reduce costs and extend runway
Manufacturing,Growth,Cost Optimization,13195962,5689761.66580184,3935709.27034321,9625470.93614506,3570491.06385494,16231840.7916995,3807860.60706103,0.140954135734913,22820,99.331243848501,319.313146494574,0.270574518466706,0,21.0885759199921,0.288562562324826,Low,100,Cut operational inefficiencies
Fintech,Mature,Cost Optimization,132692175,33467697.9751113,35441717.4892808,68909415.4643921,63782759.535608,23559100.5178427,65428528.9226868,0.242514974634594,59033,342.848025401725,1146.63868338757,0.480682146747598,0,20.9867970609224,0.49308505887922,Low,100,Cut operational inefficiencies
Manufacturing,Startup,Cost Optimization,3332577,1683262.59493759,3908751.17474199,5592013.76967958,-2259436.76967958,1272226.01729259,1574167.24242243,-0.0187747360776676,15107,258.888030089734,929.608475279797,-0.677984865669893,2259436.76967958,0.563072193196632,0.472357350609581,High,0,Cut operational inefficiencies
Manufacturing,Startup,Survival,3214917,1719025.50881007,1687219.48990027,3406244.99871033,-191327.998710332,2709044.02338311,213968.612801934,0.0426318309707664,73086,322.263935458344,620.821133499973,-0.0595125779951182,191327.998710332,14.1591614486313,0.0665549414812058,Medium,100,Reduce costs and extend runway
SaaS,Startup,Profit Maximization,1200658,511260.970553287,698186.350507998,1209447.32106129,-8789.32106128545,168003.141007563,202724.753516287,0.11624168793633,53609,69.9329439486466,249.080903368999,-0.00732042018733515,8789.32106128545,19.1144617241906,0.168844711413481,Medium,100,Improve margins
Manufacturing,Startup,Survival,709563,355462.919030947,829046.597338029,1184509.51636898,-474946.516368976,947403.928901162,11193.9138736709,0.278906015946058,59437,382.197560061344,1110.70747057121,-0.669350736113603,474946.516368976,1.99475919129628,0.0157757857634501,High,100,Reduce costs and extend runway
Manufacturing,Startup,Profit Maximization,4138072,3190613.58613987,2536309.69904151,5726923.28518138,-1588851.28518138,1983487.4227038,2500923.96963511,0.187283451830024,79249,147.755063566596,614.190961738537,-0.383959313704881,1588851.28518138,1.24837827253126,0.604369370478597,High,0,Improve margins
E-commerce,Growth,Survival,40870006,17790661.6150868,21580051.8091293,39370713.4242162,1499292.57578383,24864486.8930455,8405548.48124508,0.275516480768804,93378,477.132748012746,1297.9845375982,0.0366844226982456,0,16.3139256321182,0.205665457481095,Low,100,Reduce costs and extend runway
Fintech,Mature,Survival,281519758,117649459.604692,102766310.392984,220415769.997676,61103988.0023239,280776504.672525,13650410.4544803,-0.0521682067905792,60731,88.8197634783934,262.774771518501,0.21705044234346,0,26.8313531243354,0.0484882856942508,Low,100,Reduce costs and extend runway
Manufacturing,Mature,Cost Optimization,170895080,85547415.7320995,85713733.0116997,171261148.743799,-366068.743799239,80923143.158941,16001450.8378881,-0.0919705886599432,69017,206.922746685657,950.665162272348,-0.00214206718999306,366068.743799239,221.059963544228,0.0936331861507548,Medium,100,Cut operational inefficiencies
SaaS,Growth,Cost Optimization,44538182,22446184.6120694,22710692.6655236,45156877.2775929,-618695.277592935,50887751.4507476,16174131.9408955,-0.0582739421311033,70685,93.5103723519844,214.383012359625,-0.0138913455783385,618695.277592935,82.2501048476221,0.363152046504625,Medium,100,Cut operational inefficiencies
SaaS,Mature,Cost Optimization,126200879,61588158.9793954,44088537.1034762,105676696.082872,20524182.9171284,103130831.031407,11382035.8931995,0.213891586858169,57404,226.977651496756,913.652964709639,0.162631061524764,0,19.7957475633406,0.090189830557357,Low,100,Cut operational inefficiencies
Manufacturing,Growth,Profit Maximization,31624080,19324561.8809667,22274606.2991326,41599168.1800994,-9975088.18009935,15787335.4027382,23657010.08412,0.245425587733025,55910,326.589059566751,1484.75744203717,-0.315426984124103,9975088.18009935,1.58267627490597,0.748069511717654,High,0,Improve margins
Manufacturing,Startup,Growth,1864499,959974.347051945,1546989.03749622,2506963.38454816,-642464.384548163,1670999.64986507,673660.917564148,0.117479553175608,17185,363.278885286095,1766.09140399608,-0.34457748947474,642464.384548163,2.60092184104535,0.361309347746579,High,100,Stabilize finances
SaaS,Growth,Profit Maximization,25386391,6253098.39571774,13533622.162617,19786720.5583347,5599670.44166528,24158112.5935463,14528189.084509,0.0864049946016028,81209,369.96022292101,1049.53915916135,0.220577648932662,0,33.8743034121168,0.572282570000165,Low,100,Improve margins
E-commerce,Mature,Survival,344316877,122476330.799709,124927176.13391,247403506.933619,96913370.0663811,449798070.160598,36381563.0846328,0.306901088630082,78343,183.973931626333,637.02835385235,0.281465639764098,0,18.1930534568812,0.105663025877854,Low,100,Reduce costs and extend runway
Healthcare,Startup,Survival,1182697,596057.645135518,998612.450909292,1594670.09604481,-411973.09604481,1258652.7588499,843854.467446082,0.216161322972125,80352,267.456994381857,1105.38454303673,-0.34833359351111,411973.09604481,3.05518193040692,0.713500133547377,High,0,Reduce costs and extend runway
Manufacturing,Growth,Growth,45622604,17311123.5957992,24942804.1864736,42253927.7822728,3368676.21772721,7467011.98843325,21504703.7165826,0.260961984964467,88813,175.412684436272,588.820273597242,0.0738378768938136,0,25.3529159146899,0.471360725411082,Low,100,Invest in expansion
SaaS,Growth,Cost Optimization,12285862,4525575.27948181,6244261.87511588,10769837.1545977,1516024.84540231,3615286.30019167,1132847.18563223,0.0499716284068957,77360,60.7981756100329,196.442059557291,0.123395887517076,0,14.029040049123,0.0922073832208294,Low,100,Cut operational inefficiencies
E-commerce,Growth,Survival,33057391,8976234.19596115,16330746.6661505,25306980.8621116,7750410.13788838,48375404.875161,13379445.8566085,-0.0778451588956849,75075,203.790921034353,538.04642956166,0.23445317078678,0,12.8421026691912,0.404733871968556,Low,100,Reduce costs and extend runway
Fintech,Growth,Profit Maximization,14275445,8345679.32146884,6237293.88041429,14582973.2018831,-307528.201883126,4782708.92669606,110392.206792824,-0.0633417739396173,57152,448.377219699163,1923.89986215311,-0.0215424599291389,307528.201883126,15.5520986283843,0.00773301335214587,Medium,100,Improve margins
Fintech,Startup,Profit Maximization,1621267,922712.649079816,1630905.553066,2553618.20214581,-932351.202145814,1722834.74298207,453001.332887107,0.155913880331277,15496,66.8082356671158,217.188615390741,-0.575075667453796,932351.202145814,1.84783881762253,0.279411924678111,High,92.4414083532988,Improve margins
Healthcare,Startup,Growth,4054228,2570738.96299688,2529127.23086222,5099866.1938591,-1045638.1938591,5461599.13452409,133193.953841582,-0.0642305890548118,37887,491.817744484178,1374.2095322094,-0.257913021630531,1045638.1938591,5.22322077234682,0.0328530989972893,High,100,Stabilize finances
E-commerce,Growth,Growth,29154783,10506649.4782236,11035252.2222992,21541901.7005227,7612881.29947729,12998094.9367454,5682943.58865596,0.378488094855155,50906,390.071360120488,1663.24399822415,0.261119463639201,0,14.514198228924,0.194923199690972,Low,100,Invest in expansion
Fintech,Mature,Cost Optimization,105074476,26723795.9869701,53824906.0529184,80548702.0398885,24525773.9601115,101588528.812213,52082231.9138067,-0.0811204302007997,72470,157.154932142487,468.872153300534,0.233413240719959,0,12.3510849409217,0.49566968017815,Low,100,Cut operational inefficiencies
Healthcare,Startup,Survival,2648120,1769335.2191242,2667132.59293065,4436467.81205484,-1788347.81205484,1629618.69122119,82901.5245950382,0.0634393948826598,78781,61.4963305047219,179.701265771787,-0.675327331108425,1788347.81205484,0.911242589521069,0.0313058035870875,High,100,Reduce costs and extend runway
SaaS,Growth,Growth,26976756,8318672.73192583,13825155.5774837,22143828.3094095,4832927.69059051,35842335.6502816,9410554.74296554,0.0368989957009561,57776,100.277522310228,249.290688956689,0.179151551453796,0,17.0470854424682,0.348839376497513,Low,100,Invest in expansion
E-commerce,Growth,Cost Optimization,35564283,15070589.313588,32753558.0894929,47824147.4030809,-12259864.4030809,12174308.5230064,3968987.39658897,0.0406114672107587,95590,414.636411800062,1724.71144506083,-0.344724070581737,12259864.4030809,0.993021466040609,0.111600377170235,High,100,Cut operational inefficiencies
E-commerce,Growth,Survival,42075673,21629116.4313542,28930784.1713535,50559900.6027077,-8484227.6027077,15410189.5588801,7455463.39424595,0.121520004278006,15887,295.192977928581,946.530017216848,-0.201642112835788,8484227.6027077,1.81633382324185,0.177191780016114,High,100,Reduce costs and extend runway
Manufacturing,Mature,Cost Optimization,88122593,31190059.4231052,43760952.9492189,74951012.3723241,13171580.6276759,13052320.8890986,28389665.2377567,0.359762639759573,90539,260.196661541422,1150.69612458328,0.149468827224318,0,16.2628756669249,0.322161028985571,Low,100,Cut operational inefficiencies
SaaS,Growth,Growth,30213846,19736834.4249535,20287396.7411563,40024231.1661098,-9810385.16610979,25249255.546684,8010127.77370163,0.390000207799666,65720,384.883748254217,1293.95464440794,-0.324698324275228,9810385.16610979,2.57372724099643,0.265114470157213,High,100,Stabilize finances
Manufacturing,Startup,Profit Maximization,2143220,1786976.11623085,2002967.28084632,3789943.39707717,-1646723.39707717,3028161.28749264,13016.059977805,0.186335291595561,99676,385.286077022998,1798.29158955809,-0.768340812925023,1646723.39707717,1.83890099142785,0.0060731329391313,High,100,Improve margins
SaaS,Mature,Profit Maximization,482439171,116698012.435967,261224608.575814,377922621.011781,104516549.988219,706457665.321945,85706350.9709756,0.136332364682422,46994,407.99537438841,1075.38063469223,0.216641923522871,0,32.5672520478952,0.177652139633114,Low,100,Improve margins
Manufacturing,Growth,Growth,8483321,3353399.4516174,4316978.68003445,7670378.13165185,812942.868348154,5745283.4163504,1599538.07370681,0.316256084263396,61041,497.01537539694,2429.93008934508,0.0958283752728624,0,23.7489490102597,0.188550931139681,Low,100,Invest in expansion
E-commerce,Growth,Growth,27915025,16078149.5375801,16353304.7976986,32431454.3352786,-4516429.33527864,9179998.71050925,5711019.43615344,0.0236879097663701,62341,144.583296629695,654.811328950878,-0.16179205769218,4516429.33527864,2.03257884249459,0.20458586141884,High,100,Stabilize finances
Fintech,Startup,Cost Optimization,4448111,3286013.7308267,4609668.97726088,7895682.70808758,-3447571.70808758,2373144.54505165,109101.452313188,-0.024990319105069,12736,65.96131340375,298.221369347125,-0.7750642257101,3447571.70808758,0.688352482845982,0.0245275921201579,High,0,Cut operational inefficiencies
SaaS,Mature,Survival,90750734,33027334.4758052,62562213.6238063,95589548.0996115,-4838814.09961145,81106713.9282196,55498274.6830527,0.278791916359529,34748,331.132756957906,1374.64614256721,-0.0533198343014112,4838814.09961145,16.7616924846798,0.611546289896154,High,100,Reduce costs and extend runway
SaaS,Startup,Profit Maximization,2201628,1387736.84049827,939603.999020319,2327340.83951859,-125712.839518588,1332510.85937502,1445147.52395918,0.088043356417801,6955,104.649177077769,260.092201546754,-0.0570999458212684,125712.839518588,10.5996401360261,0.656399502531391,High,100,Improve margins
Healthcare,Startup,Growth,806757,441078.733119105,471419.647652693,912498.380771798,-105741.380771798,447434.144024865,140009.889315543,-0.0575398304883929,59539,444.000494457323,2027.20357771982,-0.131069678691102,105741.380771798,4.23140061874623,0.173546544145936,High,100,Stabilize finances
Manufacturing,Mature,Survival,378106789,161664250.689258,121458372.181396,283122622.870654,94984166.1293458,229834943.772936,37813951.819542,-0.0279898209741502,81640,495.826274861422,2057.04900633793,0.251209893322878,0,32.0865445989852,0.100008656071875,Low,100,Reduce costs and extend runway
Healthcare,Growth,Growth,32500933,21857078.5566975,15578905.8792082,37435984.4359057,-4935051.43590566,16051366.4495376,15478752.5368642,0.245065673968446,20221,445.868592081824,2197.82498709972,-0.151843377416447,4935051.43590566,3.25252262473976,0.476255636626316,High,100,Stabilize finances
Healthcare,Mature,Profit Maximization,167126717,72749980.0412371,58137440.4352158,130887420.476453,36239296.5235471,167737698.137615,5986127.7050002,0.171084955222857,77860,400.340916951532,1060.54030365481,0.216837242866125,0,23.3281795708159,0.0358178980144761,Low,100,Improve margins
E-commerce,Mature,Profit Maximization,194059783,83620698.3801585,95000126.78196,178620825.162119,15438957.8378815,36009540.5505487,101763339.281253,0.133461088781858,48439,447.755816732049,2140.13454480985,0.0795577403994186,0,20.1824611275407,0.524391698826401,Low,100,Improve margins
SaaS,Startup,Growth,1880446,864242.303985481,1227856.88980932,2092099.1937948,-211653.193794797,1522026.35349653,794511.086512161,0.344363864275857,51353,373.064595526724,830.119145335342,-0.11255478423459,211653.193794797,7.19113341125467,0.422512045819003,Medium,100,Stabilize finances
E-commerce,Mature,Profit Maximization,224286448,74286045.3717363,159991337.188076,234277382.559812,-9990934.55981237,87020004.7220947,85570739.13965,0.115777144976554,96842,116.864342429631,348.241923582502,-0.04454542237796,9990934.55981237,8.70989637667379,0.38152434042582,Medium,100,Improve margins
Manufacturing,Startup,Cost Optimization,4415536,2320291.92481596,3033988.74712501,5354280.67194097,-938744.671940969,516449.867936909,470171.708270056,0.324837309067304,30465,363.71360772158,997.065532232477,-0.212600389157957,938744.671940969,0.550149453172486,0.106481230878891,High,100,Cut operational inefficiencies
E-commerce,Startup,Cost Optimization,3375957,1851777.7047716,2905469.38738672,4757247.09215833,-1381290.09215833,3100169.84120817,1187370.85557768,0.0510955134640259,68841,244.702190262962,1033.29298367878,-0.409155120209863,1381290.09215833,2.2444017073662,0.351713856419877,High,100,Cut operational inefficiencies
SaaS,Growth,Survival,39016243,12625747.2158007,23611528.4708502,36237275.6866508,2778967.31334916,4618093.07306267,25635617.6042027,0.218327279672894,52304,494.497999461705,1502.61144188154,0.0712259074598535,0,27.5899426708281,0.657049875463476,Low,100,Reduce costs and extend runway
Healthcare,Startup,Growth,3609605,3781140.61668027,2529214.35695281,6310354.97363308,-2700749.97363308,1786935.33032018,1661486.93027619,0.125358992766074,22557,162.267613938852,346.142573392173,-0.748212054679967,2700749.97363308,0.661644116547514,0.460296051860574,High,0,Stabilize finances
Manufacturing,Growth,Survival,49959221,15325441.1467604,29453053.7537872,44778494.9005476,5180726.09945239,52820423.2903409,12479087.5830791,0.354769284956694,96658,425.001029227364,1154.89665495152,0.103699096898496,0,12.8221097670394,0.249785471696588,Low,100,Reduce costs and extend runway
Healthcare,Mature,Growth,271915615,137503490.320463,160634902.51538,298138392.835843,-26222777.835843,297517897.347227,12227405.1968575,0.215868088411705,5150,312.6831013734,1421.83673241144,-0.0964371900298663,26222777.835843,11.3457811071625,0.0449676462929777,Medium,100,Stabilize finances
E-commerce,Mature,Survival,481208181,141869423.582374,260083476.726367,401952900.308741,79255280.6912592,459316325.574271,101446939.193674,0.0154815021503123,46673,202.14991433126,987.934958969428,0.16470060946711,0,14.4360925992849,0.210817153986986,Low,100,Reduce costs and extend runway
Manufacturing,Growth,Profit Maximization,43466902,17723393.9774148,16691048.4316779,34414442.4090927,9052459.59090727,64019312.6463524,27977339.8360432,0.330008376454773,75689,308.662351192526,656.953053792249,0.208260979604833,0,22.3835477910745,0.643646971574904,Low,100,Improve margins
Healthcare,Startup,Cost Optimization,670073,373069.304954995,774572.585620038,1147641.89057503,-477568.890575033,838713.554430098,81460.7884822346,-0.0809341929542637,30292,200.20408463567,879.551442592231,-0.712711735251283,477568.890575033,1.75621480163881,0.121570020702572,High,3.96984709200292,Cut operational inefficiencies
SaaS,Mature,Cost Optimization,295371801,147078628.805958,113844962.752418,260923591.558376,34448209.4416237,427312807.499662,202553596.121097,-0.0699891012058646,53352,403.129585788821,1990.15019840824,0.116626601879384,0,20.9918711883032,0.685758069779643,Low,100,Cut operational inefficiencies
SaaS,Mature,Growth,339767468,71988984.5768412,107256034.136287,179245018.713128,160522449.286872,229842624.899605,26336643.4142379,0.0179504333491442,26100,361.883800836719,560.974026972274,0.472447966345242,0,19.791537360093,0.0775137289313345,Low,100,Invest in expansion
Manufacturing,Startup,Profit Maximization,546642,379542.742140272,328507.853309522,708050.595449794,-161408.595449794,761399.303571164,262082.21060215,-0.00644578854137348,60038,480.115284428469,1695.19560961651,-0.2952729491144,161408.595449794,4.71721658595311,0.479440311213098,High,100,Improve margins
Healthcare,Growth,Cost Optimization,33036229,14635170.9423072,16500460.7415914,31135631.6838986,1900597.31610144,46419825.7043107,7179084.35530611,0.271227633847427,62427,285.517466361937,1311.63639117976,0.0575306980739673,0,25.2410228195778,0.217309437929677,Low,100,Cut operational inefficiencies
Fintech,Mature,Growth,354382966,97702577.1800468,178103930.318459,275806507.498506,78576458.5014945,356326737.25985,281461446.510837,0.211295448971262,34823,368.391574232148,727.35493703288,0.221727526546788,0,31.6099292986006,0.794229614610869,Low,100,Invest in expansion
Healthcare,Startup,Survival,870602,654279.275353137,648769.102953753,1303048.37830689,-432446.378306891,468953.591698883,488595.61679448,0.093965268827436,98570,202.855296978151,754.759698313367,-0.496721094491961,432446.378306891,1.08442020843122,0.561215821689452,High,0,Reduce costs and extend runway
Manufacturing,Mature,Cost Optimization,154575791,60751240.0843769,79807674.3853049,140558914.469682,14016876.5303183,187844722.835935,106526825.73076,0.322994438693616,90038,159.64745564383,347.713084024771,0.0906796364400832,0,24.0550658086508,0.689155947652631,Low,100,Cut operational inefficiencies
Healthcare,Growth,Profit Maximization,39535473,16402731.1197394,11626845.1939044,28029576.3136438,11505896.6863562,48049717.9904064,6072957.86838768,0.0437858744459642,85739,457.694557816512,1062.24409984144,0.291027166574084,0,16.7419426644115,0.153607821218876,Low,100,Improve margins
Fintech,Growth,Cost Optimization,7699412,3718247.31639544,6723903.36442614,10442150.6808216,-2742738.68082158,7635668.61115046,4597840.98213541,0.363807117574028,41484,320.52314196998,819.775936794084,-0.356227031469621,2742738.68082158,2.78395775162336,0.597167807377422,High,100,Cut operational inefficiencies
E-commerce,Startup,Survival,3060887,975630.399504737,2239503.41235533,3215133.81186007,-154246.811860071,2967800.01143947,994479.26653518,0.0573782464303846,50100,259.763961002142,1071.38022002482,-0.0503928475177524,154246.811860071,19.2405922407771,0.324899046104995,Medium,100,Reduce costs and extend runway
Fintech,Startup,Cost Optimization,3165726,2018212.80303014,2020640.55388308,4038853.35691322,-873127.356913221,2561826.32970371,2255177.74710739,0.116989675593582,63311,462.22190429344,1351.44809009469,-0.275806357503214,873127.356913221,2.93408093266092,0.712373006099513,High,100,Cut operational inefficiencies
E-commerce,Growth,Profit Maximization,12935942,5123036.91619193,11403457.1809114,16526494.0971033,-3590552.09710332,7788780.32326838,7760286.65907587,0.373190923744027,45912,344.535021054924,823.527723286007,-0.27756402255849,3590552.09710332,2.16924308925972,0.599901163678368,High,100,Improve margins
Manufacturing,Startup,Growth,541939,363203.341023322,493420.902244458,856624.24326778,-314685.24326778,373030.533902907,38274.9832004888,0.000970432255991277,52548,393.592880791124,1851.06508546591,-0.580665431474355,314685.24326778,1.18540841009655,0.0706259988679332,High,100,Stabilize finances
E-commerce,Startup,Profit Maximization,4248433,1875164.96422513,2415333.29706989,4290498.26129502,-42065.261295015,1217938.43198563,1778728.81135251,0.267311020216117,7791,160.348810274319,439.080894135671,-0.00990135922939469,42065.261295015,28.9535449083246,0.418678795535322,Medium,100,Improve margins
E-commerce,Mature,Cost Optimization,55901326,18009399.4983903,14528798.7132206,32538198.211611,23363127.7883891,42779299.0131481,7261323.96209367,-0.0385867287126354,26395,256.656826113841,1259.87515015528,0.4179351271272,0,13.0921017069671,0.129895379621114,Low,100,Cut operational inefficiencies
E-commerce,Growth,Cost Optimization,47448405,20721068.8395966,26787824.9344494,47508893.7740459,-60488.7740459293,63156536.2935489,34008530.2668233,0.0193444407156488,99445,169.735689634873,605.410598173512,-0.00127483261125278,60488.7740459293,1044.10342728378,0.716747597033522,High,100,Cut operational inefficiencies
SaaS,Mature,Growth,237312825,117119589.736888,102368909.290856,219488499.027744,17824325.972256,211088391.174144,76406220.2346087,0.383507994399487,11390,394.176828696239,1150.36515705182,0.0751089873556392,0,29.9586089855342,0.321964142623176,Low,100,Invest in expansion
SaaS,Startup,Survival,1562573,856227.274823487,929004.004899859,1785231.27972335,-222658.279723346,1127407.52874456,746235.221037662,0.0454398661221097,3285,412.66821477176,994.40975755587,-0.142494641673283,222658.279723346,5.06339818193766,0.477568229476422,High,100,Reduce costs and extend runway
Healthcare,Mature,Cost Optimization,353161001,190789548.256372,139523140.630546,330312688.886918,22848312.1130816,144094621.815296,87650845.7122517,-0.0645432634099662,16685,443.26565572366,1171.97818792215,0.0646965889449431,0,15.078770566784,0.248189481466136,Low,100,Cut operational inefficiencies
Fintech,Growth,Survival,6798795,3497811.77059061,2908507.96815412,6406319.73874473,392475.261255273,4335362.69591692,3317109.87974938,0.151080027911407,28046,494.836100296665,1910.95186845851,0.0577271797804277,0,30.0827930458105,0.487896734605085,Low,100,Reduce costs and extend runway
Fintech,Growth,Profit Maximization,44086642,17750333.5694302,14444111.161285,32194444.7307152,11892197.2692848,14878083.5296807,24595340.35065,0.0122402506163642,9710,443.643135701658,1568.01990041284,0.26974604392153,0,24.5890575759609,0.557886453467017,Low,100,Improve margins
Fintech,Mature,Survival,405359942,112439202.591725,159549603.090623,271988805.682347,133371136.317653,503404545.524016,58115595.3791089,-0.0588992052590332,82393,451.249715991091,1442.22039619121,0.329019033453613,0,34.2355464170737,0.143367879648821,Low,100,Reduce costs and extend runway
Fintech,Mature,Cost Optimization,218875914,44741556.2551553,104223619.13465,148965175.389805,69910738.6101946,138251296.320271,129183280.799571,-0.0249879102767431,46366,494.094581123774,1263.83113029659,0.31940809444293,0,12.7408351810191,0.590212410487391,Low,100,Cut operational inefficiencies
E-commerce,Startup,Survival,2538168,1077098.3333138,1428958.58726303,2506056.92057684,32111.079423164,1455289.28469025,248982.545240013,0.0480585653059545,96650,215.187236189261,677.48451629036,0.0126512821149601,0,31.2198378346051,0.0980953763659508,Low,100,Reduce costs and extend runway
Healthcare,Growth,Growth,24974316,15438605.6022517,17874114.1154709,33312719.7177226,-8338403.71772261,34821491.5502139,11435329.957923,-0.0651818420124697,55695,445.895122059304,1356.00961132413,-0.333879162805604,8338403.71772261,4.1760380918237,0.4578836096221,High,100,Stabilize finances
E-commerce,Mature,Profit Maximization,412673535,196021938.170869,226365895.121185,422387833.292054,-9714298.292054,319035427.730322,305246687.345464,0.259844798022677,35165,105.217564701788,171.562701880778,-0.0235399110147783,9714298.292054,32.8418397437192,0.73968079233737,High,100,Improve margins
Healthcare,Mature,Survival,244093126,106915134.101509,74729584.2081268,181644718.309636,62448407.6903645,202870926.068971,108021305.145043,0.370800519393687,19667,482.575659065324,1990.88609332652,0.255838452781192,0,27.1481808962162,0.442541364909405,Low,100,Reduce costs and extend runway
Manufacturing,Growth,Cost Optimization,18284176,6164653.16359604,14030859.1700172,20195512.3336132,-1911336.33361322,26753370.8939234,6906982.09587934,0.0967979476367991,89167,61.8281475519232,190.255947572908,-0.104534999751327,1911336.33361322,13.9972073064443,0.377757362206497,Medium,100,Cut operational inefficiencies
SaaS,Growth,Survival,42765651,27131217.982384,18271939.3178853,45403157.3002693,-2637506.30026932,7546860.89320356,16799881.1786198,-0.0542917254427412,49930,222.367257688218,454.605469158709,-0.0616734748237393,2637506.30026932,2.86136222401931,0.392835857417902,High,100,Reduce costs and extend runway
Healthcare,Mature,Growth,482409294,166511508.770617,171978588.513306,338490097.283923,143919196.716077,408723516.980926,314757391.572963,0.213722804908471,35782,440.665991927896,821.918171370756,0.298334212267638,0,12.0344015675287,0.652469584412615,Low,100,Invest in expansion
SaaS,Growth,Cost Optimization,40590999,17052080.8484956,37500367.2959671,54552448.1444627,-13961449.1444627,26539002.2528858,32369372.5575048,0.266335985000334,6980,453.140122621041,1860.46164502199,-0.343954312246976,13961449.1444627,1.90087733574645,0.79745198085676,High,0,Cut operational inefficiencies
SaaS,Growth,Profit Maximization,29198116,11893020.5233385,25929210.9284291,37822231.4517675,-8624115.45176753,23561282.081436,16318203.0506059,0.171473292285921,92397,150.4017313424,544.204999376047,-0.295365476723482,8624115.45176753,2.7320230362416,0.558878629381632,High,100,Improve margins
E-commerce,Mature,Cost Optimization,212848419,90105883.3124667,72025946.2350553,162131829.547522,50716589.452478,207645567.237631,108927658.049284,0.375903800894583,57598,246.52515117005,932.456466816203,0.238275622110578,0,13.2668004123766,0.511761649727282,Low,100,Cut operational inefficiencies
Manufacturing,Startup,Profit Maximization,3286104,1211611.31967895,2606533.01225394,3818144.3319329,-532040.331932895,534355.674383597,538692.291968146,0.0164565271265558,27718,146.808601891106,503.682471899129,-0.161906114941248,532040.331932895,1.00435181754415,0.163930384421231,High,100,Improve margins
SaaS,Mature,Growth,320052699,90780777.7675863,107879288.350276,198660066.117862,121392632.882138,187121828.823054,134650771.183065,0.016064301051553,21383,165.746155438233,453.651858500787,0.379289514700009,0,17.1320461360111,0.4207143748632,Low,100,Invest in expansion
Fintech,Startup,Survival,2041657,1157722.53424813,1917684.15739387,3075406.691642,-1033749.691642,2432649.60352389,418055.673866542,-0.0248442243661185,69974,267.493199698514,938.582446953852,-0.506328776891515,1033749.691642,2.35322885529464,0.204762932199944,High,100,Reduce costs and extend runway
SaaS,Startup,Cost Optimization,1172995,593930.358011973,771232.259535176,1365162.61754715,-192167.617547149,492229.282788688,339006.561512742,-0.0890147145987463,15264,228.027859606971,752.8835693076,-0.163826459232264,192167.617547149,2.56145800770995,0.289009383256316,High,100,Cut operational inefficiencies
SaaS,Startup,Cost Optimization,3703894,3191204.12358937,3009605.49418076,6200809.61777013,-2496915.61777013,5053932.45391852,495424.355723403,0.13824091439431,98300,274.258351089707,1348.8178433392,-0.674132579865981,2496915.61777013,2.02407018401044,0.133757703574509,High,100,Cut operational inefficiencies
Fintech,Startup,Growth,4073072,1156788.0441158,2620721.21852293,3777509.26263872,295562.737361277,2662693.39396418,3066273.19301846,0.335678670616104,71466,304.351871526874,462.848355228074,0.0725650657197507,0,17.1720277400104,0.752815858157787,Low,100,Invest in expansion
Manufacturing,Mature,Profit Maximization,112520258,37059273.731729,29033716.7955811,66092990.5273102,46427267.4726899,112593850.653462,20651398.9372533,-0.0211398414583751,926,227.557264308457,972.024491481321,0.412612522384101,0,23.2385023263478,0.183534941212571,Low,100,Improve margins
Fintech,Mature,Growth,382063313,220392925.402229,199681767.297352,420074692.699581,-38011379.6995814,366832089.924573,129369432.274122,0.209076145129779,9925,388.702286876657,815.884457541473,-0.0994897400671952,38011379.6995814,9.65058603038848,0.338607314212663,Medium,100,Stabilize finances
SaaS,Mature,Survival,410586995,124393547.030339,257982601.124073,382376148.154412,28210846.8455876,268090560.663027,169909242.536825,0.319506801579901,25582,295.10964204529,950.237743348051,0.0687085737958835,0,29.2208847243031,0.413820322138613,Low,100,Reduce costs and extend runway
Fintech,Growth,Survival,19803375,6667613.95080673,11923509.7048775,18591123.6556842,1212251.34431582,6142757.08882986,922009.812843099,0.336551282804465,12963,85.9086709517558,384.907692923813,0.06121438109998,0,13.3331336037035,0.0465582161042296,Low,100,Reduce costs and extend runway
SaaS,Mature,Growth,407690688,124215372.930461,260500670.063672,384716042.994132,22974645.005868,566311205.578009,317544617.745295,0.202975086503856,50635,137.996779260246,559.582247354547,0.056353126725985,0,31.2348726677771,0.778886119040559,Low,100,Invest in expansion
E-commerce,Growth,Profit Maximization,26120456,13344762.9045755,21890383.9337662,35235146.8383417,-9114690.83834171,11113121.8708819,6220106.10391071,0.12065555619423,83705,210.458974677293,487.041120387961,-0.348948381235829,9114690.83834171,1.21925384722141,0.238131604743451,High,100,Improve margins
E-commerce,Startup,Survival,1324117,386632.509380456,843427.114508676,1230059.62388913,94057.3761108681,1595741.2568614,564686.98478402,0.18907033688106,21888,455.282282567704,1193.24070964873,0.071034037106138,0,23.0579552398649,0.426463057859706,Low,100,Reduce costs and extend runway
SaaS,Startup,Survival,1901708,1096059.29904371,1946865.8171738,3042925.11621751,-1141217.11621751,2302294.11816093,652996.400976837,0.397524361703858,63472,405.469724475146,1898.30944048346,-0.600101128152958,1141217.11621751,2.01740237282082,0.343373641472212,High,0,Reduce costs and extend runway
SaaS,Mature,Cost Optimization,447164783,126221222.883076,98199428.0961737,224420650.97925,222744132.02075,593695946.768463,288480909.636156,0.0241592415124212,47446,136.95619616819,432.335051698361,0.498125390211577,0,28.3657239950585,0.645133339215033,Low,100,Cut operational inefficiencies
Healthcare,Growth,Survival,49616638,23837813.0794911,28928706.9248101,52766520.0043011,-3149882.00430113,9285794.78097621,36602010.8584066,-0.0114417156608135,39818,389.461664460257,1024.67138885015,-0.0634843901414911,3149882.00430113,2.9479817873484,0.73769631183811,High,100,Reduce costs and extend runway
Healthcare,Growth,Cost Optimization,46639680,21151008.1685624,30356381.503316,51507389.6718784,-4867709.67187836,18054868.4602649,26507001.7564225,-0.0543253864147096,95615,297.149044949089,845.537775510496,-0.104368419163218,4867709.67187836,3.709109556096,0.568335840992531,High,100,Cut operational inefficiencies
Manufacturing,Growth,Survival,49798131,28755984.9584205,39695444.8257555,68451429.784176,-18653298.784176,30343144.1753055,28029776.7501308,-0.0106343817023865,50421,272.441411622527,969.769752154105,-0.374578290582352,18653298.784176,1.62669051337162,0.562868047199017,High,16.4190102449954,Reduce costs and extend runway
Healthcare,Startup,Cost Optimization,635632,531458.965751897,587204.977215483,1118663.94296738,-483031.94296738,101464.242555681,492861.93233191,0.252931030448128,21121,116.220965433676,232.670321663916,-0.759923891445648,483031.94296738,0.210057003543829,0.775388797813687,High,0,Cut operational inefficiencies
Fintech,Growth,Growth,33678261,18524428.6238208,17798847.6561467,36323276.2799675,-2645015.27996746,42412782.4160426,21326179.6827937,0.341302811864421,10783,247.581776633873,1194.8727662766,-0.0785377629791353,2645015.27996746,16.0349857852482,0.63323280506656,High,100,Stabilize finances
Manufacturing,Growth,Cost Optimization,47555066,27768677.758641,22758995.1850465,50527672.9436875,-2972606.94368749,55156499.639614,19719403.8288676,0.223777388826711,12726,199.433858981601,342.598061240741,-0.0625087334267918,2972606.94368749,18.5549252506263,0.414664629607865,Medium,100,Cut operational inefficiencies
Manufacturing,Growth,Growth,19249397,7952011.06529564,6866886.70033524,14818897.7656309,4430499.23436912,20381149.9867898,14631442.8744885,0.114358087923931,84371,314.309584012095,505.938200820683,0.230163014164502,0,14.561159324841,0.760098764365892,Low,100,Invest in expansion
Fintech,Growth,Profit Maximization,6718478,2284192.97412959,2555065.26235612,4839258.23648572,1879219.76351428,8558692.87706382,3882292.27695482,-0.0344074480396007,27546,92.1151094325902,203.388566781878,0.279709148934369,0,19.4376534560944,0.577852941835163,Low,100,Improve margins
Manufacturing,Growth,Growth,33786027,14458783.6851072,30550356.6471921,45009140.3322993,-11223113.3322993,21186753.7672084,2191757.09770361,0.284483921551687,79937,348.124306262587,921.500477428613,-0.332182098010496,11223113.3322993,1.88777865284801,0.0648717026628673,High,100,Stabilize finances
SaaS,Mature,Growth,123538800,48512120.435736,46932682.8984685,95444803.3342045,28093996.6657955,156236881.274658,41643159.1932696,0.346216269163582,26966,65.4633631475875,287.681013452517,0.227410308872965,0,18.8311178865437,0.337085670196485,Low,100,Invest in expansion
SaaS,Growth,Growth,17580415,10184023.7901456,14189001.375022,24373025.1651676,-6792610.16516761,23575036.6446118,7167948.91529197,0.258507518831971,95898,146.174518769908,560.45261166776,-0.386373709902048,6792610.16516761,3.47068889151098,0.407723532993503,High,100,Stabilize finances
Fintech,Mature,Profit Maximization,492556266,239337171.125774,172703969.163339,412041140.289113,80515125.710887,608043722.409958,61565650.371859,0.0944792428139687,58514,472.282714224181,2341.10803114187,0.163463813717654,0,30.3164745111074,0.124992116884082,Low,100,Improve margins
Healthcare,Mature,Growth,219299842,56068682.5408301,89533660.6294236,145602343.170254,73697498.8297463,222828175.716681,152954723.323583,0.384904744588177,61586,285.272387289918,435.594478125101,0.336058148321631,0,31.9215689326987,0.697468461119928,Low,100,Invest in expansion
Fintech,Mature,Survival,345410670,144958877.109081,153446686.688472,298405563.797553,47005106.2024471,444157179.133172,46998375.561826,0.083646973807584,13806,252.08958072586,692.08832947628,0.136084696522105,0,28.3734330409438,0.136065210613864,Low,100,Reduce costs and extend runway
Healthcare,Startup,Profit Maximization,4951732,3824150.0506053,4289853.08718226,8114003.13778756,-3162271.13778756,715638.456468896,3576786.12829152,-0.0804015822721285,86211,68.3149078642134,219.204430691539,-0.638619201884827,3162271.13778756,0.226305217132514,0.722330313573415,High,0,Improve margins
E-commerce,Mature,Growth,405006863,121710569.180762,128650378.38211,250360947.562872,154645915.437128,491091637.040729,288232252.011322,0.134153463419573,36276,241.280678127203,1142.88641715479,0.381835296053065,0,16.0074691734963,0.711672513093492,Low,100,Invest in expansion
Manufacturing,Mature,Survival,236922455,112649358.164753,118887985.641369,231537343.806122,5385111.19387817,128155248.060633,31048908.2730475,-0.0799261149856298,46395,253.978090851946,600.688507699515,0.0227294250934475,0,18.2155722583672,0.131050930875452,Low,100,Reduce costs and extend runway
Healthcare,Growth,Profit Maximization,22449877,6665864.02382032,9610244.36544424,16276108.3892646,6173768.61073544,17305197.7756771,3348028.37615637,-0.0399042292772307,15059,419.028853794517,1509.49811613634,0.2750023356803,0,35.1080791978274,0.149133484168148,Low,100,Improve margins
E-commerce,Mature,Survival,130064084,55236977.7787017,65560050.9960156,120797028.774717,9267055.22528267,62683593.2284882,88911039.2368591,0.140289126344339,48201,450.320627805978,2112.40476175329,0.0712499172737239,0,26.5891114529653,0.683594090716535,Low,100,Reduce costs and extend runway
Manufacturing,Startup,Cost Optimization,4846294,2914364.46043222,2797977.68897595,5712342.14940817,-866048.149408165,2005721.05409766,2410455.97232939,0.194868806278102,83990,182.656257803379,786.666156607292,-0.178703180081144,866048.149408165,2.31594635410089,0.497381292247106,High,100,Cut operational inefficiencies
E-commerce,Startup,Profit Maximization,3815835,2114111.20989503,3549619.56465178,5663730.7745468,-1847895.7745468,5208676.51300589,303738.677919915,0.228080903222439,39021,138.529789892681,285.573893439281,-0.484270356172844,1847895.7745468,2.81870686905127,0.0795995314052926,High,100,Improve margins
E-commerce,Startup,Survival,1749204,617009.941785544,969145.476803332,1586155.41858888,163048.581411124,863817.560265027,1245383.72103922,0.383560589127374,23338,444.776104108115,828.893527696372,0.0932130165556013,0,12.7768448161325,0.711971686000727,Low,100,Reduce costs and extend runway
SaaS,Growth,Profit Maximization,40096495,16305380.1887294,31507267.3621906,47812647.55092,-7716152.55092003,49644544.3527976,21765725.683836,0.34453745837336,30362,452.250393224986,2048.78899531591,-0.192439577347597,7716152.55092003,6.43384692373381,0.542833623832607,High,100,Improve margins
E-commerce,Startup,Cost Optimization,1478611,1033170.30300859,1382769.19513957,2415939.49814816,-937328.498148162,348032.115171477,1156760.63477903,0.15596796457276,98657,485.979083194276,1272.28223018934,-0.633925013508058,937328.498148162,0.371302180461886,0.782329250072555,High,0,Cut operational inefficiencies
Fintech,Mature,Survival,102342682,26745037.4859299,41955008.7291457,68700046.2150757,33642635.7849243,77417140.1911385,1783951.645306,0.294661505180582,47979,320.993808911692,1381.32685925625,0.32872536782771,0,26.6601277580384,0.0174311598098044,Low,100,Reduce costs and extend runway
E-commerce,Growth,Profit Maximization,36478923,18289164.632901,14976233.6355287,33265398.2684296,3213524.73157036,43718989.5937136,634465.004025487,0.019727407042751,18046,113.461154870151,558.29934904181,0.0880926427452466,0,26.1064431025462,0.0173926462693399,Low,100,Improve margins
E-commerce,Startup,Profit Maximization,4538677,2559566.72082868,2404574.46934035,4964141.19016902,-425464.190169024,992576.313755047,2081704.92017223,0.185384398292951,16665,162.995100667941,407.04021917393,-0.0937418966295738,425464.190169024,2.33292562967691,0.458658970482419,High,100,Improve margins
E-commerce,Startup,Survival,2760381,925101.342103525,2065535.32568761,2990636.66779113,-230255.66779113,2259678.29342039,186673.780109349,0.134697189265665,97468,495.538868560587,1710.27079785077,-0.0834144517699296,230255.66779113,9.81377924416692,0.0676260922348579,Medium,100,Reduce costs and extend runway
Healthcare,Startup,Cost Optimization,832792,443116.671322858,324412.690011133,767529.361333991,65262.6386660092,95599.2091393332,384997.527624348,0.380895373813112,91223,50.1904078520686,86.9412851204911,0.078366073000232,0,13.0773218778501,0.462297341502257,Low,100,Cut operational inefficiencies
SaaS,Mature,Growth,486798556,107198801.470827,205322574.729387,312521376.200214,174277179.799786,303547310.684412,287908098.991633,0.358093574036944,49139,79.5954964255591,382.629910633727,0.358006772312172,0,26.8587940164442,0.59143170299715,Low,100,Invest in expansion
Fintech,Startup,Survival,2767821,2076618.05749178,1723141.13739505,3799759.19488684,-1031938.19488684,449290.396566068,2117196.36747625,0.112079841502995,38838,185.25969862431,836.460085986142,-0.372834151806362,1031938.19488684,0.435384986031395,0.764932547110617,High,0,Reduce costs and extend runway
E-commerce,Startup,Growth,170185,85303.2451864992,164553.016910329,249856.262096828,-79671.2620968281,26230.3997274079,18638.8525828886,0.0429190723319644,8714,388.875924461709,1572.16379484253,-0.468145030977044,79671.2620968281,0.329232888209163,0.109521124557914,High,100,Stabilize finances
Manufacturing,Growth,Cost Optimization,45077017,26951197.9285599,28140500.2661811,55091698.194741,-10014681.194741,31452621.6731276,32531805.8061298,0.225484285953735,40375,162.937766965935,333.988656149216,-0.2221682325328,10014681.194741,3.14065131595446,0.721693846913822,High,100,Cut operational inefficiencies
E-commerce,Mature,Profit Maximization,160103074,48102419.9637959,43477782.8959058,91580202.8597017,68522871.1402983,65951191.9271269,127352342.279281,-0.0160842393175954,61897,308.238248283193,621.359433231398,0.427992226684532,0,19.7898320551048,0.795439707043231,Low,100,Improve margins
Fintech,Mature,Survival,136584510,31816469.5580746,68124078.1604981,99940547.7185727,36643962.2814273,85254254.7365249,22652559.91332,0.369603508532509,37559,303.469124234279,1197.53741631372,0.268287833528321,0,31.2343291730075,0.165850138594193,Low,100,Reduce costs and extend runway
Healthcare,Growth,Profit Maximization,5199269,3413926.10532925,3714208.29152117,7128134.39685041,-1928865.39685041,5151559.15868839,3532461.34945758,0.234945433929203,96600,186.923592577695,300.050515829211,-0.37098780556467,1928865.39685041,2.67077172264079,0.679415000350545,High,0,Improve margins
Manufacturing,Mature,Survival,65782546,30556454.380718,26458935.4109439,57015389.7916619,8767156.20833813,37339524.2213063,43760935.2081142,0.207542483243842,5970,131.254257503851,228.877098100391,0.133274808310675,0,22.2469066919155,0.665236265074237,Low,100,Reduce costs and extend runway
E-commerce,Mature,Cost Optimization,222630685,67470159.3186654,127637981.021456,195108140.340122,27522544.6598784,76014068.4558981,101489043.916522,0.0782828786688968,22728,171.874463152982,514.940161557448,0.123624219455096,0,17.7214186125362,0.455862784218276,Low,100,Cut operational inefficiencies
Healthcare,Startup,Cost Optimization,420956,265059.328001577,378476.820170053,643536.14817163,-222580.14817163,324681.498415159,66354.4814873664,0.240123245349262,70522,187.368935723346,426.847745468383,-0.528749199848986,222580.14817163,1.45871723548679,0.157628069174371,High,100,Cut operational inefficiencies
Manufacturing,Mature,Survival,357657272,117598427.046302,274061970.29716,391660397.343462,-34003125.3434623,134510699.716333,53904096.120325,0.258559742766146,28894,181.809844492133,460.920946854642,-0.095071813172758,34003125.3434623,3.95583342288844,0.150714385922859,High,100,Reduce costs and extend runway
Healthcare,Growth,Cost Optimization,12702137,5161124.66337252,3962044.07747708,9123168.7408496,3578968.2591504,17026282.6325132,2125649.30758048,-0.0185638859178261,90448,221.671081959002,408.70187036559,0.281761113043451,0,24.5725345690278,0.167345802330779,Low,100,Cut operational inefficiencies
Healthcare,Startup,Growth,1319715,579862.126867596,1142311.057494,1722173.1843616,-402458.184361597,829343.482746746,144183.537339397,-0.0916802678990249,50326,157.29066522291,237.040911347373,-0.304958407202765,402458.184361597,2.06069478761452,0.10925354136264,High,100,Stabilize finances
Fintech,Growth,Cost Optimization,24262402,7114558.45944743,15893658.7807986,23008217.240246,1254184.75975398,20677252.7037376,17919741.9205089,0.198189916351183,6257,302.834607745729,536.205272499964,0.0516925224367309,0,34.7885130282864,0.738580702788986,Low,100,Cut operational inefficiencies
E-commerce,Startup,Profit Maximization,3771135,3417467.77606845,2727992.11403239,6145459.89010085,-2374324.89010085,4088396.8452647,280413.955123918,-0.091959956797047,47728,147.115033888396,428.814600049887,-0.62960485108617,2374324.89010085,1.72191971802606,0.0743579731629651,High,100,Improve margins
Manufacturing,Growth,Cost Optimization,49349257,17169601.0932499,20102060.6467148,37271661.7399647,12077595.2600353,26526764.3401297,8898416.97349766,0.152905341759858,44069,164.532477441412,649.104563706687,0.244737124614365,0,23.7962836897162,0.180315115453464,Low,100,Cut operational inefficiencies
SaaS,Growth,Profit Maximization,42661438,14254539.4546991,29072403.2339646,43326942.6886638,-665504.688663758,24283504.8202822,17299398.9091938,0.266370107167896,77592,60.3737525503446,295.402757639732,-0.0155996778323262,665504.688663758,36.4888561026371,0.405504355225762,Medium,100,Improve margins
Manufacturing,Growth,Profit Maximization,49613440,28678007.8668903,35089869.1339531,63767877.0008434,-14154437.0008434,50283178.4178464,26067895.2983156,0.301805971478009,72806,181.556340896818,622.680405325434,-0.285294408145119,14154437.0008434,3.55246757005245,0.525420033327978,High,100,Improve margins
Fintech,Mature,Survival,357134351,158207979.643252,125875830.414373,284083810.057625,73050540.942375,297303331.417075,103557490.238815,0.0238680820175579,64913,212.749206141243,454.69532414226,0.204546386360843,0,35.0607075907675,0.289967878891648,Low,100,Reduce costs and extend runway
SaaS,Growth,Growth,24988840,8364110.33623775,16754134.0268629,25118244.3631006,-129404.363100622,11829793.8374764,5191903.3805895,0.143389675400772,50641,330.758164786053,764.919576244036,-0.00517848620026467,129404.363100622,91.4172718293724,0.207768883253064,Medium,100,Stabilize finances
E-commerce,Growth,Cost Optimization,27044977,13299672.5679628,10241537.9110278,23541210.4789906,3503766.5210094,23947467.9014202,13180096.4814405,0.337529482084471,72131,416.871991162769,812.438860626703,0.129553318570373,0,20.8329311788057,0.487339903503727,Low,100,Cut operational inefficiencies
Healthcare,Startup,Survival,4637177,2496330.176425,2052147.48713094,4548477.66355593,88699.3364440668,851108.94099591,628426.98336291,0.297916329475221,72238,450.376133449986,1298.29869783528,0.0191278737999578,0,29.223806547305,0.135519300506086,Low,100,Reduce costs and extend runway
Fintech,Mature,Cost Optimization,90380731,35171816.8450078,40787725.0640356,75959541.9090434,14421189.0909566,83037120.4826488,10615758.1021395,0.249254941200655,38558,331.151045307829,632.232748689911,0.159560438728434,0,30.4898792810706,0.117455988513077,Low,100,Cut operational inefficiencies
SaaS,Startup,Survival,3186282,1893047.17615988,1748061.61552203,3641108.79168191,-454826.791681908,3040865.94356862,433324.912315852,0.352566937422093,90831,168.830211053149,696.027683037079,-0.142745303674285,454826.791681908,6.68576697587178,0.135997037398401,Medium,100,Reduce costs and extend runway
Healthcare,Startup,Profit Maximization,2855433,1349372.74009745,1265612.26086058,2614985.00095803,240447.999041968,2755678.42471048,1586216.90865711,0.00716388097665657,9128,346.601084729696,1053.3864687661,0.0842071934596147,0,28.73581848763,0.555508362009233,Low,100,Improve margins
SaaS,Growth,Profit Maximization,10167113,6543205.66781765,6132441.0010859,12675646.6689036,-2508533.66890355,10351830.5594687,1261483.37642783,0.0339982243976818,82019,446.662383720043,1949.76887040858,-0.246730184753877,2508533.66890355,4.12664605135374,0.124074885016802,High,100,Improve margins
Manufacturing,Startup,Growth,4476581,3132719.91518015,3893688.26043897,7026408.17561912,-2549827.17561912,2439049.89435339,500578.32796507,-0.0623956048240041,49189,122.808278700608,197.169094485065,-0.569592547441702,2549827.17561912,0.956554984461316,0.111821572750514,High,100,Stabilize finances
Healthcare,Growth,Growth,7982843,4182317.83841416,3466190.11675168,7648507.95516584,334335.044834159,2079694.21094039,5336332.76409035,0.219770175275144,81764,211.627692751685,672.943837792433,0.0418817011475936,0,35.1765339974489,0.66847522418897,Low,100,Invest in expansion
Fintech,Mature,Cost Optimization,277443447,79032174.6011858,96478243.261218,175510417.862404,101933029.137596,163770065.726813,171328263.143793,0.211241659514519,1765,135.446893801641,545.144351912425,0.367401105485819,0,19.9937923110047,0.617524994720071,Low,100,Cut operational inefficiencies
Manufacturing,Growth,Cost Optimization,20554644,7413844.84434205,14100107.0844511,21513951.9287932,-959307.928793192,16050059.197544,2324469.28921137,0.118544560069685,10427,148.978182980433,533.755499365181,-0.0466711040479802,959307.928793192,16.7308730761091,0.11308730470892,Medium,100,Cut operational inefficiencies
E-commerce,Mature,Cost Optimization,107629087,39848476.1339987,48800738.2758701,88649214.4098689,18979872.5901311,20512583.7833181,12424478.130688,0.341528864616284,34735,262.214179906619,617.090520289434,0.176345197373375,0,20.378327675858,0.115437921820224,Low,100,Cut operational inefficiencies
E-commerce,Mature,Profit Maximization,288220406,90629744.612674,66721645.4066835,157351390.019358,130869015.980643,242847297.969014,91479305.6276697,0.167514606384392,73663,464.845457016207,987.994310273184,0.45405881490793,0,19.0932599672452,0.317393577010192,Low,100,Improve margins
Manufacturing,Startup,Cost Optimization,4726870,2180884.43182005,4219865.7302793,6400750.16209934,-1673880.16209934,5152403.69033303,265954.852656282,0.278516528470601,96906,498.148824091872,1793.05893247777,-0.354120202607506,1673880.16209934,3.07811981227557,0.0562644736699512,High,100,Cut operational inefficiencies
Manufacturing,Mature,Survival,291575365,104487712.791969,112357821.458502,216845534.250471,74729830.7495293,208297630.914458,217883038.611507,0.167369857706756,2139,420.744813631612,1337.2858731446,0.256296792253109,0,23.5543488674881,0.747261479417188,Low,100,Reduce costs and extend runway
E-commerce,Mature,Cost Optimization,240424486,107801994.578467,73454915.8809613,181256910.459428,59167575.5405717,76788235.7819285,104019571.315378,-0.0505644224731745,63962,294.194325338205,1405.79909666299,0.246096296283947,0,16.707379172664,0.432649656638461,Low,100,Cut operational inefficiencies
Healthcare,Startup,Cost Optimization,965020,450028.303220171,955312.52862984,1405340.83185001,-440320.831850011,724356.806958975,470514.095785686,0.110929196183748,96073,196.541818927852,971.375122700402,-0.456281560848491,440320.831850011,1.64506594865291,0.487569268808612,High,0,Cut operational inefficiencies
Healthcare,Growth,Survival,31915501,19232663.3921202,22892904.8706949,42125568.262815,-10210067.262815,9252627.6283647,5170286.89611084,0.0556303310747816,76593,360.677002367158,724.592886680453,-0.319909352600012,10210067.262815,0.906225922924393,0.161999239683276,High,100,Reduce costs and extend runway
Manufacturing,Startup,Profit Maximization,3601651,1942990.39073911,2922356.20584302,4865346.59658213,-1263695.59658213,5383676.58382997,1024693.68729663,0.114301319890256,63108,432.727971970188,2060.05613512144,-0.350865643723428,1263695.59658213,4.26026378377119,0.284506657445885,High,100,Improve margins
Fintech,Growth,Survival,5057942,1077281.84296815,2479708.67537258,3556990.51834073,1500951.48165927,3198657.92377097,3274162.87514013,0.193502180295847,64846,283.662156913199,1239.39825561306,0.296751422151395,0,33.1290894044682,0.647331043958221,Low,100,Reduce costs and extend runway
E-commerce,Growth,Survival,5798086,3070505.06378379,3398496.93583227,6469001.99961605,-670915.999616054,4865299.2316784,2230235.12179402,-0.0554147614068083,89861,113.011560261449,328.05487935732,-0.115713357755655,670915.999616054,7.25172634795217,0.384650231437413,Medium,100,Reduce costs and extend runway
Healthcare,Startup,Survival,3621140,3301168.84407852,3025322.93645955,6326491.78053806,-2705351.78053806,3105287.1808443,2701709.42844495,0.139218419020438,77007,364.858888970646,608.61704692328,-0.747099471585762,2705351.78053806,1.14783120006179,0.746093613736267,High,0,Reduce costs and extend runway
Fintech,Growth,Profit Maximization,39218825,16973079.3538584,15702260.8998452,32675340.2537036,6543484.74629639,56380056.1462546,28451285.6180051,0.294688038688755,68364,227.406981258186,713.744593008068,0.166845507133281,0,33.7503790217532,0.725449720077159,Low,100,Improve margins
Fintech,Startup,Survival,2973806,2894262.29142432,2057349.57539914,4951611.86682346,-1977805.86682346,1801381.71290961,1233882.75788792,0.289547627906498,23235,312.139773719516,565.278949136212,-0.665075619197573,1977805.86682346,0.910798042986294,0.414917031537335,High,0,Reduce costs and extend runway
E-commerce,Startup,Growth,1488975,620585.822048504,863983.757247828,1484569.57929633,4405.42070366745,1678835.74576109,1097417.94786511,0.0258397019301551,46973,68.4521099126521,301.36802749205,0.00295869353324767,0,24.9839165139535,0.737029129344086,Low,100,Invest in expansion
Fintech,Startup,Survival,892553,407490.037166238,840424.850977921,1247914.88814416,-355361.888144159,1000824.46030744,429888.900994883,0.230738384428144,31788,413.301726823914,1604.22060633107,-0.398140937450391,355361.888144159,2.81635283269723,0.481639634839481,High,100,Reduce costs and extend runway
Fintech,Mature,Survival,278295048,78578141.5272193,157630245.948385,236208387.475605,42086660.5243954,206712516.411641,175348399.087519,-0.0861373376190754,11565,377.556072400667,1846.73718027026,0.151230360823364,0,25.6699909867942,0.630080917169316,Low,100,Reduce costs and extend runway
E-commerce,Mature,Cost Optimization,492825615,183463043.102619,279469815.378664,462932858.481283,29892756.5187172,232344458.705492,257183689.34555,0.179505446298421,61950,476.241417144756,2167.83821947848,0.0606558498764664,0,18.0158888330752,0.521855361242841,Low,100,Cut operational inefficiencies
Fintech,Startup,Cost Optimization,2825448,2239506.56185751,1816246.64260581,4055753.20446332,-1230305.20446332,399563.504536513,820380.336941995,0.307846688622233,87943,399.46931698851,1056.75645391217,-0.435437213660743,1230305.20446332,0.324767791834881,0.290354073740517,High,100,Cut operational inefficiencies
SaaS,Startup,Growth,4332184,1749567.18954234,3676240.6730661,5425807.86260844,-1093623.86260844,3315013.41612907,1461441.98687181,0.122192513319028,54654,215.673581233079,877.968447107568,-0.2524416928294,1093623.86260844,3.0312189862265,0.337345317482316,High,100,Stabilize finances
SaaS,Startup,Cost Optimization,1509616,1200144.3810328,985362.084679977,2185506.46571278,-675890.465712776,651433.237276208,266977.105357341,0.204443091559635,71541,64.8111958975282,235.125306326571,-0.447723438088081,675890.465712776,0.96381480479862,0.176851004068148,High,100,Cut operational inefficiencies
E-commerce,Startup,Growth,583338,380356.262796903,390392.754215582,770749.017012485,-187411.017012485,512105.815197806,295910.127482004,0.336999712768947,48704,273.594826259058,852.665281842435,-0.321273458976589,187411.017012485,2.73252780632256,0.507270446091295,High,100,Stabilize finances
Healthcare,Startup,Profit Maximization,3313073,1416945.49885304,2913139.1811306,4330084.67998365,-1017011.67998365,558995.756883653,2272078.73511553,0.00254079207303745,90504,285.189544909017,772.112847235255,-0.306969294061328,1017011.67998365,0.549645365815899,0.685791932479462,High,0,Improve margins
Healthcare,Startup,Cost Optimization,4817185,2601607.29568569,5439269.13720984,8040876.43289553,-3223691.43289553,5336006.2655346,1339485.36125791,0.397424903530896,49340,305.550746737432,1351.43310000934,-0.669206483225272,3223691.43289553,1.65524721475646,0.278063923486,High,0,Cut operational inefficiencies
SaaS,Growth,Growth,47647299,20706552.725602,15350657.1141472,36057209.8397492,11590089.1602508,37504625.5724567,17080264.9845039,0.386653539750188,33717,342.580156682455,666.29014924981,0.243247558696891,0,24.1480820557249,0.358472890236736,Low,100,Invest in expansion
SaaS,Mature,Growth,101696600,26160095.8434226,59437434.3797178,85597530.2231404,16099069.7768596,111430814.89391,57958462.6943938,-0.042265112411056,79539,221.477966053505,789.50939886192,0.158304896887994,0,32.8944202218171,0.569915441562391,Low,100,Invest in expansion
E-commerce,Growth,Profit Maximization,37713986,21165270.6634741,18619292.1163975,39784562.7798715,-2070576.77987153,41029207.9509322,3587445.39525248,0.195592393558037,1463,477.548439208763,1884.54862814815,-0.0549020933473203,2070576.77987153,19.8153521037157,0.0951224141423947,Medium,100,Improve margins
SaaS,Startup,Survival,2530171,813184.492817903,1744562.6153803,2557747.10819821,-27576.1081982055,315767.550430106,1777428.37190949,0.304543157901672,48729,320.268516610753,620.315868904079,-0.0108989108634181,27576.1081982055,11.4507655743335,0.702493377684546,High,100,Reduce costs and extend runway
Manufacturing,Startup,Growth,3473816,1518554.34879606,2101055.2964956,3619609.64529166,-145793.64529166,4931802.1140208,950377.667854373,-0.0236063631782665,35384,445.993561202376,826.344339267751,-0.0419693055969745,145793.64529166,33.8272776166255,0.27358319146851,Medium,100,Stabilize finances
SaaS,Mature,Cost Optimization,459412729,125421909.294793,183960331.182812,309382240.477605,150030488.522395,266480084.616586,120064063.340539,0.0214548359108249,46909,92.7935012071013,183.658608246535,0.326570160232533,0,31.0272848343899,0.26134248304761,Low,100,Cut operational inefficiencies
E-commerce,Mature,Growth,437784892,162029252.78343,301367026.815204,463396279.598634,-25611387.5986337,132189953.559946,189623687.129151,0.207216827417548,42468,235.550397034995,415.316563508685,-0.0585022189359465,25611387.5986337,5.16137413683115,0.433143515443997,High,100,Stabilize finances
E-commerce,Mature,Growth,192131469,61394661.0069434,74214470.3129031,135609131.319847,56522337.6801536,209911223.930301,87511571.8528893,0.301201390860994,57577,404.586620333719,1593.5606785955,0.294185736331166,0,16.6349481663297,0.455477555594442,Low,100,Invest in expansion
Manufacturing,Startup,Growth,4872827,4420650.32355656,4112110.9822947,8532761.30585126,-3659934.30585126,5427784.26094605,1053103.9902423,0.171220854440916,93087,182.262468600755,640.007589208082,-0.751090548843876,3659934.30585126,1.4830277833863,0.216117664395288,High,0,Stabilize finances
Healthcare,Startup,Profit Maximization,1221544,735764.5622309,771666.836857843,1507431.39908874,-285887.399088743,141808.380256442,745962.361886907,0.270026498337893,14774,207.263523181176,742.746998123243,-0.234037741652157,285887.399088743,0.496028788636546,0.610671708826622,High,100,Improve margins
Fintech,Mature,Survival,137059845,52431162.4913183,94348679.1441022,146779841.635421,-9719996.63542056,189398055.906599,28347304.9945185,-0.048638313156574,75424,178.546401312297,383.496343811276,-0.0709179018509802,9719996.63542056,19.4854034430851,0.206824289014179,Medium,100,Reduce costs and extend runway
Healthcare,Startup,Profit Maximization,348670,187020.249474116,207456.78404999,394477.033524106,-45807.0335241056,200498.372080498,147771.497259082,0.233459509787485,84884,243.082745354751,379.612059250104,-0.131376469223351,45807.0335241056,4.3770215326209,0.423814774024384,High,100,Improve margins
Healthcare,Growth,Survival,15672743,7157948.22617034,13169030.8313201,20326979.0574905,-4654236.05749047,6450512.23476174,6111256.10112144,0.326164338242721,22697,226.457666136173,913.428009925375,-0.296963719592063,4654236.05749047,1.3859443644635,0.389928942312232,High,100,Reduce costs and extend runway
Manufacturing,Startup,Profit Maximization,4279939,3514397.11390221,2594810.74546032,6109207.85936253,-1829268.85936253,1956599.54538884,1893571.19804367,-0.0121137449762696,12389,169.692142720974,388.965610148878,-0.427405357731158,1829268.85936253,1.06960742013105,0.442429482766849,High,96.7910482912037,Improve margins
E-commerce,Startup,Survival,4407513,2454505.85151699,2338523.27861257,4793029.13012956,-385516.130129561,2195772.08509824,942315.613469071,0.339624521538892,15427,416.125181905753,2042.64765228364,-0.0874679507762225,385516.130129561,5.69566851680189,0.213797580056842,High,100,Reduce costs and extend runway
Manufacturing,Startup,Profit Maximization,276031,111103.897708705,144325.707228882,255429.604937588,20601.3950624125,279321.337377848,180062.450138307,0.0337276913871852,47142,155.707817509057,602.384170112109,0.0746343528893948,0,22.3361657155789,0.652326913057981,Low,100,Improve margins
Manufacturing,Startup,Growth,4247829,4266126.54986398,3016699.17427163,7282825.72413561,-3034996.72413561,2598832.68597506,1278364.73511852,0.271639129458597,87263,54.479131571014,171.650169552,-0.714481850407728,3034996.72413561,0.856288464929143,0.300945432388762,High,0,Stabilize finances
Manufacturing,Growth,Survival,34107702,13581816.2180093,23560272.4153362,37142088.6333455,-3034386.63334549,13248481.9588181,14890913.1893633,0.0955211460947345,82405,498.571446565058,2246.84390332357,-0.0889648512041501,3034386.63334549,4.36611531741798,0.436585061912506,High,100,Reduce costs and extend runway
Manufacturing,Startup,Survival,2184023,1179382.54917791,2022725.9545457,3202108.50372361,-1018085.50372361,1650952.60404922,1413474.17738407,0.361412482299186,30843,498.452638781236,1709.87064080177,-0.466151457069643,1018085.50372361,1.62162470441914,0.647188320536951,High,0,Reduce costs and extend runway
SaaS,Growth,Cost Optimization,8610803,5751488.07177244,5952398.45116719,11703886.5229396,-3093083.52293963,11158769.2150777,6876898.46458487,-0.00866700264731088,90742,77.9203671898233,139.143239242281,-0.359209648965332,3093083.52293963,3.60765208321066,0.798636139345525,High,0,Cut operational inefficiencies
Healthcare,Startup,Profit Maximization,206500,130313.888476415,180940.412469799,311254.300946214,-104754.300946214,158440.737389584,17001.0198812907,-0.0960957999098092,25278,310.358935122451,723.498952307882,-0.507284750344863,104754.300946214,1.51249863689067,0.0823293940982599,High,100,Improve margins
SaaS,Startup,Profit Maximization,935815,589709.657760422,497806.938658444,1087516.59641887,-151701.596418867,724365.808376361,490253.311603745,-0.00536324991606227,57641,461.813539541409,1946.16173397817,-0.162106395408138,151701.596418867,4.7749385996987,0.523878449911302,High,100,Improve margins
SaaS,Mature,Survival,334713175,159631874.215562,114394970.343276,274026844.558839,60686330.4411612,301798868.234481,247375645.91168,0.0965193929974377,86157,282.497223110873,804.549994468454,0.181308460418868,0,13.3681582715926,0.739067549138691,Low,100,Reduce costs and extend runway
Fintech,Startup,Cost Optimization,1343125,1032729.15471383,749843.971514792,1782573.12622862,-439448.126228618,876761.644933151,460074.776178081,0.18928002759956,69661,103.598455904951,494.373518149197,-0.327183342003625,439448.126228618,1.99514252673597,0.34254054996972,High,100,Cut operational inefficiencies
Healthcare,Startup,Survival,3899830,1390990.60677259,2243887.20172584,3634877.80849843,264952.191501574,4176472.23336422,1329174.8868293,0.15843517582588,20910,101.610402202092,177.751395354517,0.0679394208213112,0,32.4463379789735,0.340828930191649,Low,100,Reduce costs and extend runway
SaaS,Startup,Profit Maximization,2256178,1056976.41008982,1631960.70240716,2688937.11249698,-432759.112496983,2271818.54162487,110483.244332305,0.144700792631863,98333,389.717076486963,1289.98140990402,-0.191810713736675,432759.112496983,5.24961456852213,0.0489692055911835,High,100,Improve margins
E-commerce,Growth,Profit Maximization,29522880,18347935.0436997,16268774.8891154,34616709.9328151,-5093829.9328151,32299501.5039169,17407130.2095272,-0.0476900747253355,23072,131.786412210092,242.889475694063,-0.172538381513426,5093829.9328151,6.34090692660142,0.589614909166288,High,100,Improve margins
Fintech,Mature,Profit Maximization,293412838,147812305.693093,125069246.079586,272881551.772679,20531286.2273211,436458467.423385,31631291.5224895,0.382576276216519,6608,289.160373180836,502.231973858113,0.0699740555569047,0,20.839596135027,0.107804729125348,Low,100,Improve margins
SaaS,Startup,Growth,4314038,2499786.35492384,4971456.07227196,7471242.4271958,-3157204.4271958,2352201.85866759,107548.460701114,0.0356615238230459,53319,245.213616433247,675.905955046389,-0.731844371142721,3157204.4271958,0.745026783316908,0.0249298825604027,High,90.9612156625198,Stabilize finances
Fintech,Growth,Profit Maximization,5846811,2015749.94305182,3836276.53277201,5852026.47582383,-5215.47582382802,973883.735682118,2999250.28661683,-0.0677811872236539,19146,215.022425298323,662.756740215389,-0.000892020594445078,5215.47582382802,186.729604081898,0.51297199218802,High,100,Improve margins
SaaS,Startup,Profit Maximization,3244753,989603.048853448,2062068.05960163,3051671.10845508,193081.891544922,3309206.96855047,351758.747181549,0.146959417084418,99422,265.708530147125,820.5334907843,0.0595058827420521,0,32.4344409085794,0.108408481995871,Low,100,Improve margins
Fintech,Startup,Profit Maximization,650008,334368.025919922,760134.031306027,1094502.05722595,-444494.057225949,561187.542936991,378474.006054734,0.210928042742288,15740,156.782424647818,339.135684267623,-0.683828594764909,444494.057225949,1.26253103683617,0.582260535339155,High,0,Improve margins
E-commerce,Startup,Profit Maximization,2465362,2144118.64158198,1664994.59773102,3809113.239313,-1343751.239313,1186101.24218633,674674.507095065,0.365369698181206,88493,229.281536717212,740.840651742717,-0.545052304413306,1343751.239313,0.882679180108318,0.273661436776857,High,100,Improve margins
Manufacturing,Growth,Cost Optimization,28487580,12616485.8554639,22195872.3452955,34812358.2007593,-6324778.20075931,37791501.0903158,11982761.3946611,0.344645011035978,12654,77.9229736859447,246.697580612471,-0.222018795585982,6324778.20075931,5.97515041488393,0.420631074828437,High,100,Cut operational inefficiencies
E-commerce,Mature,Profit Maximization,148047161,80680633.908175,78361091.3467242,159041725.254899,-10994564.2548992,198635986.50323,53655135.2627872,0.285820368597651,14702,369.894032412594,1212.22430631017,-0.0742639317136195,10994564.2548992,18.066744792975,0.362419210880965,Medium,100,Improve margins
Fintech,Startup,Cost Optimization,4958808,2208929.45911978,4898798.96561167,7107728.42473144,-2148920.42473144,3847880.6004499,3410576.63611899,0.146183863792665,69841,348.011396384666,1188.42511949109,-0.433354230438332,2148920.42473144,1.79061102317494,0.687781546718283,High,0,Cut operational inefficiencies
E-commerce,Growth,Survival,19871570,8167721.73614066,6592325.43778069,14760047.1739214,5111522.82607865,20737449.4441384,13500881.7956733,-0.0307262787776529,93455,412.039982679997,1932.11422026785,0.257227930459378,0,25.7412766473864,0.679406901199717,Low,100,Reduce costs and extend runway
Fintech,Startup,Cost Optimization,1947746,1059678.05124159,1439238.15188931,2498916.20313091,-551170.203130907,1402380.30147011,128195.796781615,0.346012784514987,50438,148.998718701744,703.64584301531,-0.282978480320795,551170.203130907,2.54436886011603,0.0658175125409652,High,100,Cut operational inefficiencies
Fintech,Startup,Survival,4509044,3349154.69310593,3417910.03827078,6767064.7313767,-2258020.7313767,6139930.18033189,2996864.75372895,0.369233231308882,88870,440.912252704483,759.705763377238,-0.500775936401753,2258020.7313767,2.71916466266827,0.664634178271259,High,0,Reduce costs and extend runway
E-commerce,Startup,Profit Maximization,4053089,1939692.70831813,1914240.31388362,3853933.02220175,199155.977798251,2267632.16683867,1516751.06726079,0.240864218527567,3817,117.414332341005,348.650967936126,0.0491368380507439,0,33.8785885669797,0.374221011988828,Low,100,Improve margins
SaaS,Mature,Growth,111245332,37274414.1046885,25760287.2283242,63034701.3330127,48210630.6669873,100508424.431425,11374242.7306346,0.0764030046329529,49730,492.723564355064,1487.13766345795,0.433372167624861,0,23.6582668931796,0.10224467423617,Low,100,Invest in expansion
SaaS,Mature,Growth,378324538,120469375.666102,114209555.101792,234678930.767895,143645607.232105,321890603.890903,271808885.726186,0.305291216905271,96232,100.327912178726,260.516213563385,0.379688845961415,0,22.026256118989,0.718454285738626,Low,100,Invest in expansion
E-commerce,Startup,Growth,3287002,1007920.0016228,2202470.78504407,3210390.78666687,76611.2133331345,2720880.04811353,651870.276180859,-0.0523130960509863,6730,461.813332782828,1863.26604495351,0.0233073217884061,0,31.5747819683287,0.198317578200701,Low,100,Invest in expansion
Healthcare,Startup,Survival,4335025,3259592.02045834,4465103.84822618,7724695.86868452,-3389670.86868452,3573276.52337177,675584.444803793,0.205459288758631,51432,375.655715641763,1214.42865360119,-0.781926486856366,3389670.86868452,1.05416621902247,0.155843263834417,High,0,Reduce costs and extend runway
Manufacturing,Mature,Cost Optimization,69862848,18331981.6181777,34867718.1467365,53199699.7649142,16663148.2350858,11087948.3325664,3524941.46810942,0.371249964936445,42497,453.159112429171,1221.45835441168,0.238512295334508,0,19.4233839716471,0.0504551642113047,Low,100,Cut operational inefficiencies
Fintech,Startup,Growth,973356,380115.773018223,542304.278810558,922420.051828781,50935.9481712194,1080475.61926336,254597.552096398,0.214779527997573,48897,380.18120527686,1764.02430481968,0.0523302349512608,0,22.3815479824424,0.261566736216141,Low,100,Invest in expansion
Healthcare,Startup,Survival,4479952,1612441.55733035,2472423.08605833,4084864.64338868,395087.356611318,5339115.46273171,2404328.2478014,0.265869986792803,54545,68.0272534672623,263.05212671785,0.0881900869945299,0,27.3809370588651,0.536686162664556,Low,100,Reduce costs and extend runway
Fintech,Startup,Survival,3734412,1567848.00479956,2474624.1870282,4042472.19182776,-308060.191827755,3999508.34165583,2762686.82332453,-0.0106399353970512,43355,305.492505033977,917.638150674232,-0.0824922884319553,308060.191827755,12.9828794753594,0.739791652159571,High,100,Reduce costs and extend runway
E-commerce,Startup,Survival,236365,123479.686641863,105635.767959514,229115.454601377,7249.54539862264,327883.127097122,11240.023359106,0.100835694404268,56818,178.739500192236,338.754798987207,0.030670976661615,0,13.5765703041755,0.0475536706327332,Low,100,Reduce costs and extend runway
Manufacturing,Mature,Growth,433680827,143863829.281326,247473913.509249,391337742.790575,42343084.2094253,189280810.481075,199392289.907297,0.180321462572993,94396,243.938986145079,484.11850362901,0.0976365141671927,0,35.293326875412,0.45976736229406,Low,100,Invest in expansion
E-commerce,Mature,Cost Optimization,195544677,60749501.2602242,133156881.07469,193906382.334914,1638294.66508621,107321072.511464,89461801.8091647,0.260734768935744,55991,214.288194878092,482.349810824593,0.00837810923938477,0,24.4667457074962,0.457500573176761,Low,100,Cut operational inefficiencies
Fintech,Growth,Cost Optimization,42847367,20149424.7904493,30497005.5744356,50646430.3648849,-7799063.36488491,41091390.1554818,1787840.00966106,-0.0503533268515982,13257,115.561889973517,407.891244575115,-0.182019664472847,7799063.36488491,5.26875962317408,0.0417257846826634,High,100,Cut operational inefficiencies
SaaS,Startup,Growth,1356919,744430.479503801,732458.213050083,1476888.69255388,-119969.692553883,828006.550745295,159606.250459366,0.0748008662021433,56384,136.640667975698,487.129944189726,-0.0884133043710665,119969.692553883,6.90179772173213,0.117624007372117,Medium,100,Stabilize finances
Fintech,Mature,Growth,499705219,105252381.265616,223740892.468938,328993273.734554,170711945.265446,60010515.9189583,352196103.755931,0.0768032510388998,28190,316.705129661186,872.335090659123,0.341625299825908,0,12.4958844382424,0.704807735369942,Low,100,Invest in expansion
E-commerce,Startup,Cost Optimization,4646705,2150910.35505483,2443117.58096062,4594027.93601544,52677.0639845571,1244574.48554216,786651.199736806,-0.0139057362221186,63754,352.098417823966,1099.22042220617,0.0113364338783196,0,31.9452825815361,0.169292261879505,Low,100,Cut operational inefficiencies
E-commerce,Growth,Growth,46157515,23831038.6255746,22369139.8653108,46200178.4908854,-42663.4908853993,40797536.379124,36673847.3360763,0.112551400364281,40642,472.745130303284,1616.73467594587,-0.000924302161530994,42663.4908853993,956.263435842897,0.794536866555235,High,100,Stabilize finances
Manufacturing,Growth,Profit Maximization,6923625,2759568.49571212,5202001.23394836,7961569.72966048,-1037944.72966048,4709009.63930809,3484594.79042376,0.291114500236062,73550,77.4372738017893,264.012315706646,-0.149913481689213,1037944.72966048,4.536859723589,0.503290514784344,High,100,Improve margins
Manufacturing,Mature,Profit Maximization,234306797,129417200.534401,91735770.4885753,221152971.022977,13153825.9770233,68395142.7626705,95790066.7731074,-0.0715790246592087,37769,90.418709057483,263.482214169772,0.0561393273496172,0,31.6999629689942,0.408823252246956,Low,100,Improve margins
Healthcare,Growth,Profit Maximization,33321347,11305875.0726302,12954646.3805596,24260521.4531898,9060825.54681021,9527086.28892528,9136287.5635962,0.155096129456803,66651,346.765855229054,592.057473779443,0.271922547032994,0,34.9825049067881,0.274187221891006,Low,100,Improve margins
Manufacturing,Mature,Growth,97831031,44374236.7277494,52196727.8589886,96570964.586738,1260066.41326201,58078686.7984913,18998854.414551,-0.0573751291089635,24741,276.831951735503,1119.98935567163,0.0128800279459593,0,23.5018170009439,0.194200697062581,Low,100,Invest in expansion
E-commerce,Mature,Cost Optimization,370418314,105289905.280174,183940424.827392,289230330.107567,81187983.8924334,521714764.349649,236060318.422207,-0.0721669269719004,47676,391.376967822887,1029.15579278516,0.219179184246364,0,31.1403494305314,0.637280365198702,Low,100,Cut operational inefficiencies
Manufacturing,Startup,Cost Optimization,2093643,829168.30122727,1474260.97457927,2303429.27580654,-209786.27580654,2369948.81724816,1486502.04147759,0.0153242370926446,20293,96.9094394981499,375.623343537672,-0.100201550983878,209786.27580654,11.2969678694982,0.710007408845534,High,100,Cut operational inefficiencies
Healthcare,Mature,Growth,294996599,131858776.932415,87939389.0407383,219798165.973153,75198433.0268471,152551285.721655,230863949.423822,0.00151483261655697,1573,294.805531113399,1074.69897587752,0.254912881306971,0,23.2364135046904,0.782598681498094,Low,100,Invest in expansion
SaaS,Mature,Growth,72153114,12749410.6202268,28499720.6531445,41249131.2733714,30903982.7266287,37576579.7734738,46023554.3221657,0.236491153636824,90372,170.441673065082,785.963293669743,0.428311142976153,0,30.5334329612563,0.6378595707202,Low,100,Invest in expansion
Healthcare,Growth,Cost Optimization,16841541,11336172.111517,8068320.80333937,19404492.9148563,-2562951.91485633,4051304.88174602,4531588.77553121,0.140789040968449,47243,333.607465572307,919.615386688372,-0.152180368462502,2562951.91485633,1.58071825626628,0.269072098303309,High,100,Cut operational inefficiencies
SaaS,Startup,Survival,2689496,1648197.99528229,1181285.41708211,2829483.41236441,-139987.412364405,1473862.20432984,718533.332058177,0.319929001699793,86715,310.423034947941,1156.3524742739,-0.0520496823064264,139987.412364405,10.5285338119773,0.267162818631512,Medium,100,Reduce costs and extend runway
Fintech,Startup,Profit Maximization,3355534,2133296.89783324,3699208.68466063,5832505.58249388,-2476971.58249388,3780227.21528648,1390892.77022398,-0.0942394939869783,1367,148.107424339372,720.564553503964,-0.738175081073199,2476971.58249388,1.52614880283788,0.41450713067547,High,0,Improve margins
E-commerce,Growth,Growth,49784601,28084230.8921669,33321436.4003679,61405667.2925348,-11621066.2925348,5895884.75330771,29322635.9949288,0.266108780026431,77813,464.687085378893,1569.72206473113,-0.233426924372353,11621066.2925348,0.507344559001024,0.588990077372094,High,100,Stabilize finances
Fintech,Growth,Profit Maximization,44634799,17445824.9891002,25529264.0055547,42975088.994655,1659710.00534502,56140205.2693665,341428.104941451,0.298973385446211,29798,123.604586301329,212.873540568887,0.0371842159599514,0,32.5081222156368,0.0076493702803826,Low,100,Improve margins
Fintech,Mature,Growth,441761775,103735235.947126,215734940.963028,319470176.910154,122291598.089846,574194649.696283,209373682.437515,-0.0581861684100297,57319,249.851916282639,1043.8450091404,0.27682702535738,0,12.3028766901396,0.473951560063148,Low,100,Invest in expansion
Healthcare,Growth,Survival,29619237,13286023.334837,11820473.7896513,25106497.1244882,4512739.87551178,32266362.4027343,14598448.0107125,0.342429448241669,74991,149.144462920593,429.446095579271,0.152358410701524,0,26.3640819372403,0.492870495303863,Low,100,Reduce costs and extend runway
E-commerce,Startup,Growth,4357044,3996550.39215499,3613776.5866197,7610326.97877469,-3253282.97877469,443289.204991283,2668648.61237526,0.269897496328929,90547,216.321933926194,783.867819106937,-0.7466720507699,3253282.97877469,0.136259036758691,0.612490627217732,High,0,Stabilize finances
Fintech,Growth,Profit Maximization,24669951,8521113.39153223,16095077.661511,24616191.0530432,53759.9469567724,36190370.9490577,4776891.80946034,0.258846155270666,90354,198.05567620277,603.494783412087,0.00217916715589635,0,16.6135681086495,0.193631994220837,Low,100,Improve margins
Healthcare,Growth,Cost Optimization,31111683,11548440.8032119,24684202.7175032,36232643.5207151,-5120960.52071506,41054509.2631164,4608035.6206138,0.0126812126601619,14710,477.100424177483,1265.19501767463,-0.164599276764136,5120960.52071506,8.01695484607717,0.148112708033628,Medium,100,Cut operational inefficiencies
E-commerce,Startup,Survival,4190932,2858763.87878676,2103518.64164877,4962282.52043553,-771350.52043553,6108382.48502209,956188.790268798,-0.0318049801785708,95468,282.859499144177,1259.22372150266,-0.184052263419099,771350.52043553,7.9190748216169,0.22815659864412,Medium,100,Reduce costs and extend runway
SaaS,Growth,Profit Maximization,25267512,10487086.9377624,17214539.5288125,27701626.4665749,-2434114.46657492,24024649.7531066,11641459.7171157,0.098425735170932,14798,497.598034492515,1894.21115350778,-0.0963337611781847,2434114.46657492,9.86997533723716,0.460728373933917,Medium,100,Improve margins
Fintech,Mature,Cost Optimization,423918977,163053172.064259,255039641.171797,418092813.236056,5826163.76394445,117587740.843551,38435575.6497776,0.239937407084813,98691,349.787794267805,845.863323999045,0.013743578561109,0,16.8793433040706,0.0906672683581647,Low,100,Cut operational inefficiencies
E-commerce,Mature,Growth,154500135,29826724.5826353,58161225.128217,87987949.7108523,66512185.2891477,43639143.8943116,84193562.6414436,0.086338047747919,33479,384.889786187277,1735.45403928515,0.430499204995178,0,17.1532494610294,0.544941676856422,Low,100,Invest in expansion
SaaS,Mature,Survival,219666637,65519180.6528275,65144112.7805453,130663293.433373,89003343.5666273,94908781.9234406,87894597.5002787,0.300254822897844,25742,412.46676199036,1234.1715658821,0.405174608134176,0,35.9844703168808,0.400127205026035,Low,100,Reduce costs and extend runway
Healthcare,Growth,Survival,40296861,12069723.3996685,18139835.6747278,30209559.0743962,10087301.9256038,30022737.2201273,30802304.644111,0.0567052931098125,78414,345.97575741251,1505.89230508596,0.250324756700125,0,25.8218582008473,0.764384715824664,Low,100,Reduce costs and extend runway
Manufacturing,Growth,Profit Maximization,14946581,5047664.02549681,6931937.38460738,11979601.4101042,2966979.58989582,21034858.3049097,2332138.76540863,0.32189567223325,6686,181.807553967512,737.949385877584,0.198505570598106,0,30.7179786985298,0.15603158778644,Low,100,Improve margins
SaaS,Growth,Survival,32747691,14933748.8417727,24204374.7660247,39138123.6077974,-6390432.60779741,46297969.1349547,17440046.0830259,-0.0764303458650875,69629,446.883092524341,2003.0392534009,-0.195141471433739,6390432.60779741,7.24488809700666,0.532558038459136,High,100,Reduce costs and extend runway
Manufacturing,Growth,Cost Optimization,34397653,19616737.9071441,13173346.2018256,32790084.1089697,1607568.89103034,8793315.08523143,16241615.0963729,0.240840795056209,16571,457.294829570439,1847.55976156602,0.0467348423751569,0,29.7725048870109,0.472172188502886,Low,100,Cut operational inefficiencies
Fintech,Startup,Survival,829128,745898.117942,608168.108997827,1354066.22693983,-524938.226939827,501358.288397826,265549.479759766,0.344378359269513,43150,117.486976758574,311.80245935894,-0.633120853402402,524938.226939827,0.955080545992121,0.3202756145731,High,0,Reduce costs and extend runway
Fintech,Growth,Growth,22088725,8903720.32572427,10855220.2273372,19758940.5530614,2329784.44693856,20371195.0042855,11140395.9532814,0.258111412505809,60021,194.041899083998,766.72706326463,0.105473921511475,0,14.7298324659294,0.504347623200587,Low,100,Invest in expansion
Healthcare,Growth,Profit Maximization,15342135,9241705.84804743,9221250.57466286,18462956.4227103,-3120821.42271028,17603091.9362538,2318853.92243909,-0.0212048389217657,14159,184.521225576418,752.202787498416,-0.203415067245223,3120821.42271028,5.64053162675561,0.151142844358956,High,100,Improve margins
Manufacturing,Mature,Survival,434859399,70624958.3405978,162102110.059358,232727068.399955,202132330.600045,469123867.721754,97160634.0554127,0.0670394477669088,79898,312.819328502461,1239.42805413164,0.464822264540831,0,21.2967560872699,0.223429996635333,Low,100,Reduce costs and extend runway
Healthcare,Startup,Profit Maximization,4692278,3744449.23314231,4409724.76806498,8154174.00120728,-3461896.00120728,6532114.90736097,779781.835722876,0.202281332302119,75221,165.039652201533,515.665781538342,-0.737785783623068,3461896.00120728,1.88686052529683,0.166184065761423,High,0,Improve margins
Healthcare,Mature,Profit Maximization,59092713,19127461.6421399,29676729.8504027,48804191.4925426,10288521.5074574,63273387.90447,2114375.85835548,0.142198457891531,33308,481.799036434955,1958.22396508874,0.174108125776141,0,14.6544420355819,0.0357806529944814,Low,100,Improve margins
E-commerce,Mature,Profit Maximization,281333240,84304945.4570102,110938089.949835,195243035.406845,86090204.5931552,155695647.062166,69776498.9571024,0.273651126874295,32903,266.509314872359,1171.34187866805,0.306007937750816,0,31.9888570031518,0.248020813171961,Low,100,Improve margins
E-commerce,Startup,Cost Optimization,4086026,2791090.81578534,2289042.707484,5080133.52326934,-994107.523269336,3212768.86685836,805343.952360239,0.153671766161108,17770,416.842376524458,1859.48736637308,-0.243294468334107,994107.523269336,3.23181224531174,0.197097118902386,High,100,Cut operational inefficiencies
Healthcare,Startup,Profit Maximization,538804,434438.974701783,352942.128040168,787381.102741951,-248577.102741951,626536.094101056,258097.333505607,0.380562200925859,24131,429.31291255743,1432.46211502249,-0.461349772351265,248577.102741951,2.52048996947022,0.479018963306893,High,32.6052668580369,Improve margins
E-commerce,Growth,Growth,43042415,18877505.5267174,21134167.8213669,40011673.3480843,3030741.65191566,14164912.391907,26750425.4309187,0.330359852866784,19036,496.06992443527,1534.92642950586,0.0704129090320713,0,32.4440702102856,0.62148988226889,Low,100,Invest in expansion
SaaS,Mature,Cost Optimization,440893964,182367268.936528,239858753.768424,422226022.704952,18667941.2950479,572178645.13082,260632124.784977,0.0882598203482425,22646,328.122863750918,597.325057632608,0.0423411133273032,0,14.7158161581522,0.591144687988917,Low,100,Cut operational inefficiencies
Manufacturing,Startup,Survival,4782428,2864564.49864908,2619122.59428178,5483687.09293087,-701259.092930867,6653072.711952,110075.489099961,-0.0999953520122076,73298,281.98396216147,881.24839924861,-0.146632441289418,701259.092930867,9.48732469784586,0.0230166536955624,Medium,100,Reduce costs and extend runway
SaaS,Mature,Growth,58638307,15474901.0724757,25484606.2509,40959507.3233758,17678799.6766243,66885297.6607401,16876736.2514843,0.323499299878634,33849,433.538973449731,1463.2630974207,0.301488917076413,0,20.062932977479,0.287810769357381,Low,100,Invest in expansion
Manufacturing,Mature,Survival,336383000,111897727.682344,236228836.668655,348126564.350998,-11743564.3509984,427090727.062822,24638232.1652675,-0.0719315097950921,26744,414.998831454271,735.034821115405,-0.0349112896638606,11743564.3509984,36.3680663125512,0.0732445818167609,Medium,100,Reduce costs and extend runway
Manufacturing,Startup,Profit Maximization,3583476,1750292.7561298,2613155.45734213,4363448.21347193,-779972.21347193,4169123.61108729,1272847.86789552,0.289941792867257,10102,54.5918842783603,136.884792907315,-0.2176579983993,779972.21347193,5.34522068745123,0.355199216597381,High,100,Improve margins
Healthcare,Startup,Profit Maximization,2892836,1431379.88791277,1741936.04627739,3173315.93419015,-280479.934190154,3721763.12707387,1994822.7704116,0.208100929278648,61591,376.581429504067,1004.21503620078,-0.0969567352556986,280479.934190154,13.2692669720561,0.689573404925687,High,100,Improve margins
Manufacturing,Growth,Survival,6388085,3568192.05578186,5001353.97536464,8569546.0311465,-2181461.0311465,5140912.03130674,1680631.73900779,0.231418800145365,24119,189.21509021134,655.906978987939,-0.3414890426703,2181461.0311465,2.35663711517453,0.263088506024542,High,100,Reduce costs and extend runway
Manufacturing,Growth,Growth,47191593,20352069.5583369,18251822.1872744,38603891.7456112,8587701.25438879,8062927.97776048,20895869.3289404,0.0474630669226563,14103,96.7167109051212,435.325296482191,0.18197523559734,0,24.5446352762595,0.442787962867462,Low,100,Invest in expansion
Healthcare,Mature,Growth,198889045,88607042.2249559,81308098.0572521,169915140.282208,28973904.7177921,28626411.1548978,50168552.3875201,0.0337227071977058,43193,404.468928898889,1492.73940115383,0.145678736190785,0,20.113017983929,0.252243920159203,Low,100,Invest in expansion
SaaS,Mature,Growth,457293350,239842552.36635,206797467.095188,446640019.461539,10653330.5384614,655595230.201874,335385345.972539,-0.0592427024774918,13950,143.058364860923,604.880696251652,0.023296491275155,0,31.3091206114208,0.733414002133508,Low,100,Invest in expansion
E-commerce,Mature,Growth,339827698,73454537.4770084,164528491.108811,237983028.585819,101844669.414181,92847493.7412068,121176001.262961,0.309169167817235,80171,470.703401832908,2335.5629932614,0.299695021958395,0,22.4010866384381,0.356580708329906,Low,100,Invest in expansion
E-commerce,Mature,Survival,234314259,84692183.0088567,168524749.73969,253216932.748546,-18902673.7485462,213932389.270376,129703518.303615,0.345049212093835,30127,490.099907102581,1613.54347011818,-0.0806723151600695,18902673.7485462,11.3175729590545,0.553545135738474,High,100,Reduce costs and extend runway
E-commerce,Mature,Cost Optimization,397072281,112481606.601883,186668014.765068,299149621.36695,97922659.6330499,494566312.438368,313151882.167703,0.0281708641736289,42041,145.9491570815,238.315235841964,0.246611673286381,0,23.7248548793254,0.788652084650813,Low,100,Cut operational inefficiencies
Healthcare,Mature,Survival,355061443,156194949.192567,209254095.844305,365449045.036872,-10387602.0368717,246060811.272889,45766822.5666111,0.0287244939212954,18988,97.7650937696263,473.053123839401,-0.0292557872493964,10387602.0368717,23.6879320558754,0.128898317372667,Medium,100,Reduce costs and extend runway
SaaS,Mature,Survival,274719501,107912971.878614,138489747.955464,246402719.834078,28316781.1659221,170031672.378749,58134210.8609267,-0.066756598492564,45132,450.503273612326,1519.94909618042,0.103075249710511,0,18.6549805504422,0.211612974868234,Low,100,Reduce costs and extend runway
SaaS,Startup,Survival,3805471,1493593.11725867,2068902.48875143,3562495.6060101,242975.393989901,5430129.41544598,760028.950511225,0.370768123019246,62491,79.8693138879838,172.373953473003,0.0638489674444769,0,20.6069785321247,0.199720074206642,Low,100,Reduce costs and extend runway
SaaS,Growth,Growth,49118258,30586162.1016558,23054590.9724513,53640753.0741072,-4522495.07410716,7045692.16756864,10664190.0992244,0.265625828718351,38922,112.532166833996,346.61099786983,-0.0920736047704942,4522495.07410716,1.55792146859543,0.217112547013056,High,100,Stabilize finances
SaaS,Mature,Cost Optimization,202961060,70945410.6497434,117925491.419087,188870902.06883,14090157.9311697,289623769.140555,87390197.3127082,-0.0833069086843594,80673,76.3829151901628,154.589187533764,0.069422961878351,0,29.8991448820494,0.430576177088887,Low,100,Cut operational inefficiencies
E-commerce,Mature,Survival,234607319,42646742.6193223,77943506.5236357,120590249.142958,114017069.857042,204692003.356844,75590958.374313,-0.00498109273991962,66207,270.047696305443,698.047910002709,0.485991103530074,0,15.8802563139779,0.322202046792551,Low,100,Reduce costs and extend runway
E-commerce,Growth,Cost Optimization,30669617,12538413.292625,13659608.8863719,26198022.1789969,4471594.82100314,41942819.0091447,8665702.75563979,0.00538346632092204,99003,129.597323071753,309.494026743842,0.145798847797908,0,14.4154654634871,0.28255008061039,Low,100,Cut operational inefficiencies
E-commerce,Growth,Cost Optimization,12120473,5579417.82335361,6835923.95133086,12415341.7746845,-294868.774684466,10412382.0443829,2914992.24302017,0.233629822991175,17023,244.301781132964,1017.41876062294,-0.0243281573816852,294868.774684466,35.3119181762295,0.240501525230919,Medium,100,Cut operational inefficiencies
Fintech,Mature,Growth,188595793,88216264.7163177,110397710.651306,198613975.367624,-10018182.3676239,22550985.2332369,66210210.093208,0.310324090024691,4839,417.166245959889,985.959459078086,-0.0531198613090159,10018182.3676239,2.25100566207657,0.351069390467305,High,100,Stabilize finances
E-commerce,Growth,Cost Optimization,16240640,11214330.9592857,11521103.493419,22735434.4527047,-6494794.4527047,17409493.5112809,6385223.85775764,0.0772447753912649,23914,272.719545952656,1358.52936105528,-0.399910006791894,6494794.4527047,2.68053032902849,0.393163314854442,High,100,Cut operational inefficiencies
E-commerce,Mature,Profit Maximization,250323501,75722739.2203233,135633282.97725,211356022.197573,38967478.8024269,233484650.14191,151273110.499822,-0.0307974985664863,52390,327.582433074165,963.101142600118,0.155668479574465,0,34.1240282392106,0.60431046184442,Low,100,Improve margins
Fintech,Growth,Profit Maximization,29190192,18577132.3663577,17405077.1525647,35982209.5189223,-6792017.51892234,39865465.3184124,789808.172430908,0.123750348808726,74065,101.587164348541,314.650923353354,-0.232681495172157,6792017.51892234,5.86945855297759,0.0270573133753594,High,100,Improve margins
SaaS,Growth,Survival,15174495,6686386.27080733,14402874.2011247,21089260.4719321,-5914765.47193205,16767235.5884615,7053302.37749455,0.150269838566063,95469,257.909802782109,556.758355243956,-0.389783348436442,5914765.47193205,2.83480987843539,0.464812988998616,High,100,Reduce costs and extend runway
Healthcare,Mature,Survival,88637845,24481113.3752093,47450173.7275479,71931287.1027573,16706557.8972428,73051106.4808765,3508512.18362975,0.340767649005841,79496,336.483103300272,670.833986374489,0.188481092892576,0,27.5919159232687,0.0395825528433115,Low,100,Reduce costs and extend runway
Healthcare,Startup,Cost Optimization,4176074,3000768.93798471,4210810.18708537,7211579.12507008,-3035505.12507008,6197207.14902168,2543895.30283912,-0.0597424951003448,6586,366.918479069156,1010.08525398889,-0.726880109181515,3035505.12507008,2.04157360758157,0.60915953664593,High,0,Cut operational inefficiencies
Manufacturing,Growth,Cost Optimization,7626961,3124562.21788071,3714255.15940567,6838817.37728638,788143.622713623,4500976.2403239,1959451.94934462,0.0234844239851061,44391,343.449885748428,1549.38011330031,0.10333652194021,0,15.3664358792503,0.256911232317121,Low,100,Cut operational inefficiencies
Healthcare,Mature,Survival,112686128,19049789.5768141,43042174.7062843,62091964.2830984,50594163.7169017,156830721.170317,73055299.6962998,0.247077686562779,75145,152.356149712814,366.847705414717,0.44898307018679,0,21.2805958713309,0.648307835160507,Low,100,Reduce costs and extend runway
Manufacturing,Growth,Survival,30240816,8147429.17663259,17353364.837017,25500794.0136496,4740021.98635042,6389535.06963269,18387558.165424,0.122401495518317,66051,190.099792234817,502.574417288503,0.156742529247571,0,13.7747685568728,0.608037764768782,Low,100,Reduce costs and extend runway
Manufacturing,Startup,Survival,2527391,1828648.99924717,1879147.10751614,3707796.10676331,-1180405.10676331,1247550.7911133,1992920.50634217,-0.0679168909444576,98430,153.532679496667,455.723773679186,-0.467044911833314,1180405.10676331,1.05688359357755,0.788528765965444,High,0,Reduce costs and extend runway
E-commerce,Mature,Survival,142073076,49556074.8695411,99590666.8117166,149146741.681258,-7073665.68125767,52790419.1838457,112097901.411219,-0.0924886628810627,52583,328.253142775974,641.258945135397,-0.0497889246887121,7073665.68125767,7.46295083236953,0.789015797836452,High,100,Reduce costs and extend runway
Fintech,Growth,Cost Optimization,36958446,23254244.3166532,16972291.5696494,40226535.8863026,-3268089.88630261,20968896.6785771,9691570.98933364,0.100327500886516,72295,383.787412230774,1063.62078342557,-0.0884260633226463,3268089.88630261,6.41625457318754,0.262228855329405,Medium,100,Cut operational inefficiencies
SaaS,Startup,Survival,380348,161239.530573417,294149.197822255,455388.728395671,-75040.7283956712,309813.935927984,153680.000148235,-0.0314944856557858,95761,475.842625526146,2334.19277999424,-0.197294920429899,75040.7283956712,4.12861045663646,0.404051027343997,High,100,Reduce costs and extend runway
Healthcare,Growth,Cost Optimization,39016790,18144945.8021089,29407148.8718304,47552094.6739393,-8535304.67393932,42412730.7840761,30608241.0487772,-0.0803203046506206,7588,353.14444885201,614.82497336504,-0.218759787105483,8535304.67393932,4.96909394618028,0.784488961003127,High,100,Cut operational inefficiencies
E-commerce,Mature,Profit Maximization,309181979,150111525.904779,121359935.635579,271471461.540358,37710517.4596419,419738501.0292,110796478.020423,-0.0757370242116535,74855,345.220641269962,1140.6573267307,0.121968678710223,0,18.5453816790342,0.358353609025909,Low,100,Improve margins
Fintech,Mature,Profit Maximization,229242918,106631251.986604,104615294.049426,211246546.03603,17996371.9639705,52689493.3089094,166753262.396767,0.143487125800841,2666,471.735296994135,885.694900549949,0.0785035024025062,0,14.3822435834207,0.727408566648793,Low,100,Improve margins
Manufacturing,Mature,Cost Optimization,430552653,247828602.991016,181569111.418802,429397714.409818,1154938.59018236,426107722.891973,36469194.8740716,0.347647407078169,31271,155.972478076033,326.471148467609,0.00268245609946889,0,13.6441633341841,0.0847032171790418,Low,100,Cut operational inefficiencies
SaaS,Growth,Growth,20617257,7280345.86665914,11593264.9868263,18873610.8534855,1743646.14651455,10853402.0450068,11018870.3548298,0.377056779370269,69599,345.206560816178,1634.15337991887,0.0845721691549244,0,15.86663772446,0.534448901462975,Low,100,Invest in expansion
SaaS,Mature,Cost Optimization,208914547,96771800.4285753,129470848.261631,226242648.690206,-17328101.6902059,88505565.5888466,29699428.1786289,0.397590662914163,76720,233.896908854831,1027.3387734765,-0.0829434902405619,17328101.6902059,5.10763193632868,0.142160651831626,High,100,Cut operational inefficiencies
E-commerce,Startup,Cost Optimization,2644372,1870012.99084146,2285102.65536347,4155115.64620493,-1510743.64620493,431618.831123563,162940.885492626,0.294374739500636,88433,161.065285319316,793.894375377867,-0.571305264994837,1510743.64620493,0.285699583915387,0.0616179892589341,High,100,Cut operational inefficiencies
E-commerce,Mature,Growth,144208456,66124796.9611606,86382761.822972,152507558.784133,-8299102.78413251,212937174.116962,34183408.3490354,0.0201528747579695,73955,460.597465710113,1355.85509328404,-0.0575493491458816,8299102.78413251,25.6578547893258,0.237041636095427,Medium,100,Stabilize finances
Fintech,Mature,Growth,146703883,30779956.5907335,66843813.1995993,97623769.7903328,49080113.2096672,202009818.390174,103655706.080509,0.385399074636336,21391,339.211660304848,904.307062824901,0.334552243648978,0,12.2512457595961,0.70656416149877,Low,100,Invest in expansion
SaaS,Growth,Profit Maximization,15609596,7393470.20707476,5423236.07248148,12816706.2795562,2792889.72044376,12985623.3224951,8935802.33568154,-0.0448777566597167,90708,352.615977312128,1560.47253354816,0.178921332777848,0,16.4214991265276,0.572455708378458,Low,100,Improve margins
Manufacturing,Mature,Growth,67496266,19031880.0360998,18851685.287691,37883565.3237907,29612700.6762093,13452863.8622176,32147541.6571947,0.0100062993256927,33070,410.952401223305,1744.21820179911,0.438730946630578,0,12.5181578674242,0.476286223851179,Low,100,Invest in expansion
Manufacturing,Startup,Growth,4782193,2427160.79827637,2086609.4771765,4513770.27545287,268422.724547133,5158590.11727401,998109.884535617,0.264583351405292,82195,256.705341376435,1003.77915161578,0.0561296301816202,0,22.6699416723616,0.208713844158029,Low,100,Invest in expansion
Manufacturing,Mature,Cost Optimization,91162064,56956911.1575387,38033290.6891252,94990201.8466639,-3828137.84666392,126443406.70428,56731426.9336164,0.30618440143689,59250,359.336899858484,1105.65778180668,-0.0419926631615528,3828137.84666392,33.0300035602089,0.622313980666523,High,100,Cut operational inefficiencies
Manufacturing,Startup,Profit Maximization,4438514,3800548.26634783,3117087.32180088,6917635.58814871,-2479121.58814871,4459664.95056477,2002328.07539882,0.0868846274063509,39366,481.359956740189,1500.13328560103,-0.558547655397439,2479121.58814871,1.79888915972654,0.451125776644801,High,0,Improve margins
Manufacturing,Mature,Survival,423589686,127540333.184808,101641295.32622,229181628.511028,194408057.488972,515015606.698858,262431967.872492,-0.0890086466327958,7690,74.4207668295966,255.11840934564,0.458953709012103,0,29.2427598301325,0.619542865527873,Low,100,Reduce costs and extend runway
Healthcare,Mature,Cost Optimization,314367833,85690664.4063159,167184022.713366,252874687.119682,61493145.8803178,415039733.931063,90009316.4702672,0.213022235232858,97584,142.774180084043,709.851421448036,0.195608899592211,0,30.0740734665919,0.286318468436518,Low,100,Cut operational inefficiencies
SaaS,Startup,Cost Optimization,4890354,3087581.50072748,2178946.88399309,5266528.38472058,-376174.384720577,4584046.82367488,2951249.58172717,0.25690432483839,7071,199.39252754448,692.451456091031,-0.0769217084735741,376174.384720577,12.1859621757072,0.603483834038839,High,100,Cut operational inefficiencies
Fintech,Mature,Profit Maximization,159929646,64322192.201295,52389416.9045274,116711609.105822,43218036.8941777,180909404.921728,101474001.201195,0.0103455164195277,17851,291.683397156497,1079.88964140419,0.270231554781142,0,35.8717013509946,0.634491501351754,Low,100,Improve margins
E-commerce,Mature,Survival,482636724,250302802.852066,267067275.735128,517370078.587194,-34733354.587194,589415986.478616,157220978.406884,0.0598347356172949,76653,372.262179971438,1120.97029388759,-0.071965834467238,34733354.587194,16.9697397065105,0.325754279748683,Medium,100,Reduce costs and extend runway
SaaS,Startup,Profit Maximization,2193448,1645683.05745592,1611342.49145332,3257025.54890924,-1063577.54890924,1919328.97054359,1199083.70002682,0.161877172237198,25258,461.77507839927,2118.24393078317,-0.484888426308368,1063577.54890924,1.80459710954972,0.546666116555678,High,0,Improve margins
Fintech,Growth,Profit Maximization,14087343,6953915.38143458,4793765.52559447,11747680.9070291,2339662.09297095,7060073.17940967,2602878.58511184,0.317437253134496,78771,252.400073704566,1192.53631178305,0.166082567377748,0,25.4401047378542,0.184767176117728,Low,100,Improve margins
E-commerce,Mature,Survival,228199946,81850831.5380486,153007031.790845,234857863.328893,-6657917.3288931,80665781.4235068,104373014.275331,0.0718292898313675,88466,335.77298159112,782.411563125524,-0.0291758058912647,6657917.3288931,12.1157679554603,0.457375280340034,Medium,100,Reduce costs and extend runway
Manufacturing,Growth,Cost Optimization,7376238,5387059.01125816,3606856.87301726,8993915.88427542,-1617677.88427542,9025101.21145396,4892814.47016509,0.375702757855079,47160,87.4718965886333,325.395822794345,-0.219309339567869,1617677.88427542,5.57904716333341,0.663321122524123,High,100,Cut operational inefficiencies
Manufacturing,Growth,Growth,29151501,18566964.1373343,17397060.0166431,35964024.1539775,-6812523.15397745,43610914.1463635,6049085.09303686,0.267728625837711,55367,423.90635155771,2064.49556406678,-0.233693735152006,6812523.15397745,6.40158031916582,0.207505098726712,Medium,100,Stabilize finances
Healthcare,Mature,Growth,459978189,100939667.450109,132965764.145662,233905431.595771,226072757.404229,515376669.885321,359686483.32578,0.291711150786053,57790,487.820665626666,741.349102073831,0.49148582000315,0,35.6559845525882,0.781964214667969,Low,100,Invest in expansion
Manufacturing,Growth,Survival,38664727,14352150.75261,28038912.8012389,42391063.553849,-3726336.55384895,24790265.8636703,2645956.168321,0.219005403463901,75696,56.19411200093,191.676962593729,-0.0963756075104048,3726336.55384895,6.65271789207132,0.0684333337804507,Medium,100,Reduce costs and extend runway
Healthcare,Mature,Growth,322830928,99565999.1437027,78912922.9035876,178478922.04729,144352005.95271,299425360.792862,232982293.986115,0.244176599770114,89546,417.888997342027,1182.49446276269,0.447144289572868,0,15.2105104165629,0.72168517257465,Low,100,Invest in expansion
SaaS,Growth,Profit Maximization,36776418,22878009.8996219,19457810.761022,42335820.6606439,-5559402.66064391,44165150.1656622,5620765.34810904,0.225081766258822,8773,290.398594085084,726.035184847067,-0.151167594969252,5559402.66064391,7.94422582093502,0.152836128524236,Medium,100,Improve margins
E-commerce,Startup,Profit Maximization,3771436,2125966.95591495,1887079.62334511,4013046.57926007,-241610.579260065,1590852.38012519,877088.959859034,0.360025753441744,38280,195.286974876254,353.184550605014,-0.0640632849821831,241610.579260065,6.58436557288671,0.232561008554575,Medium,100,Improve margins
Healthcare,Startup,Cost Optimization,3948311,2880462.55307269,2023002.79858789,4903465.35166058,-955154.351660576,747520.462163687,2443946.82240048,0.0548166618541966,97343,118.058112518166,236.820204106528,-0.241914669756404,955154.351660576,0.782617449068929,0.618985389550234,High,100,Cut operational inefficiencies
SaaS,Mature,Profit Maximization,98772103,43232432.673873,37846833.4321237,81079266.1059967,17692836.8940033,90223738.3827852,22649379.8024994,0.26705765053221,62393,55.7272767604642,259.452526359932,0.179127874740131,0,25.0954468397835,0.229309482278609,Low,100,Improve margins
SaaS,Growth,Growth,37899444,13867797.3092256,21155859.7499035,35023657.0591291,2875786.94087089,49500059.4822019,27373711.1113955,0.345786640519372,74189,418.564409376368,1466.93752048646,0.0758793965650496,0,12.6775452707776,0.722272102762127,Low,100,Invest in expansion
Fintech,Mature,Growth,480860481,167469976.055393,188702947.617785,356172923.673178,124687557.326822,203648583.567379,249823243.590181,0.0214147720966703,75924,265.423954816032,563.186846955805,0.259300903803784,0,33.0289854333034,0.519533738914554,Low,100,Invest in expansion
Manufacturing,Growth,Cost Optimization,30180383,7563990.99089839,17203092.4963285,24767083.4872269,5413299.51277309,6984058.23299493,3560575.4693757,-0.0605722188110152,67278,460.147238573794,2199.85781602399,0.179364838172302,0,35.0366600778161,0.11797648390929,Low,100,Cut operational inefficiencies
SaaS,Growth,Profit Maximization,11049412,4677220.82225694,4117408.67913649,8794629.50139343,2254782.49860657,14342365.6954907,6936506.43711069,0.317287932497477,86090,216.063390372169,830.611529523075,0.204063573573559,0,34.5199146858365,0.627771544504874,Low,100,Improve margins
Healthcare,Startup,Profit Maximization,3664222,2078981.03375243,2683255.36841339,4762236.40216582,-1098014.40216582,4341126.95489366,1299760.12276123,-0.0864193492731733,90685,148.886112482647,405.394018486812,-0.299658263654827,1098014.40216582,3.95361567783706,0.354716532666753,High,100,Improve margins
Fintech,Startup,Survival,3652213,2252768.68343807,3160367.70011892,5413136.38355699,-1760923.38355699,1329153.3669689,650972.01530419,0.30133561015794,81310,136.443940340609,331.73711756486,-0.482152432937781,1760923.38355699,0.754804768555044,0.178240429926784,High,100,Reduce costs and extend runway
SaaS,Growth,Profit Maximization,10238905,4311449.4681942,6009604.38712673,10321053.8553209,-82148.8553209323,9118973.98637558,1980900.4312114,-0.0605483637077089,1176,439.751920201381,751.57315550739,-0.0080232071028037,82148.8553209323,111.005490590835,0.193467995963572,Medium,100,Improve margins
E-commerce,Growth,Cost Optimization,38713702,24261536.3999207,19393943.9526082,43655480.3525289,-4941778.35252891,19159204.944637,27410965.799027,0.0996195848345896,62013,206.657386067571,759.844019846958,-0.12764933595162,4941778.35252891,3.87698589007588,0.708043002423973,High,100,Cut operational inefficiencies
SaaS,Growth,Profit Maximization,9482459,3522700.35664249,5377725.37753255,8900425.73417504,582033.265824964,1939648.42375879,1155040.35289643,-0.0775708319073071,67011,402.20724225041,1023.6976838328,0.061379992871571,0,27.3931274635241,0.121808104089501,Low,100,Improve margins
Healthcare,Growth,Survival,21430431,11355017.732508,7840212.9656282,19195230.6981362,2235200.30186377,7506797.15270162,8764430.23913037,0.0198260665080474,40354,244.756815893087,847.445457606701,0.104300296240601,0,33.905329998991,0.408971253967331,Low,100,Reduce costs and extend runway
Fintech,Startup,Cost Optimization,607607,337110.958332339,397409.600529359,734520.558861698,-126913.558861698,192524.385182178,297737.071681345,0.399623045942013,34926,245.721155163534,911.686147663232,-0.208874418599026,126913.558861698,1.51697255130934,0.490015868285495,High,100,Cut operational inefficiencies
E-commerce,Startup,Cost Optimization,2959319,1796515.48541844,2759113.02252309,4555628.50794153,-1596309.50794153,790625.055412898,734271.467804753,0.117147991058601,42049,315.388784539448,1224.98241915655,-0.539417855236807,1596309.50794153,0.495283058504376,0.248121769841221,High,100,Cut operational inefficiencies
Fintech,Startup,Profit Maximization,2355888,1292765.14526128,1294523.4663378,2587288.61159909,-231400.611599085,3187997.13949062,1291665.12981051,0.10674564574684,59151,140.728954464768,237.648085593034,-0.0982222463882347,231400.611599085,13.7769607325585,0.548271025537085,High,100,Improve margins
Fintech,Startup,Growth,2038734,1718571.77992265,1513105.50886046,3231677.28878311,-1192943.28878311,2943747.09557394,92994.8844696733,-0.0805052900908858,62069,443.560782374304,743.130470470644,-0.585139252488608,1192943.28878311,2.46763372848745,0.045614035214831,High,100,Stabilize finances
Manufacturing,Growth,Profit Maximization,36407752,17163601.8425082,27467246.2463668,44630848.088875,-8223096.08887502,14806797.9303695,26974731.7704895,0.185854825979232,61414,50.1498355482986,95.2776519096004,-0.225861132235657,8223096.08887502,1.8006354018411,0.740906271018587,High,98.9160832317475,Improve margins
E-commerce,Startup,Cost Optimization,4826678,1819632.32582436,3104429.09623911,4924061.42206347,-97383.4220634652,3385634.57234462,2760231.18149021,-0.0336556940870771,55978,445.907843372057,1362.84426034598,-0.0201760759809263,97383.4220634652,34.7660258861943,0.571869758349367,High,100,Cut operational inefficiencies
Healthcare,Mature,Cost Optimization,347609653,221270189.1181,156619004.087974,377889193.206074,-30279540.2060741,227331295.988212,171282869.030466,0.345407573680793,94931,133.591575292795,353.846889720133,-0.0871078807643875,30279540.2060741,7.50775257619694,0.492744857780074,Medium,100,Cut operational inefficiencies
E-commerce,Mature,Survival,476759578,263055263.43907,182098742.253555,445154005.692624,31605572.3073757,622905872.272592,77899065.3075444,0.259889063411235,35477,254.673397597392,1072.9389410947,0.0662924747940264,0,16.6329297910507,0.163392764198529,Low,100,Reduce costs and extend runway
E-commerce,Growth,Cost Optimization,23636031,9690750.61224805,7690660.58332198,17381411.19557,6254619.80442997,4013141.67169511,1677991.17037101,0.0194260176840999,69198,136.309800855467,545.844996248224,0.264622254236761,0,19.6576741168485,0.0709929332200913,Low,100,Cut operational inefficiencies
Healthcare,Growth,Survival,31349842,8207917.90088616,17340776.3226061,25548694.2234923,5801147.77650775,17175922.8814117,11875535.5290604,0.398948926377108,67877,142.834206760143,448.341674680228,0.185045518778301,0,30.7114037379933,0.378806870192852,Low,100,Reduce costs and extend runway
Fintech,Startup,Survival,4767959,2425084.13048069,4038022.20533797,6463106.33581866,-1695147.33581866,4968285.48701329,3746623.10726363,0.138111237769618,8626,319.213818732673,538.011198325908,-0.355528924602468,1695147.33581866,2.93088711643693,0.785791804682806,High,0,Reduce costs and extend runway
Healthcare,Startup,Cost Optimization,1547221,855299.670411549,1575726.36961397,2431026.04002552,-883805.040025516,1467065.90983426,357504.325317972,0.298496311989536,62199,398.936531734891,1331.21821367189,-0.57122094388941,883805.040025516,1.65994290979819,0.231062224024862,High,100,Cut operational inefficiencies
Manufacturing,Mature,Profit Maximization,492417179,117856602.329011,213961550.662457,331818152.991468,160599026.008532,514031449.223712,270331527.274365,0.226254996393377,56298,336.21935244707,1678.79973718774,0.326144238782806,0,22.9514432265277,0.548988822492655,Low,100,Improve margins
Fintech,Startup,Growth,4112650,1928930.55485364,3110980.60012152,5039911.15497516,-927261.154975158,6057448.87785753,2864977.38669741,0.0583365024786081,97777,451.630169500338,1516.41925429754,-0.225465613406236,927261.154975158,6.53262443418091,0.69662562744153,High,100,Stabilize finances
Manufacturing,Growth,Growth,46887658,20079332.3222973,16424537.8209934,36503870.1432907,10383787.8567093,43025373.9995177,5482680.89678274,0.0485746593444958,2578,226.741610549612,1126.33494580069,0.221461004870605,0,26.6963962080858,0.11693228304947,Low,100,Invest in expansion
Manufacturing,Mature,Cost Optimization,460990639,187252160.133232,270397448.411839,457649608.54507,3341030.45492989,287040832.062716,287356120.032091,0.144733328376327,30473,333.140070852347,1055.24118849031,0.00724750173274102,0,14.9971995177755,0.623344805125405,Low,100,Cut operational inefficiencies
E-commerce,Mature,Cost Optimization,260017617,79091811.2496754,152977217.620854,232069028.870529,27948588.1294709,131604387.226584,68916848.6295074,-0.0983533855680576,58665,291.763522401502,456.619006591847,0.107487286638239,0,34.8853633612824,0.265046843458716,Low,100,Cut operational inefficiencies
Fintech,Startup,Growth,1422351,754738.676759471,1688842.27541037,2443580.95216984,-1021229.95216984,829101.071504479,936912.523180493,0.214144497292661,15840,475.031715479694,995.095828958389,-0.71798729861324,1021229.95216984,0.811865211887745,0.658706974003247,High,0,Stabilize finances
Healthcare,Startup,Profit Maximization,2522685,1349915.50425433,1383035.83473333,2732951.33898766,-210266.338987664,2678899.39514851,515035.656177831,0.200278828030315,87195,259.976130260957,696.348168235741,-0.083350215737464,210266.338987664,12.7405052470413,0.204161699212478,Medium,100,Improve margins
Fintech,Growth,Growth,13437027,5603440.55015361,7817314.0295327,13420754.5796863,16272.4203136917,10077416.3643485,819318.888494189,0.176581639835695,99193,280.326813866496,801.409623670024,0.00121101344171532,0,22.9789929992051,0.0609747147560386,Low,100,Invest in expansion
Healthcare,Startup,Survival,3773078,2226343.34063189,2722300.34690095,4948643.68753284,-1175565.68753284,3860009.23465779,1406477.40994993,0.243089559219622,71593,234.787834409506,1062.2238184882,-0.311566759959069,1175565.68753284,3.28353343041067,0.372766587372412,High,100,Reduce costs and extend runway
Healthcare,Growth,Growth,7705610,3012223.78547051,2667973.92724874,5680197.71271926,2025412.28728075,7954516.95102414,3073158.30998698,0.133894885236271,23203,156.508261685527,549.879329027573,0.262849052480043,0,19.0839538871689,0.398820899317118,Low,100,Invest in expansion
Healthcare,Mature,Growth,337343259,108447594.21897,180502965.736613,288950559.955582,48392699.0444178,110782244.680781,107562137.725214,-0.0589868875722,5503,254.009092061388,1171.89320274994,0.143452396789757,0,28.7126704059953,0.318850710235221,Low,100,Invest in expansion
E-commerce,Startup,Survival,1341368,776323.470705394,528337.196444607,1304660.66715,36707.3328499999,807052.583724874,352792.831907701,-0.0541841239514754,38248,492.571942609899,1458.81011159225,0.0273655945646533,0,17.089040692631,0.263009727313982,Low,100,Reduce costs and extend runway
Fintech,Growth,Profit Maximization,39374333,18647601.6937753,17601397.0444484,36248998.7382238,3125334.26177625,57689709.938969,28253859.7143627,0.0457926867560976,10805,245.956948155117,372.345964564959,0.0793749131388777,0,23.8099817813014,0.717570497368494,Low,100,Improve margins
E-commerce,Startup,Cost Optimization,550470,375605.497321499,571158.407576452,946763.904897951,-396293.904897951,383413.017131479,364342.070696362,-0.0166055146231401,27941,158.73707663482,565.363150249767,-0.719919168888315,396293.904897951,0.967496629124818,0.661874526670593,High,0,Cut operational inefficiencies
Manufacturing,Startup,Profit Maximization,1028226,491904.200909915,519543.463045034,1011447.66395495,16778.3360450503,499186.027429833,14506.0717897423,0.176352883081439,75607,300.761425435216,1132.85183923028,0.0163177511996879,0,33.5659963297861,0.0141078632418771,Low,100,Improve margins
Manufacturing,Mature,Profit Maximization,232667040,84292218.1791954,103367324.761797,187659542.940992,45007497.0590078,42941637.6315262,112957000.74606,0.304163199460782,65094,182.719169492545,672.247034736657,0.193441654043511,0,16.5153388993517,0.485487762882358,Low,100,Improve margins
Healthcare,Startup,Growth,4968752,2673268.7932449,4468874.65576984,7142143.44901473,-2173391.44901473,5862790.79764961,2491911.33028069,-0.0909452813560222,3004,63.4148252842218,313.76599707674,-0.437411939459795,2173391.44901473,2.69753099484559,0.501516543848574,High,82.9939849707999,Stabilize finances
Healthcare,Growth,Growth,47180537,18701382.4195675,36665957.4124546,55367339.8320222,-8186802.83202216,61407609.8563161,9459206.45921441,0.0807268291919836,61256,274.283394220942,792.137289882704,-0.173520764124032,8186802.83202216,7.500804785004,0.200489588730506,Medium,100,Stabilize finances
Fintech,Startup,Growth,3227348,2138505.03050793,2123754.8783585,4262259.90886644,-1034911.90886644,1503065.94666314,838575.697562343,0.366022918119311,8752,155.631911545893,698.75401451192,-0.320669450231719,1034911.90886644,1.45236124329605,0.259834296630653,High,100,Stabilize finances
Fintech,Mature,Survival,342108682,82326463.0590033,154146700.44788,236473163.506883,105635518.493117,278900822.696373,106141569.212378,-0.0202113836066432,6875,408.96705311407,1114.15364925862,0.308777660583069,0,23.3639276816863,0.310256870979901,Low,100,Reduce costs and extend runway
Healthcare,Mature,Growth,433252794,82767226.9976776,174836452.795135,257603679.792813,175649114.207187,49317793.4538088,106059039.238431,0.0961779802407799,8274,74.5592413773543,133.85989061582,0.405419460969909,0,16.8757557165598,0.244797127005789,Low,100,Invest in expansion
SaaS,Startup,Profit Maximization,3810468,3705510.04464227,2613291.28661695,6318801.33125922,-2508333.33125922,4201380.43855452,2236421.78725834,0.366781155801367,30193,497.55450569386,2093.30346087755,-0.658274346158849,2508333.33125922,1.67496894698815,0.586915252210053,High,0,Improve margins
E-commerce,Growth,Growth,33214538,18692541.3048415,19761339.3543952,38453880.6592367,-5239342.65923672,36103488.4897818,2189017.12250076,0.0778242164158484,41065,130.733258405948,292.652452081894,-0.157742451791343,5239342.65923672,6.89084315303047,0.0659053912627285,Medium,100,Stabilize finances
E-commerce,Mature,Cost Optimization,371967572,116810202.079773,83228700.0409612,200038902.120734,171928669.879266,435700738.31122,217482527.650954,-0.0135697375056365,45141,161.262990447702,707.868848423413,0.462214135912004,0,19.4945380832562,0.584681418548373,Low,100,Cut operational inefficiencies
E-commerce,Mature,Cost Optimization,482987126,127138268.438476,128045543.031225,255183811.469701,227803314.530299,77487807.7229527,309406879.90486,0.314702177477753,66703,385.106326891039,942.305870758239,0.471655044756408,0,27.0871491736534,0.640611029257247,Low,100,Cut operational inefficiencies
Healthcare,Startup,Survival,3659330,1330710.11540627,2677828.80259125,4008538.91799752,-349208.917997515,1034299.76621967,182154.700704529,-0.0561788105851299,2453,194.389270260786,772.301349210081,-0.0954297420559269,349208.917997515,2.96183663392876,0.0497781563030742,High,100,Reduce costs and extend runway
Manufacturing,Growth,Profit Maximization,42332378,12228396.0638108,20138138.9007306,32366534.9645414,9965843.03545858,9328775.79488759,9266774.03996456,-0.0537992837346475,34823,148.211974630207,674.376671469864,0.235418927693091,0,33.6512128427281,0.21890511418859,Low,100,Improve margins
Fintech,Startup,Growth,4479222,3262667.22591416,4478204.8174883,7740872.04340246,-3261650.04340246,4154328.6950644,3172765.34810982,0.101079498636824,50952,477.575753343392,1166.25801499669,-0.728173339790361,3261650.04340246,1.27368927989918,0.708329559934699,High,0,Stabilize finances
SaaS,Mature,Cost Optimization,157921386,57814903.8345519,96703589.4194551,154518493.254007,3402892.74599305,174063693.324993,102598939.483446,0.0792894360534559,37389,307.685349072397,765.062406560059,0.0215480172267045,0,35.7910993656096,0.649683631091272,Low,100,Cut operational inefficiencies
Manufacturing,Mature,Survival,207285571,76532175.0076332,74185320.4829519,150717495.490585,56568075.509415,87885751.1512097,127612330.021352,-0.0322993661391365,33258,478.762063503773,1730.07065538706,0.272899243476117,0,26.538524078937,0.615635373970876,Low,100,Reduce costs and extend runway
SaaS,Mature,Growth,460379376,249858099.534312,193812712.368595,443670811.902907,16708564.0970931,313067448.705415,184935535.527883,0.161041904581138,11901,86.2958994527915,142.383365619774,0.0362930334591989,0,18.7396552855442,0.4017024766285,Low,100,Invest in expansion
E-commerce,Mature,Profit Maximization,128474822,41553251.6097861,43743893.4067701,85297145.0165562,43177676.9834438,137989882.279986,33085942.4408469,0.307572298712892,5194,321.981274269892,673.013756804856,0.336078900996211,0,22.1162527564601,0.257528610865458,Low,100,Improve margins
Fintech,Growth,Growth,37683836,12439253.6562382,16313722.6702856,28752976.3265238,8930859.67347624,50720339.3772884,14094968.4533294,0.324856522290197,2117,202.806532762364,939.899992051445,0.236994441687843,0,22.2196115162808,0.374032209813495,Low,100,Invest in expansion
Manufacturing,Growth,Survival,45044435,20813940.8479128,16753645.1510052,37567585.998918,7476849.00108197,8152749.37855532,230402.359835502,-0.0207864252969103,77630,285.604419927999,474.956134827624,0.16598829580351,0,35.9322164171931,0.00511500166081564,Low,100,Reduce costs and extend runway
E-commerce,Startup,Growth,314326,209210.745326917,261320.369187957,470531.114514874,-156205.114514874,356445.512405932,241706.107807821,-0.0417266561424013,15155,390.693237659744,896.474111220529,-0.496952573172036,156205.114514874,2.28190679615674,0.768966320978288,High,0,Stabilize finances
E-commerce,Mature,Survival,96846861,18925333.7518753,33551340.4063754,52476674.1582507,44370186.8417493,117340163.769959,69414460.6261048,0.0414109057641885,98025,319.582179650858,749.739174212792,0.458147908807797,0,19.8637207181194,0.716744558464366,Low,100,Reduce costs and extend runway
E-commerce,Growth,Growth,9677953,3031309.41885514,6049771.45863439,9081080.87748954,596872.122510465,7729582.78698188,207602.140024738,-0.0250416859282752,15902,98.3621317859066,417.946364402317,0.0616733851167148,0,14.6999509875333,0.0214510382541368,Low,100,Invest in expansion
E-commerce,Startup,Growth,970376,509788.216045544,427634.349447862,937422.565493406,32953.4345065942,884481.031913493,183021.851045202,0.347340587166334,3313,77.3673403324099,191.371111118904,0.0339594492306015,0,35.9875848965725,0.188609210290858,Low,100,Invest in expansion
SaaS,Mature,Cost Optimization,267548136,66050586.91092,118081012.089003,184131598.999923,83416537.000077,220054743.68682,194823672.403615,-0.0782267110783123,55983,307.612952572419,919.477235050039,0.311781417158058,0,29.8579306585214,0.728181759425958,Low,100,Cut operational inefficiencies
Healthcare,Growth,Profit Maximization,17980936,13235856.0193835,11599709.8353834,24835565.854767,-6854629.85476697,6705059.79859017,10210382.2855944,-0.0624357791780908,1298,397.864354417573,1877.77239697043,-0.381216520361731,6854629.85476697,0.978179703449226,0.567844871123192,High,0,Improve margins
Healthcare,Startup,Growth,484571,296248.747752853,399177.802932806,695426.550685659,-210855.550685659,152249.349885002,181976.472382507,0.245458910970516,82406,271.996824558446,565.299871856551,-0.43513860855408,210855.550685659,0.722055214529177,0.375541401327167,High,100,Stabilize finances
Fintech,Startup,Growth,3320794,1844351.13393563,1999018.32383856,3843369.45777419,-522575.457774191,4820092.0614848,2107357.22813744,0.066451402322253,79026,286.200627239818,638.547548448055,-0.157364611527903,522575.457774191,9.22372451629293,0.634594385600987,High,100,Stabilize finances
Healthcare,Mature,Cost Optimization,326454902,157912260.763521,143777948.984635,301690209.748156,24764692.2518445,365273028.964743,106961964.814067,0.215844893613281,44890,341.636483667067,653.195536594444,0.0758594589945674,0,34.7136678005304,0.327646986333404,Low,100,Cut operational inefficiencies
SaaS,Startup,Survival,3886997,1446542.25764491,2238758.32259263,3685300.58023754,201696.419762465,1956727.30368417,1947743.43619021,-0.0343875241113548,897,256.286224306489,1221.29257165555,0.0518900374151214,0,31.9379173132933,0.501092086304725,Low,100,Reduce costs and extend runway
Manufacturing,Growth,Survival,47289693,24709847.9196684,27159897.554089,51869745.4737574,-4580052.47375737,26641428.6996626,17481471.2741902,-0.0609392846051279,78990,274.5473695034,805.336392332148,-0.0968509665257791,4580052.47375737,5.81683918520841,0.369667683699917,High,100,Reduce costs and extend runway
E-commerce,Growth,Growth,11446755,4832066.4822531,4668795.45386429,9500861.93611739,1945893.06388261,2277014.94367529,2606981.83788258,0.234181673642721,31872,424.016720223659,920.287699968912,0.169995170149323,0,20.004391785323,0.227748548639556,Low,100,Invest in expansion
SaaS,Startup,Growth,3850211,2172833.9864051,1909214.97594587,4082048.96235097,-231837.962350966,2118993.1370027,2478598.8505712,-0.0130770010884236,87257,345.609955933815,1540.71789569737,-0.0602143524993737,231837.962350966,9.13997481480139,0.643756628031866,High,100,Stabilize finances
E-commerce,Growth,Profit Maximization,46983950,20843894.1771804,15862060.9541117,36705955.1312921,10277994.8687079,46772659.4773937,9154222.98901469,0.0933911488700743,42806,334.859548792108,806.870433774516,0.218755444544528,0,16.5657572114112,0.194837236737539,Low,100,Improve margins
Manufacturing,Growth,Growth,39008282,13303286.2385508,20789577.5514569,34092863.7900077,4915418.20999233,37408280.3401361,29513304.8505597,0.237370863719044,26706,227.167440318052,758.603649330666,0.126009605088282,0,25.3122846104385,0.756590737591562,Low,100,Invest in expansion
Healthcare,Growth,Growth,18634986,7602017.425653,8160191.4464884,15762208.8721414,2872777.1278586,21663986.3494738,6406577.05796829,0.388840044102034,25645,222.966354080456,436.712543734003,0.154160412455292,0,32.8959474628502,0.34379296329862,Low,100,Invest in expansion
Manufacturing,Growth,Cost Optimization,44713156,35410224.2061046,24434810.7872966,59845034.9934012,-15131878.9934012,35588879.4436211,8381717.4655458,-0.00313560690170536,79451,114.718896291159,503.341328332352,-0.338421179515962,15131878.9934012,2.35191409203979,0.187455286438421,High,100,Cut operational inefficiencies
Healthcare,Mature,Profit Maximization,161245275,71309812.1175153,71430034.0973177,142739846.214833,18505428.7851669,100074091.421337,103963844.172446,0.166812293863309,41101,408.694688180305,1976.3401283062,0.114765711957556,0,13.4408715120566,0.644755910971323,Low,100,Improve margins
Manufacturing,Growth,Survival,30107330,15896411.3508081,18585554.8220186,34481966.1728267,-4374636.17282672,34587539.5500644,5662517.14520366,0.3391887098478,54454,136.46428191345,310.109938937298,-0.145301365907462,4374636.17282672,7.90638082428585,0.188077692216602,Medium,100,Reduce costs and extend runway
Fintech,Growth,Profit Maximization,25874994,13401763.3026904,10967578.4228,24369341.7254904,1505652.2745096,15860070.6740454,15620667.2810635,0.119721140647744,74141,326.756686265187,629.1835842481,0.0581894733776403,0,12.0592440716639,0.603697426212485,Low,100,Improve margins
Manufacturing,Growth,Cost Optimization,25591173,14271172.6283226,19726876.0620923,33998048.6904149,-8406875.69041486,25956570.7082434,3800078.1289671,0.311958513913745,75692,495.64674253709,2023.79817159583,-0.3285068523594,8406875.69041486,3.08754068266263,0.148491752565117,High,100,Cut operational inefficiencies
SaaS,Mature,Cost Optimization,131535678,37310835.8145014,57818046.5048389,95128882.3193402,36406795.6806598,155605592.345069,92444534.2746479,0.212009997057032,21543,182.844050395263,456.77807972906,0.276782666377861,0,31.0287596904593,0.702809577449001,Low,100,Cut operational inefficiencies
E-commerce,Startup,Growth,1634535,757528.922926169,1494115.88234738,2251644.80527354,-617109.805273544,171331.139016941,1199484.61125059,0.0524305953890429,6809,420.867232339951,1122.28976076361,-0.377544564829474,617109.805273544,0.277634770267498,0.73383843799649,High,0,Stabilize finances
Fintech,Startup,Growth,1424965,1179502.91500556,1319011.27325032,2498514.18825589,-1073549.18825589,1155572.54612743,956885.624045509,0.332881364948414,56300,464.110450575263,1716.30937005317,-0.753386355633918,1073549.18825589,1.07640391215311,0.67151517689593,High,0,Stabilize finances
E-commerce,Mature,Growth,392221165,122746225.87818,156687631.501465,279433857.379645,112787307.620355,219373574.778282,126993466.527936,0.31132317357315,3810,124.933419740238,378.929698148514,0.28756048292385,0,15.407812942326,0.323780249155949,Low,100,Invest in expansion
Healthcare,Mature,Profit Maximization,175563348,54428457.5652387,122180491.027917,176608948.593155,-1045600.59315538,74132289.1517835,127096406.034009,0.219948218041626,42774,392.697866995746,1604.49747323639,-0.00595568838864581,1045600.59315538,70.8992416770434,0.723934736275414,High,100,Improve margins
Fintech,Mature,Growth,76332840,23848594.1268132,18856413.9672368,42705008.0940501,33627831.9059499,97098761.5422397,41605568.8734739,0.202952872657769,85541,460.197071737328,1215.30241880231,0.440542129782541,0,15.7601312243404,0.545054643237091,Low,100,Invest in expansion
Manufacturing,Mature,Survival,139085421,42210720.7691626,34104830.7303703,76315551.4995329,62769869.5004671,71018756.5460372,72864700.9298581,-0.0799356054608721,99713,329.523843323978,1049.5540153648,0.451304450525171,0,35.77096817769,0.523884533734547,Low,100,Reduce costs and extend runway
Fintech,Mature,Growth,407301771,155657126.676721,234174202.730142,389831329.406863,17470441.593137,327587542.526894,125230378.137126,-0.0318883629170176,69234,51.6219079497292,218.66442569623,0.042893114729759,0,28.7825950880494,0.307463377410961,Low,100,Invest in expansion
SaaS,Mature,Cost Optimization,226694152,75245810.3086601,106215534.914003,181461345.222663,45232806.7773372,307882816.747203,44244075.6313192,0.0428844501099509,20739,210.253203597692,529.327115647787,0.199532305435639,0,19.8746054665565,0.195170785134851,Low,100,Cut operational inefficiencies
Manufacturing,Mature,Profit Maximization,116393534,46273657.0510134,58565393.4191532,104839050.470167,11554483.5298335,11937545.0220988,31710320.6484881,0.306596019989737,76687,298.024070663144,1458.33398875749,0.0992708368991829,0,35.5498704163774,0.272440569151273,Low,100,Improve margins
E-commerce,Growth,Growth,7052598,2745683.88363574,5766176.08616253,8511859.96979827,-1459261.96979827,6615101.82685968,1007977.9044065,-0.0271473737553981,28630,473.385711590332,2084.02555013813,-0.206911264444432,1459261.96979827,4.53318318696001,0.142922920660797,High,100,Stabilize finances
Healthcare,Growth,Growth,39616621,12965118.3961771,21225165.07355,34190283.4697272,5426337.53027285,52446006.1526002,3623359.7872202,0.200745067831522,44841,163.538213341387,808.198148244631,0.136971235640537,0,19.2933016312997,0.0914605964809618,Low,100,Invest in expansion
E-commerce,Startup,Profit Maximization,4888851,4729734.72015348,3407693.06905005,8137427.78920352,-3248576.78920352,2384537.04190359,1304031.36947192,-0.0368450366889725,62694,237.284447420163,1012.04039367225,-0.664486765745882,3248576.78920352,0.734025142895952,0.266735756412278,High,0,Improve margins
Healthcare,Growth,Cost Optimization,5210582,2694368.21381036,2983877.24454558,5678245.45835593,-467663.45835593,6767581.18661211,1285369.04099878,0.310835632184008,67845,476.586304495024,1315.20890945837,-0.0897526338431925,467663.45835593,14.4710497809761,0.246684351383161,Medium,100,Cut operational inefficiencies
Fintech,Growth,Growth,35080806,22280348.675528,24876445.7170917,47156794.3926197,-12075988.3926197,48692933.5856307,1302321.84069581,0.0713056852307367,47481,229.319460112701,397.213327011968,-0.344233493170587,12075988.3926197,4.03221102923464,0.0371234868633238,High,100,Stabilize finances
Fintech,Mature,Survival,474981519,232044375.554695,244509783.770975,476554159.32567,-1572640.32567024,537422059.153771,132654402.436315,0.372198847505071,13227,402.623351959955,882.181236997998,-0.00331095055862635,1572640.32567024,341.732340435012,0.279283292359665,Medium,100,Reduce costs and extend runway
Fintech,Startup,Cost Optimization,1099951,671031.601618934,676728.826080957,1347760.42769989,-247809.427699891,618369.092650917,577921.643337898,0.022389732330381,66119,275.604296191151,1015.34642620173,-0.225291333613853,247809.427699891,2.49534127248698,0.525406716606374,High,100,Cut operational inefficiencies
Manufacturing,Growth,Survival,7053622,3022519.99240328,4007767.68894989,7030287.68135316,23334.3186468361,5097826.60885859,5579717.03940687,-0.00342144836517264,75631,466.98888539005,1576.59527482279,0.00330813284959643,0,24.3585283100954,0.791042820186121,Low,100,Reduce costs and extend runway
Healthcare,Growth,Survival,36869963,15792898.1210773,32335712.1120834,48128610.2331607,-11258647.2331607,37397863.8410771,9827469.22659037,0.093357663636082,23075,324.275718375762,822.969780421266,-0.305360958272747,11258647.2331607,3.32170136132581,0.266544049056691,High,100,Reduce costs and extend runway
Fintech,Startup,Cost Optimization,4943890,1675152.48364589,3010837.67987723,4685990.16352313,257899.836476876,2347517.70193834,1116571.85265187,0.235256799309384,88711,146.204657141091,353.197050666198,0.0521653670443468,0,17.7394325400357,0.225848846283365,Low,100,Cut operational inefficiencies
Fintech,Mature,Cost Optimization,251415951,75299126.7783849,61658232.6820038,136957359.460389,114458591.539611,38112784.875399,50926772.9943963,0.359495692048307,53548,330.268515286189,665.465035697804,0.455255886050012,0,25.0497349479343,0.20255983278641,Low,100,Cut operational inefficiencies
E-commerce,Growth,Growth,19586433,11323518.369981,8737633.25077154,20061151.6207525,-474718.620752499,26732300.4141246,10330701.0322696,0.266277930358517,93332,451.081817016529,1438.71876214869,-0.0242371145758137,474718.620752499,56.3118850736253,0.527441675177384,High,100,Stabilize finances
SaaS,Startup,Cost Optimization,2821349,1818403.05638567,3077925.43401656,4896328.49040223,-2074979.49040223,3622934.61248611,1502114.60777113,0.190347909875099,72430,322.855387468075,710.941802835627,-0.735456510485667,2074979.49040223,1.7460098421425,0.532410066167331,High,0,Cut operational inefficiencies
E-commerce,Startup,Profit Maximization,2285211,952092.5663116,1345117.90375896,2297210.47007056,-11999.4700705563,975535.071227305,183788.644562981,-0.0448564657881675,49841,403.248278026499,928.985790390917,-0.00525092434377231,11999.4700705563,81.2981794605269,0.0804252406289753,Medium,100,Improve margins
Fintech,Growth,Profit Maximization,32212279,18593392.3564716,17382986.4934589,35976378.8499304,-3764099.8499304,46554492.8145549,10435381.1767726,-0.0873542955051835,92780,455.006085562432,1789.96175728727,-0.116852950700272,3764099.8499304,12.36802812641,0.323956624639089,Medium,100,Improve margins
SaaS,Startup,Survival,4064704,2680719.44986558,2537091.07957877,5217810.52944435,-1153106.52944435,4080687.53675585,602277.656343566,0.00306945910519849,23649,130.52769813373,496.037388675994,-0.283687700123883,1153106.52944435,3.53886430486368,0.148172574520449,High,100,Reduce costs and extend runway
Fintech,Growth,Cost Optimization,20796607,9427996.51848406,17621764.8086752,27049761.3271593,-6253154.32715929,22239407.8490554,16223046.0612192,0.205956945904346,35171,396.554993451395,778.674896598921,-0.300681468239473,6253154.32715929,3.55651031231759,0.780081388335086,High,0,Cut operational inefficiencies
Manufacturing,Mature,Survival,211566774,134147483.219309,96736897.3895961,230884380.608905,-19317606.608905,168078955.584903,41648889.9570605,0.191004640440957,51477,369.479797353423,785.209200483117,-0.0913073742330872,19317606.608905,8.70081677237504,0.196859313821463,Medium,100,Reduce costs and extend runway
Healthcare,Growth,Profit Maximization,41134880,20518178.7812229,21482900.2495662,42001079.0307891,-866199.030789137,44859389.2453612,29264265.4716361,0.044476782764018,55286,484.131901820886,764.529213890654,-0.0210575314863964,866199.030789137,51.7887779261225,0.71142216706688,High,100,Improve margins
E-commerce,Growth,Profit Maximization,27288698,11299516.7345192,8457489.56324524,19757006.2977644,7531691.70223561,37817560.22394,12255689.8824936,0.141041599443573,28533,479.02373263895,1134.0981659173,0.276000405084757,0,17.902238268758,0.449112298523498,Low,100,Improve margins
Fintech,Mature,Survival,301602771,128100731.900478,86614365.3514355,214715097.251913,86887673.7480869,331916402.504704,88641509.6113633,-0.0254069829682676,61595,407.285476719636,1481.06887839929,0.288086457097196,0,25.7989172532686,0.293901509317908,Low,100,Reduce costs and extend runway
Manufacturing,Startup,Growth,2788442,1336693.20800858,1516655.49828451,2853348.70629308,-64906.7062930814,497893.244741158,1353819.11160684,0.165081921950714,60352,474.071614130392,1722.26790325556,-0.0232770508739581,64906.7062930814,7.6709060307722,0.485510945397766,Medium,100,Stabilize finances
Fintech,Growth,Cost Optimization,33083349,17877202.6909434,16800950.8987824,34678153.5897258,-1594804.58972582,41478108.9785781,5947900.33238088,0.0680652402415728,5970,280.276935946031,1168.3004016296,-0.0482056574661115,1594804.58972582,26.0082703835892,0.179785315337358,Medium,100,Cut operational inefficiencies
Manufacturing,Growth,Growth,38632940,22871553.4245344,27438465.6039983,50310019.0285327,-11677079.0285327,32823650.7070151,26604224.992209,0.145263368512737,36429,409.657440621705,1286.84647412995,-0.302257064270352,11677079.0285327,2.81094703793742,0.68864096266577,High,76.4172346634582,Stabilize finances
Manufacturing,Startup,Growth,1037998,1085662.4619801,750722.423394126,1836384.88537422,-798386.885374223,1340757.02417229,262072.767863005,0.38201414541622,42220,353.478520190888,772.309492086094,-0.769160331112607,798386.885374223,1.67933247493644,0.25247906822846,High,0,Stabilize finances
Healthcare,Mature,Cost Optimization,392247551,125980896.509491,107600723.268102,233581619.777593,158665931.222407,235289489.362296,293742183.748281,0.321245432017662,20675,229.167177770449,440.26298835788,0.404504580890058,0,19.0499232390135,0.748869388730181,Low,100,Cut operational inefficiencies
Healthcare,Growth,Cost Optimization,18269142,7627598.97761364,15621652.0568514,23249251.034465,-4980109.03446502,8880196.32478522,2998100.38372988,0.299175086578032,96592,63.0894283650385,300.20506398776,-0.272596766419847,4980109.03446502,1.78313291201649,0.164107344708902,High,100,Cut operational inefficiencies
Manufacturing,Mature,Survival,345008776,105673568.024305,214355489.882691,320029057.906996,24979718.0930044,249145515.291633,138914547.637375,0.27883203899253,27120,226.04817426864,1107.53030675061,0.072403138211778,0,20.4273075262958,0.402640620473303,Low,100,Reduce costs and extend runway
Healthcare,Startup,Profit Maximization,309884,98464.8538242569,194822.468397648,293287.322221905,16596.6777780951,114790.731596562,207700.517234081,-0.0682990050300968,39778,54.5787511651704,214.750854417546,0.0535577112019179,0,26.8872741610411,0.67025247264809,Low,100,Improve margins
Healthcare,Startup,Growth,3909441,3288777.07167431,2764164.26577994,6052941.33745425,-2143500.33745425,1149540.23105715,1522584.74046808,0.0243578409894313,68982,487.534375715601,1055.83020740678,-0.54828819195743,2143500.33745425,0.536291136031455,0.389463542349937,High,0,Stabilize finances
E-commerce,Growth,Survival,26172292,17255059.4609349,18932008.3585598,36187067.8194947,-10014775.8194947,21769151.7506267,14098620.7053008,-0.0630348046209217,68819,230.481189795552,824.876652195271,-0.382648024081906,10014775.8194947,2.17370335022888,0.538684984307097,High,100,Reduce costs and extend runway
E-commerce,Mature,Profit Maximization,463210079,112213836.516054,161385872.984853,273599709.500907,189610369.499093,127320454.893686,150017859.812028,-0.0801693475128648,49323,230.330864801158,730.973142946917,0.409339904495241,0,25.0487126034034,0.32386570718818,Low,100,Improve margins
Manufacturing,Startup,Survival,377818,202605.682929966,310510.514368435,513116.197298401,-135298.197298401,476912.279939157,164922.431333862,0.0661348593732725,51007,382.272072362159,1893.97869001391,-0.358104159405854,135298.197298401,3.52489751868108,0.436512901274852,High,100,Reduce costs and extend runway
Fintech,Mature,Survival,63842280,15981040.0111829,18030818.8715033,34011858.8826861,29830421.1173139,88599501.2106783,14670661.5125058,-0.0225616981028954,67850,198.096543971496,579.301298482217,0.467251813646284,0,33.7506057501445,0.229795388142556,Low,100,Reduce costs and extend runway
Healthcare,Startup,Survival,4967286,2974408.57380404,3501264.04011666,6475672.6139207,-1508386.6139207,6759093.79789334,2192149.68733242,0.0276986870822226,51225,293.795601519512,1421.06194629068,-0.303664136496409,1508386.6139207,4.4810088710113,0.441317388878438,High,100,Reduce costs and extend runway
Manufacturing,Startup,Profit Maximization,3422089,2982075.49022292,1994626.17045975,4976701.66068268,-1554612.66068268,1741197.44760603,1726950.49633455,-0.0976891724829967,75385,442.591944345688,1829.10393559963,-0.454287618084356,1554612.66068268,1.12002011281795,0.504648037013223,High,0,Improve margins
E-commerce,Startup,Profit Maximization,1504475,1118344.78702323,1278240.72412468,2396585.51114791,-892110.511147911,719548.633232436,1128213.68181522,-0.093613144997972,67027,290.165673729448,894.853909937154,-0.592971309691361,892110.511147911,0.806568944363818,0.749905237252346,High,0,Improve margins
Healthcare,Mature,Profit Maximization,356025777,125233526.471069,98305688.3313298,223539214.802398,132486562.197602,334100986.249822,217512695.375507,0.37841301887464,96553,492.174496132135,1275.3098468172,0.372126319936665,0,16.4704123755095,0.610946480359782,Low,100,Improve margins
E-commerce,Startup,Growth,130796,104413.897675032,118701.239848021,223115.137523052,-92319.1375230521,66582.1483998305,77706.8749295522,0.152915968569536,97031,198.974155333407,546.341577045838,-0.705825388567327,92319.1375230521,0.721217184066575,0.594107426294017,High,0,Stabilize finances
Fintech,Startup,Growth,658549,448588.020768251,657303.333726444,1105891.3544947,-447342.354494695,478174.691576222,200587.734876936,-0.0396632751992091,1416,469.120873671929,2052.61255839942,-0.679284843640632,447342.354494695,1.0689233576292,0.304590447904311,High,0,Stabilize finances
Manufacturing,Growth,Profit Maximization,23398966,6845528.06559375,14880454.0763516,21725982.1419453,1672983.85805466,15584730.1249978,18419246.3028231,-0.00882659706113861,65300,53.8346283447104,103.745266947999,0.0714981960337333,0,26.0926008112108,0.787182061926289,Low,100,Improve margins
Fintech,Growth,Profit Maximization,26082257,16230954.4771567,15803744.0678284,32034698.5449851,-5952441.54498505,7472723.94970643,10475981.96669,0.290407315542648,805,96.6148945844131,450.205584958535,-0.228218038990454,5952441.54498505,1.2554048440849,0.401651665601254,High,100,Improve margins
Fintech,Startup,Growth,3305006,1761235.82204306,1733900.66636086,3495136.48840391,-190130.488403915,2598207.05026422,290724.09068782,0.356245067291024,78082,321.177324620611,1072.16096785049,-0.0575280312362261,190130.488403915,13.6653888183602,0.087964769409744,Medium,100,Stabilize finances
Manufacturing,Mature,Cost Optimization,323399653,94079775.6132315,172067254.378726,266147029.991958,57252623.0080424,443385176.071282,167545629.056435,0.138941497315995,19401,94.7884027130811,210.19966104847,0.177033656273102,0,12.0384664540442,0.518076094090412,Low,100,Cut operational inefficiencies
Fintech,Growth,Cost Optimization,14400292,5725402.89070007,11872721.2132015,17598124.1039015,-3197832.10390153,16378003.3504355,7780768.32424502,0.0408621368001648,81215,74.2876846479109,336.445924296395,-0.222067170853309,3197832.10390153,5.12159576184547,0.540320177135646,High,100,Cut operational inefficiencies
Manufacturing,Startup,Profit Maximization,2114665,1462702.08634184,1016414.97746318,2479117.06380501,-364452.063805014,1045895.00007666,996223.751858161,0.396708352553564,92020,66.2528842043014,240.490246112158,-0.172345058817834,364452.063805014,2.86977384393748,0.471102397712244,High,100,Improve margins
Manufacturing,Startup,Cost Optimization,2223657,1076841.21462844,1593868.68463687,2670709.89926531,-447052.899265311,2589757.6984087,1039360.27845651,-0.0809536442052357,30482,460.705618810343,1746.28522174886,-0.201044000610396,447052.899265311,5.79295582841476,0.467410341818235,High,100,Cut operational inefficiencies
E-commerce,Growth,Growth,18016803,8194347.7385658,15859625.7195291,24053973.4580949,-6037170.45809487,5460995.78546338,10982303.6839288,0.378439972771985,42071,324.928296246325,533.830354493925,-0.335085556416134,6037170.45809487,0.904562132768847,0.609558959152118,High,0,Stabilize finances
Healthcare,Growth,Growth,29771550,17283144.8302993,12540792.7521262,29823937.5824255,-52387.5824254528,20932891.0790311,22105727.9205283,0.0678427207399578,62047,251.078564509384,753.582411659875,-0.00175965250131259,52387.5824254528,399.577344665952,0.742511824897539,High,100,Stabilize finances
SaaS,Growth,Cost Optimization,44239875,19036698.409671,14705206.2657334,33741904.6754044,10497970.3245956,59960974.0259875,30852502.6254785,0.155488457812778,66354,150.343684133242,374.321076941492,0.2372965638939,0,22.2614616028967,0.697391270329732,Low,100,Cut operational inefficiencies
E-commerce,Mature,Profit Maximization,296069753,82997070.6943565,129870704.3708,212867775.065156,83201977.9348437,315435799.430367,100479186.863984,0.0146682859525364,23665,392.732137755183,1278.28702153778,0.281021539997852,0,33.1707764926597,0.339376737562193,Low,100,Improve margins
E-commerce,Startup,Survival,4374760,3070273.61345545,4373714.25851514,7443987.87197059,-3069227.87197059,1598211.32490794,52426.2400394415,-0.064738599300602,76487,61.4341572708102,164.365523560893,-0.701576285778097,3069227.87197059,0.520720973344286,0.0119837979773614,High,100,Reduce costs and extend runway
Fintech,Growth,Cost Optimization,19112858,11735752.4972715,13516628.4686645,25252380.965936,-6139522.96593599,27237989.2387023,86320.5559158753,-0.0329908389179387,60762,437.267851122178,2087.72637401066,-0.321224746499764,6139522.96593599,4.43649928338525,0.00451636044781347,High,100,Cut operational inefficiencies
SaaS,Growth,Cost Optimization,40374839,13517985.6569084,26999540.43526,40517526.0921684,-142687.092168436,44155218.7327419,32065287.0699934,0.26838029736605,77343,65.2426970997228,269.150215797168,-0.00353405971893623,142687.092168436,309.454892252053,0.79418984358039,High,100,Cut operational inefficiencies
SaaS,Startup,Cost Optimization,2986931,1916185.04587497,1372498.56593783,3288683.6118128,-301752.611812796,3211945.63649513,565939.878533106,0.0611609161351364,95246,199.553252006831,574.174665880395,-0.101024299460816,301752.611812796,10.6443010292411,0.189472029495528,Medium,100,Cut operational inefficiencies
SaaS,Mature,Survival,258294623,135646252.104489,96858519.3879614,232504771.492451,25789851.5075492,356342602.324012,137287397.281422,0.153442033072125,40764,58.5645141167323,109.386775051895,0.0998466449204761,0,20.6276028438531,0.531514731847213,Low,100,Reduce costs and extend runway
SaaS,Mature,Profit Maximization,118566532,59862344.0882592,67690643.8552719,127552987.943531,-8986455.94353111,176698422.524691,73088872.6727792,0.158690091726725,78801,172.300448393736,857.285727276809,-0.0757925174325847,8986455.94353111,19.6627484333117,0.616437635814289,High,100,Improve margins
Healthcare,Growth,Growth,38483914,31740820.1416882,21472146.2114547,53212966.3531428,-14729052.3531428,46675263.1839793,19366878.8192124,0.160031287592307,39919,345.887165613698,693.915590725133,-0.382732701074605,14729052.3531428,3.1689250648919,0.503246078847707,High,100,Stabilize finances
Healthcare,Startup,Cost Optimization,3720966,2142604.16483838,4068626.27383227,6211230.43867065,-2490264.43867065,5299768.17446958,1510635.85565959,0.363206939291849,3517,459.303197057407,1420.33029490059,-0.669252134706592,2490264.43867065,2.12819493872655,0.405979483730726,High,0,Cut operational inefficiencies
Fintech,Mature,Survival,58166738,19985269.604032,33252607.4017848,53237877.0058167,4928860.99418327,79894788.6535393,13682200.5947813,0.0858025496504281,51135,375.454017929621,1303.16002446391,0.0847367613116497,0,29.0670481787177,0.235223790524084,Low,100,Reduce costs and extend runway
Healthcare,Startup,Growth,3705052,1729845.23732027,2654991.10611512,4384836.34343539,-679784.343435385,415524.626140174,28398.5273234374,0.0653791436002217,87265,351.13885222046,1132.41935239303,-0.183474980495654,679784.343435385,0.611259482735748,0.00766481207913881,High,100,Stabilize finances
E-commerce,Startup,Cost Optimization,4343297,2443735.51479982,3503187.42593048,5946922.9407303,-1603625.9407303,1184643.41786888,1339416.50584609,0.0726671580734138,99459,254.34209507195,763.185908927049,-0.36921857766814,1603625.9407303,0.738728021155223,0.30838704004034,High,100,Cut operational inefficiencies
E-commerce,Mature,Survival,217324771,77743468.8820732,58530226.156196,136273695.038269,81051075.9617308,43165679.1811142,156772759.048384,-0.018183553685405,49066,69.3878972705889,142.101373429257,0.372949091761522,0,27.3876750926438,0.721375471038153,Low,100,Reduce costs and extend runway
SaaS,Growth,Survival,45515085,16399400.6797478,20549569.3391541,36948970.0189019,8566114.98109814,35233551.841478,11091546.1088813,0.289960658267898,163,474.712119046283,1278.710422935,0.188203866500483,0,29.1160503120068,0.24368945172532,Low,100,Reduce costs and extend runway
SaaS,Startup,Profit Maximization,2355691,1336372.77062792,2687195.35499395,4023568.12562186,-1667877.12562186,1414414.51708811,1574345.1912874,-0.0357296612491771,10984,189.062065679194,842.134540432439,-0.708020332726942,1667877.12562186,0.848032804911065,0.668315662490283,High,0,Improve margins
Healthcare,Mature,Profit Maximization,167328291,39526818.2853306,71094722.2840183,110621540.569349,56706750.4306512,135803810.916705,27268258.9311756,0.281594935359747,30658,337.46354071897,1541.06156030473,0.338895174819249,0,12.0231590842455,0.162962633325261,Low,100,Improve margins
Manufacturing,Growth,Cost Optimization,24062519,12283356.9870088,11069786.6761837,23353143.6631925,709375.336807534,34634284.5029346,450018.681701446,0.168957350098869,48402,105.290659524831,386.758506980812,0.0294805101995986,0,26.8716108040396,0.0187020603163553,Low,100,Cut operational inefficiencies
Healthcare,Mature,Cost Optimization,476837203,190263009.26701,290264557.427177,480527566.694187,-3690363.69418681,340147510.205696,179448516.936572,0.0393640216676899,52173,319.330885760049,1127.4478819112,-0.00773925287492051,3690363.69418681,92.1718124263765,0.376330780835848,Medium,100,Cut operational inefficiencies
Fintech,Startup,Growth,1344504,597903.707323141,1371378.84510034,1969282.55242348,-624778.552423479,1800699.18329713,150167.824236164,0.231794389498917,22601,58.7881761336136,138.677608094843,-0.464690735336956,624778.552423479,2.88213988190268,0.111690128282373,High,100,Stabilize finances
Healthcare,Startup,Growth,2203628,1635380.7877832,1214049.06685052,2849429.85463372,-645801.854633724,2661539.16699331,538456.505845609,0.362402739595824,24710,123.448984677532,194.801077941632,-0.293063010015177,645801.854633724,4.12129378058668,0.244350001835886,High,100,Stabilize finances
Fintech,Mature,Growth,349107932,112933251.941735,202219341.754791,315152593.696526,33955338.3034737,132684783.667568,131147478.603409,0.355786570068849,62494,390.04740716612,1410.06563644428,0.0972631532859978,0,17.0238789579073,0.375664562681461,Low,100,Invest in expansion
E-commerce,Growth,Survival,35132173,16576617.8697982,18310421.5232533,34887039.3930516,245133.606948435,6761669.83951763,3796932.26693177,0.231824494752019,5407,312.986581197552,733.168079328435,0.00697746783122226,0,29.6861294947909,0.108075645276248,Low,100,Reduce costs and extend runway
SaaS,Growth,Growth,32700136,12826962.4104466,23375731.3641758,36202693.7746224,-3502557.77462236,16251695.3803899,16161507.0399643,-0.0311922094759598,80298,235.020487079888,545.285432221372,-0.107111413072483,3502557.77462236,4.63995069492955,0.49423363376728,High,100,Stabilize finances
E-commerce,Mature,Cost Optimization,404302034,122556460.469776,197554747.52877,320111207.998546,84190826.0014537,265582328.69997,88613091.1946454,-0.0123661900370378,86696,484.202355565017,1177.48209447899,0.208237453491153,0,20.0631994571276,0.219175477100482,Low,100,Cut operational inefficiencies
Fintech,Mature,Growth,451603214,237069071.441326,252157190.575551,489226262.016877,-37623048.0168772,149063762.587529,7414425.79897964,0.291632099394888,72821,113.472914481606,398.506106398403,-0.0833099651431559,37623048.0168772,3.96203312715816,0.0164180093700122,High,100,Stabilize finances
E-commerce,Growth,Profit Maximization,17408200,6592363.7807605,14316835.7366209,20909199.5173814,-3500999.5173814,13870657.9512872,4630180.49002208,0.215353166045504,32170,65.7206640131717,196.858402325352,-0.201112091852196,3500999.5173814,3.96191369990873,0.265976981538705,High,100,Improve margins
Manufacturing,Mature,Cost Optimization,121752097,67106016.680252,44915377.2601709,112021393.940423,9730703.05957715,17909898.0241185,6353770.64176576,-0.0610249652845406,29752,111.359207799841,409.643928428459,0.0799222625264282,0,19.792053069443,0.0521861290139895,Low,100,Cut operational inefficiencies
Fintech,Growth,Growth,33911809,23572805.5271471,20679794.2565406,44252599.7836876,-10340790.7836876,12424782.5194008,4140924.64174036,0.07383833665725,17664,495.083289365531,1999.87814995131,-0.304931853788385,10340790.7836876,1.20153117680329,0.122108633064676,High,100,Stabilize finances
Fintech,Growth,Survival,27803175,10778204.8051079,16705821.2404037,27484026.0455116,319148.954488426,8777048.39222053,18681597.3053826,-0.0680793105054497,43158,164.491162358763,769.116172156435,0.011478867233272,0,27.2826205208632,0.671923163645253,Low,100,Reduce costs and extend runway
Fintech,Mature,Growth,268938145,145429493.807543,128136663.618446,273566157.425989,-4628012.42598891,130021765.972277,209500814.148232,0.271493751412978,99704,413.918890169335,896.599758379434,-0.0172084641469841,4628012.42598891,28.0945153133408,0.778992560345918,High,100,Stabilize finances
SaaS,Mature,Profit Maximization,293583051,49676911.7161747,112405224.738964,162082136.455138,131500914.544862,273507190.591484,202721201.711416,0.192220732070318,36816,126.718188753232,208.498743197123,0.447917255771219,0,21.9373341897315,0.690507170018529,Low,100,Improve margins
SaaS,Mature,Survival,468966727,165884522.37573,183481670.854876,349366193.230606,119600533.769394,510424967.676375,303869807.993938,0.205268713653366,44129,214.405668580247,478.743284929058,0.255029892066082,0,35.0404420326205,0.647956007322322,Low,100,Reduce costs and extend runway
Fintech,Mature,Cost Optimization,274069101,79518077.9224038,132036095.572954,211554173.495358,62514927.5046422,338359588.951656,6242466.62434265,0.245121715045847,17332,252.868735156404,494.186288760996,0.22809914461916,0,14.6346694813774,0.0227769807014569,Low,100,Cut operational inefficiencies
SaaS,Growth,Cost Optimization,5485679,2194316.59267841,2008474.45425709,4202791.0469355,1282887.9530645,6687345.69788294,3183517.83366159,0.00113043884200645,73779,290.280383861253,681.568668857995,0.233861287374726,0,16.1485137460509,0.580332504629161,Low,100,Cut operational inefficiencies
E-commerce,Startup,Cost Optimization,169064,62426.6087714926,91445.7231140154,153872.331885508,15191.668114492,134996.54527102,128354.036203237,0.370517151894772,21875,123.521655409048,526.353783894604,0.0898574984295415,0,12.1445289688418,0.759203829338219,Low,100,Cut operational inefficiencies
Healthcare,Startup,Survival,1284169,515051.051805617,747442.218752973,1262493.27055859,21675.7294414106,621397.368375653,525075.444953714,0.389616796915098,28177,469.923580197446,1507.11807431961,0.0168791875846642,0,27.0931910056245,0.408883445211428,Low,100,Reduce costs and extend runway
Manufacturing,Startup,Growth,965356,495779.474743807,476153.064876359,971932.539620166,-6576.53962016618,1046319.02255876,423587.745325895,-0.054725594854216,57720,343.369876764088,546.401567417005,-0.0068125537316453,6576.53962016618,159.098718017351,0.438789156876732,Medium,100,Stabilize finances
Healthcare,Growth,Cost Optimization,14676505,4497037.45432611,7908587.99469956,12405625.4490257,2270879.55097433,7143134.76373852,8356468.39967421,0.203133031766186,65334,183.046357329394,858.897111990747,0.154728905211039,0,29.8489478876006,0.56937727338179,Low,100,Cut operational inefficiencies
Fintech,Mature,Profit Maximization,79994608,22056116.7523582,32925236.6197111,54981353.3720692,25013254.6279308,26542177.028474,21517011.9271373,0.192942065026055,67286,174.039903609025,462.233253406241,0.31268675793662,0,21.944354602359,0.268980778393679,Low,100,Improve margins
Manufacturing,Mature,Growth,66079057,15049493.804602,29389472.8518362,44438966.6564382,21640090.3435618,76248247.2312696,2446326.54087859,-0.0247097529482886,81183,104.11329806896,201.618857770512,0.327487880820723,0,34.7487065192391,0.0370212084121993,Low,100,Invest in expansion
Fintech,Startup,Survival,2697190,2333397.55048303,2495727.42773699,4829124.97822001,-2131934.97822001,2584063.94933905,1627866.43102389,0.0160694761826664,45667,142.415547682429,462.630716631747,-0.790428178296677,2131934.97822001,1.21207446556205,0.603541623327943,High,0,Reduce costs and extend runway
Fintech,Mature,Cost Optimization,460113933,194006444.264016,135058814.113927,329065258.377943,131048674.622057,495608776.141891,195403510.44535,0.384436569341302,11010,64.8293788015871,258.074220160641,0.284817879275255,0,34.9480028279372,0.424685053919787,Low,100,Cut operational inefficiencies
Fintech,Growth,Growth,20035484,10477403.9837354,10574865.2916484,21052269.2753839,-1016785.27538386,21247758.006663,357799.650221004,-0.0729802038260488,60019,135.965964992035,504.959672417457,-0.0507492244950938,1016785.27538386,20.8969961712334,0.0178582983181741,Medium,100,Stabilize finances
Fintech,Growth,Survival,28967540,19535557.1030876,19037813.3047922,38573370.4078798,-9605830.40787982,5400985.83565557,909857.014483042,0.183194614788513,26381,137.04331625598,532.421583877449,-0.331606702118296,9605830.40787982,0.562261210777265,0.0314095368292593,High,100,Reduce costs and extend runway
Healthcare,Startup,Growth,2371463,924041.550615046,1756650.87740169,2680692.42801674,-309229.428016737,2683097.66682288,771316.450074865,-0.068652180556808,47458,487.150135270896,762.457459880353,-0.13039605847392,309229.428016737,8.67672163038007,0.325249202738927,Medium,100,Stabilize finances
E-commerce,Growth,Survival,43659958,22900886.1758571,17540279.1920846,40441165.3679417,3218792.63205833,45328973.7839515,34870487.2383115,-0.0156720203367573,33293,182.505601739353,611.502090272724,0.0737241348710947,0,32.163027837894,0.798683481058581,Low,100,Reduce costs and extend runway
Manufacturing,Growth,Growth,15057810,8065803.24954735,8336955.99911883,16402759.2486662,-1344949.24866618,5962564.83231279,8977106.46071745,0.223131688520364,44999,441.255623296122,831.004197734892,-0.0893190476348274,1344949.24866618,4.43330098754731,0.596176101353214,High,100,Stabilize finances
Fintech,Growth,Profit Maximization,26561332,12280629.2066521,19658652.4049646,31939281.6116168,-5377949.61161675,24016720.1689979,277802.200625596,0.137609171186215,64950,384.574378602395,634.830768387443,-0.202472888468724,5377949.61161675,4.46577634664336,0.0104588956843578,High,100,Improve margins
Healthcare,Startup,Profit Maximization,3685256,1946266.79699146,4399361.45660234,6345628.2535938,-2660372.2535938,3658407.42648365,904964.735961671,0.115914497982618,43050,289.019178904664,1172.57104473628,-0.721896186748979,2660372.2535938,1.37514869264692,0.245563601541296,High,0,Improve margins
SaaS,Mature,Survival,323705180,129260949.422718,89164266.1052084,218425215.527927,105279964.472073,420805446.683118,189892112.88765,0.366873817624866,47473,189.855467195779,446.297266033136,0.325234104910133,0,25.7303838252062,0.586620556667182,Low,100,Reduce costs and extend runway
SaaS,Growth,Growth,6137660,2624090.11760946,1755761.67768486,4379851.79529432,1757808.20470568,1663769.04809238,2665270.97742686,0.295278119381319,867,241.048693793071,422.412165971704,0.286397129314052,0,17.1046094584831,0.434248716518488,Low,100,Invest in expansion
Healthcare,Growth,Survival,15571886,7254207.13886783,5733806.54016001,12988013.6790278,2583872.32097216,4059862.68637375,10833960.6987821,0.199716893136735,21550,267.507798524997,737.632212920684,0.165931880118578,0,19.8124315591504,0.695738505842006,Low,100,Reduce costs and extend runway
Manufacturing,Mature,Profit Maximization,286131307,123169018.091341,91328825.8583605,214497843.949701,71633463.0502989,358759316.915071,38161472.4167907,0.188193925102349,31272,283.26121983587,917.004897361458,0.2503517136987,0,19.2106891092005,0.133370489293542,Low,100,Improve margins
E-commerce,Startup,Cost Optimization,3035118,1408194.84829081,1958971.89910452,3367166.74739533,-332048.747395331,2587604.68107556,464589.647308019,0.0283439093512903,74883,371.021634448587,1026.03500519803,-0.109402253024538,332048.747395331,7.79284578355842,0.153071362401073,Medium,100,Cut operational inefficiencies
Manufacturing,Startup,Profit Maximization,2209388,1225686.71144825,898472.765842139,2124159.47729039,85228.5227096137,1131769.01068845,1566834.9546442,0.148810032662324,96000,167.356123486005,785.45553154542,0.038575624883277,0,12.4371367423675,0.70917147854709,Low,100,Improve margins
Manufacturing,Growth,Survival,27681905,13664467.080573,12389981.5272423,26054448.6078152,1627456.39218478,37943719.2921712,21738897.4393951,0.0799047386343167,11446,278.041018110696,726.837659315685,0.0587913437382573,0,18.1605761727855,0.785310745029835,Low,100,Reduce costs and extend runway
E-commerce,Startup,Survival,3038432,1456969.94570503,1657516.1679869,3114486.11369193,-76054.113691926,3133467.21938232,2277765.78621587,0.323629155822094,41720,307.680778081627,1488.40848776645,-0.0250307111338763,76054.113691926,41.2004961634964,0.749651723723245,High,100,Reduce costs and extend runway
Fintech,Growth,Cost Optimization,26049954,18428371.7707525,13042715.6583246,31471087.429077,-5421133.42907704,29525142.857905,14446466.2630211,0.0308715860915512,84861,130.794741857375,610.437128254406,-0.208105297578531,5421133.42907704,5.44630440186965,0.554567822385447,High,100,Cut operational inefficiencies
Healthcare,Startup,Growth,2429296,1090639.66650247,1341983.12894579,2432622.79544826,-3326.79544825805,1830882.85342712,276993.759939573,0.299881350495604,22750,214.39380342418,366.165408411293,-0.00136944837033365,3326.79544825805,550.344282329047,0.114022235223527,Medium,100,Stabilize finances
E-commerce,Mature,Profit Maximization,458756126,159320248.815839,172523373.639555,331843622.455395,126912503.544605,355607212.191523,72909426.7039146,-0.0296918215588581,70063,340.656556847345,631.30675548081,0.276644814863149,0,35.3212017375852,0.158928508137054,Low,100,Improve margins
Healthcare,Growth,Profit Maximization,12992763,5097958.41210012,8969211.37689054,14067169.7889907,-1074406.78899067,12998019.8694228,6413778.63903554,0.299175857731988,84159,121.770785224045,257.708101206823,-0.082692710472027,1074406.78899067,12.0978571641692,0.493642394541911,Medium,100,Improve margins
Manufacturing,Startup,Growth,3116864,1350320.13479613,2981560.28490759,4331880.41970373,-1215016.41970373,2338478.96842318,2038303.17079093,0.26310139381955,55430,314.595436208117,1374.23105500793,-0.389820158885253,1215016.41970373,1.92464803808446,0.653959611581041,High,0,Stabilize finances
Fintech,Startup,Growth,3458511,2620688.39530346,3037777.88232224,5658466.2776257,-2199955.2776257,3614930.4629494,1551067.67529731,0.0777142652539747,56536,396.538542329217,1942.72102689657,-0.636098967915874,2199955.2776257,1.64318361364637,0.448478456566223,High,0,Stabilize finances
E-commerce,Startup,Survival,354948,234613.259565192,187659.740416504,422272.999981696,-67324.999981696,224864.200329123,212401.919355362,-0.0124010728809194,48204,168.418056530395,649.440664277164,-0.189675670750916,67324.999981696,3.33998069647617,0.598402919175095,High,100,Reduce costs and extend runway
Manufacturing,Startup,Survival,2167078,1185966.07570557,1981817.59823043,3167783.673936,-1000705.673936,1127392.67984294,1228698.23827683,-0.0486019885093155,24501,74.0741936399082,365.170280916299,-0.461776490710533,1000705.673936,1.1265976692314,0.566983854885164,High,0,Reduce costs and extend runway
Healthcare,Mature,Profit Maximization,174603548,48207086.4515118,99130789.6875398,147337876.139052,27265671.8609484,244798833.128507,87391459.9577737,-0.00801075119454561,86053,433.462505116801,1339.15619178773,0.156157604889841,0,32.9016569192142,0.500513654841502,Low,100,Improve margins
E-commerce,Startup,Profit Maximization,4003602,1831212.00640263,3946333.4830938,5777545.48949643,-1773943.48949643,3815167.25838224,1774450.91658664,0.22762741541955,7526,432.661147357792,2134.01010792605,-0.44308687264529,1773943.48949643,2.15067012053764,0.443213615286095,High,100,Improve margins
SaaS,Growth,Survival,18021242,13825357.5812609,10854620.4441085,24679978.0253694,-6658736.02536938,20158839.3663143,1086814.31673979,-0.0754750558650561,60733,465.983204322645,1914.72775188358,-0.36949373552441,6658736.02536938,3.02742732096757,0.0603074037150042,High,100,Reduce costs and extend runway
Fintech,Startup,Profit Maximization,955446,840058.251109973,621934.690549597,1461992.94165957,-506546.94165957,212936.489642935,658476.677902845,0.296506362439683,77567,55.4620985675415,257.236938666834,-0.530168048910739,506546.94165957,0.420368720311101,0.689182515707685,High,0,Improve margins
E-commerce,Growth,Profit Maximization,31587238,8676888.81858848,15546661.2459429,24223550.0645314,7363687.93546858,40604575.6868591,14429767.7593481,0.216816218633057,42385,424.049298263325,1636.78096482066,0.233122248151883,0,12.1636786800613,0.456822713000362,Low,100,Improve margins
E-commerce,Growth,Survival,9632649,4584579.26628413,6141737.98453382,10726317.2508179,-1093668.25081794,8837817.99920615,4775574.97897222,0.220017311971065,17452,53.9065441518389,110.728535328971,-0.113537641703538,1093668.25081794,8.08089472524822,0.495769645397878,Medium,100,Reduce costs and extend runway
Fintech,Growth,Survival,34342007,22694947.276431,24666381.5456508,47361328.8220819,-13019321.8220819,14841306.4004239,13657975.6265364,0.00954741135005768,75928,431.269242757234,686.509803127428,-0.379107773814205,13019321.8220819,1.13994466096167,0.39770464278737,High,100,Reduce costs and extend runway
Fintech,Startup,Profit Maximization,3808698,1859528.55956832,1850688.41926152,3710216.97882985,98481.0211701552,3830397.58896392,666640.206863881,0.279223350003788,18419,142.432848769914,373.125704587525,0.0258568731808495,0,30.9090744408781,0.175030996646067,Low,100,Improve margins
Fintech,Mature,Cost Optimization,202739252,64724254.41583,103755029.598043,168479284.013873,34259967.986127,300264779.701901,146919506.608314,0.364224918472126,95041,145.834452500645,402.549075659528,0.168985372334939,0,23.4537569954144,0.724672233713844,Low,100,Cut operational inefficiencies
E-commerce,Mature,Profit Maximization,423596222,142964715.679088,209691351.072443,352656066.751531,70940155.2484694,570704494.02653,27581894.6217695,0.133128027121748,92967,291.106517817026,1285.09176648017,0.16747117080867,0,18.6912063037834,0.0651136464143666,Low,100,Improve margins
Fintech,Growth,Growth,36477984,12133096.9682918,18001216.7471836,30134313.7154753,6343670.28452467,15582156.3333497,28092487.4950255,0.225796957056897,19020,129.970705273478,649.016129871418,0.173904081007456,0,31.7681422742499,0.770121712181942,Low,100,Invest in expansion
Fintech,Startup,Profit Maximization,1692873,1115220.27430319,1577130.20137243,2692350.47567562,-999477.475675622,1959093.72339062,24921.1960608811,-0.0321895202477021,62859,491.94064288593,2308.24466931238,-0.590403105061999,999477.475675622,1.9601179326891,0.0147212437441445,High,100,Improve margins
Healthcare,Startup,Survival,1409091,815010.641736917,1418648.28261064,2233658.92434756,-824567.92434756,1095298.64912032,509316.593976898,0.262432307670189,84469,227.060023433126,1012.69640436023,-0.585177198880384,824567.92434756,1.32833041011992,0.361450462728737,High,0,Reduce costs and extend runway
Healthcare,Growth,Growth,20637358,9631591.29797475,17543910.107343,27175501.4053177,-6538143.40531772,22960842.1233726,15466882.1361004,-0.0956036934823707,65547,256.700073025021,996.208493948011,-0.316811066868042,6538143.40531772,3.51182907745611,0.74946037841183,High,0,Stabilize finances
SaaS,Mature,Growth,75086332,27089440.9169011,23465378.7734968,50554819.690398,24531512.309602,32174181.1760444,26166564.1793447,0.387690436983706,98934,495.209756807384,1561.7418159936,0.326710756221279,0,35.2701680749104,0.348486382040138,Low,100,Invest in expansion
Manufacturing,Mature,Growth,351049574,115858455.740035,198166946.685715,314025402.42575,37024171.57425,86676915.1905064,7649258.60734612,0.0461900563576319,81185,455.958136531968,2050.96943650715,0.105467074499997,0,21.8159324498283,0.0217896820673713,Low,100,Invest in expansion
